timestamp,source,target,amount,source_bal,target_bal
0.0031244381175814222,596,705,19.60,80.40,119.60
0.0033770341824519256,727,487,20.25,79.75,120.25
0.0035145095760858833,662,129,19.53,80.47,119.53
0.004061674442334937,881,130,20.17,79.83,120.17
0.007208111690160453,548,574,20.27,79.73,120.27
0.00730996354251301,844,809,20.53,79.47,120.53
0.007369340391287786,413,609,19.76,80.24,119.76
0.007793677777613385,111,496,19.65,80.35,119.65
0.0091439551849082,562,713,19.46,80.54,119.46
0.009533845465078284,6,409,19.82,80.18,119.82
0.011612995697587846,928,618,20.39,79.61,120.39
0.012090966037688316,34,453,20.29,79.71,120.29
0.014602599367525667,937,285,20.45,79.55,120.45
0.015323963226928852,913,947,19.19,80.81,119.19
0.015536817478417297,571,84,20.53,79.47,120.53
0.016367502012176755,171,130,20.16,79.84,140.33
0.016994648327012876,909,831,20.72,79.28,120.72
0.017274256068746056,117,9,19.61,80.39,119.61
0.019479721671973652,611,861,20.50,79.50,120.50
0.021811186408117352,687,872,19.99,80.01,119.99
0.022329502225866445,369,435,19.73,80.27,119.73
0.022649251841180423,93,555,19.57,80.43,119.57
0.022706857432901177,292,439,19.40,80.60,119.40
0.02321437597864978,193,782,20.19,79.81,120.19
0.024821568136061827,863,142,20.03,79.97,120.03
0.024961736855476202,29,606,20.68,79.32,120.68
0.025654230151123805,861,341,23.85,96.65,123.85
0.025866788273421187,662,259,15.83,64.64,115.83
0.026088441979517787,184,578,19.69,80.31,119.69
0.026734115323789175,342,560,19.87,80.13,119.87
0.028431980761585613,87,391,19.95,80.05,119.95
0.0287267637161043,80,454,19.75,80.25,119.75
0.028839633101002526,812,259,19.44,80.56,135.27
0.02955083854850718,866,855,20.27,79.73,120.27
0.03179919515223667,630,79,19.13,80.87,119.13
0.03185490556601528,64,122,20.32,79.68,120.32
0.03362583754517813,866,480,15.89,63.84,115.89
0.03571131984127432,255,896,19.65,80.35,119.65
0.035765854835694874,296,477,19.81,80.19,119.81
0.036252639967128845,239,231,20.37,79.63,120.37
0.03881033326015383,845,101,20.17,79.83,120.17
0.03931888777681192,723,260,20.72,79.28,120.72
0.03989594298399799,723,377,15.06,64.22,115.06
0.04168084459401042,962,694,20.09,79.91,120.09
0.042179900951146494,540,340,19.50,80.50,119.50
0.043630679135845195,260,374,23.91,96.81,123.91
0.04537871844093284,898,998,20.27,79.73,120.27
0.05155901962178421,109,130,19.26,80.74,159.59
0.0519115813694627,856,654,20.80,79.20,120.80
0.05303732908201913,667,485,19.63,80.37,119.63
0.05373062725788729,459,634,20.67,79.33,120.67
0.05425001555701168,771,873,19.69,80.31,119.69
0.05481349779766969,851,933,19.85,80.15,119.85
0.054964735291954135,189,705,20.33,79.67,139.93
0.055496933271750835,503,971,19.36,80.64,119.36
0.055602380449935,301,440,20.08,79.92,120.08
0.05573434887392275,890,674,19.84,80.16,119.84
0.055906490966726,847,397,20.00,80.00,120.00
0.05620217675045384,672,199,19.80,80.20,119.80
0.056579227467658186,230,855,19.95,80.05,140.22
0.05953938440868296,723,425,12.79,51.43,112.79
0.06004985708644301,710,959,20.09,79.91,120.09
0.06006648073521997,828,861,19.77,80.23,116.42
0.061176010858657655,581,492,20.61,79.39,120.61
0.061455300936782566,331,787,19.71,80.29,119.71
0.062305879251183936,798,634,19.54,80.46,140.21
0.06253719968624437,185,593,20.32,79.68,120.32
0.06662625730768752,800,446,19.20,80.80,119.20
0.0704614204701552,736,539,19.93,80.07,119.93
0.0705461724366563,183,67,20.48,79.52,120.48
0.07138395625228039,719,477,20.02,79.98,139.83
0.07168474556128072,251,664,19.87,80.13,119.87
0.0723171023913221,409,580,24.01,95.81,124.01
0.07264017986268664,409,484,19.09,76.72,119.09
0.07335034490524887,985,634,20.38,79.62,160.59
0.07383736757060262,20,598,19.39,80.61,119.39
0.07395252727922823,182,344,20.47,79.53,120.47
0.07409240682863283,365,255,19.98,80.02,100.33
0.07911134045422291,640,787,19.67,80.33,139.38
0.0813627263253326,218,259,19.81,80.19,155.08
0.08176153800268579,409,259,15.31,61.41,170.39
0.08264261121928416,676,729,20.55,79.45,120.55
0.08332542636726631,843,600,20.43,79.57,120.43
0.0840161697297348,540,424,15.78,64.72,115.78
0.08529612659853697,345,655,20.37,79.63,120.37
0.0861027811389006,958,732,20.14,79.86,120.14
0.0865268105900478,566,193,20.58,79.42,100.39
0.0867645144320071,167,712,19.88,80.12,119.88
0.08752500885876348,430,504,20.11,79.89,120.11
0.08996786996367404,767,477,20.07,79.93,159.90
0.09065969466644279,52,666,19.95,80.05,119.95
0.09180608288827473,812,491,15.91,64.65,115.91
0.09217137171770609,518,102,19.91,80.09,119.91
0.0930801792100782,994,334,20.41,79.59,120.41
0.09345944095609057,819,270,21.05,78.95,121.05
0.09648414410318926,21,934,19.34,80.66,119.34
0.09778215361396625,222,622,20.32,79.68,120.32
0.09782135483401067,672,108,16.09,64.11,116.09
0.09841472175659301,384,533,20.91,79.09,120.91
0.09910570087584197,230,559,16.14,63.91,116.14
0.0992099115696,864,316,20.13,79.87,120.13
0.09988919043764183,586,442,19.41,80.59,119.41
0.10047171117028984,232,771,20.11,79.89,100.42
0.10104959943587184,713,657,24.86,94.60,124.86
0.10266090390099433,702,477,20.18,79.82,180.08
0.1027688353747277,920,210,19.10,80.90,119.10
0.10541961334291325,202,691,20.03,79.97,120.03
0.10715769717437881,428,260,19.83,80.17,116.64
0.10849877181045113,915,256,19.98,80.02,119.98
0.10941544218001144,544,710,19.97,80.03,99.88
0.1097396087882482,613,259,20.75,79.25,191.14
0.1101372803717764,590,806,20.10,79.90,120.10
0.11160789556106251,95,855,20.23,79.77,160.45
0.11395775965511121,978,129,19.75,80.25,139.28
0.11580968475970294,187,80,19.92,80.08,100.17
0.11683638583543461,872,434,23.34,96.65,123.34
0.11708638280568297,523,705,20.54,79.46,160.47
0.11734907857675324,823,74,20.05,79.95,120.05
0.11737182695150908,553,293,19.72,80.28,119.72
0.11816525141762593,424,108,22.82,92.96,138.91
0.11823791280642078,452,241,20.43,79.57,120.43
0.11937304698233514,708,838,20.35,79.65,120.35
0.11965822063964977,223,267,20.03,79.97,120.03
0.12030724974453147,360,855,19.85,80.15,180.30
0.12323203860685089,386,235,20.27,79.73,120.27
0.12397232781948445,540,849,12.96,51.76,112.96
0.12422240250175187,774,446,19.14,80.86,138.34
0.1256220110896093,285,248,24.55,95.90,124.55
0.1261048635450755,241,256,23.89,96.54,143.87
0.1266072001946928,986,708,19.81,80.19,99.46
0.12681149197633057,95,855,16.17,63.60,196.47
0.12734380459833858,698,861,20.00,80.00,136.42
0.12785652065080966,539,308,23.68,96.25,123.68
0.12839342565935613,966,259,20.16,79.84,211.30
0.1296280249078012,854,594,20.40,79.60,120.40
0.13008473324225278,980,497,19.92,80.08,119.92
0.13280402731857296,157,855,19.73,80.27,216.20
0.13281567283395615,117,130,16.61,63.78,176.20
0.13366596920066737,553,114,16.44,63.84,116.44
0.1341783656273088,762,736,19.44,80.56,99.51
0.1368945285532521,51,855,19.88,80.12,236.08
0.1433669653567294,48,446,19.74,80.26,158.08
0.14466705350834796,143,634,20.03,79.97,180.62
0.14515778718025457,611,699,16.11,63.39,116.11
0.14605286617112878,856,945,16.22,62.98,116.22
0.14620105522004567,620,502,20.38,79.62,120.38
0.1487813086011187,622,344,23.69,96.63,144.16
0.14942302914952688,867,17,21.08,78.92,121.08
0.15061646287683894,446,339,30.73,127.35,130.73
0.15093874689128203,934,130,24.05,95.29,200.25
0.15200046683677543,451,638,20.76,79.24,120.76
0.15212999517827194,277,501,20.48,79.52,120.48
0.1529607450858796,218,855,15.86,64.33,251.94
0.15454970003388033,883,988,20.22,79.78,120.22
0.1554467557283749,459,626,15.39,63.94,115.39
0.15790204067996289,713,696,18.38,76.22,118.38
0.15923546519494336,830,713,19.94,80.06,96.16
0.16046620508578655,538,563,20.17,79.83,120.17
0.1605643463739529,385,446,20.16,79.84,147.51
0.16176430873403141,200,389,19.93,80.07,119.93
0.16222678113211925,91,211,19.50,80.50,119.50
0.16232193084058064,258,517,20.15,79.85,120.15
0.16306574402184948,865,486,19.95,80.05,119.95
0.16510429503902296,430,411,16.13,63.76,116.13
0.16522613944085976,259,950,42.12,169.18,142.12
0.16681917207853186,60,571,19.53,80.47,99.00
0.16687985584946177,581,870,15.69,63.70,115.69
0.16691785693465033,734,944,20.24,79.76,120.24
0.16731818941694707,826,955,19.73,80.27,119.73
0.16894549123329508,11,20,20.51,79.49,101.12
0.1691446930144809,542,675,19.71,80.29,119.71
0.16963147104883555,327,303,20.41,79.59,120.41
0.16970466419042585,814,941,20.32,79.68,120.32
0.16999637595458517,973,643,19.79,80.21,119.79
0.17009146202510245,20,903,20.45,80.67,120.45
0.17356101728311243,838,323,25.32,95.03,125.32
0.17657254639290904,743,970,19.76,80.24,119.76
0.17684623375817307,433,108,19.66,80.34,158.57
0.1782227281870969,428,681,16.05,64.12,116.05
0.17874283909209102,786,259,19.44,80.56,188.62
0.17897627600115001,667,343,16.41,63.96,116.41
0.1829892597132642,397,333,22.85,97.15,122.85
0.1830668898882541,862,945,19.66,80.34,135.88
0.18406723316664042,381,717,21.09,78.91,121.09
0.18473338975827985,895,168,19.72,80.28,119.72
0.18676183481037675,617,768,19.22,80.78,119.22
0.18727974072020898,393,259,20.56,79.44,209.18
0.18733801392388366,76,852,19.73,80.27,119.73
0.18967027340658754,676,452,16.26,63.19,95.83
0.18991736344681892,910,618,19.93,80.07,140.32
0.19090040549032636,545,532,19.29,80.71,119.29
0.19354387828697955,888,43,19.45,80.55,119.45
0.19406358295231932,942,701,19.85,80.15,119.85
0.1962053762122891,234,833,20.02,79.98,120.02
0.2003651708446534,382,777,20.22,79.78,120.22
0.20570622602679087,830,311,15.84,64.22,115.84
0.20936522011096684,404,108,20.41,79.59,178.98
0.20961867363807263,286,743,20.03,79.97,100.27
0.21100726043195706,45,560,20.41,79.59,140.28
0.21118961199257325,499,675,19.29,80.71,139.00
0.2115805036410311,714,205,19.95,80.05,119.95
0.21225742499308828,576,517,20.22,79.78,140.37
0.21292746531572393,341,560,24.62,99.23,164.90
0.2146572426457411,613,723,16.41,62.84,67.84
0.21623581131472297,540,446,9.90,41.86,157.41
0.21705073532381156,931,837,19.79,80.21,119.79
0.2181573894058435,876,855,19.61,80.39,271.55
0.22153050911075883,208,269,20.08,79.92,120.08
0.22172473112159913,409,862,12.02,49.39,92.36
0.22173056348111644,981,374,19.77,80.23,143.68
0.22284245012838386,734,130,16.17,63.59,216.42
0.22960808053927148,645,744,19.17,80.83,119.17
0.23086869023691547,705,804,32.42,128.05,132.42
0.2322718196517558,723,130,13.88,53.96,230.30
0.23251384740362363,138,371,19.68,80.32,119.68
0.2343535864197892,624,631,19.97,80.03,119.97
0.2347376484858064,569,799,19.88,80.12,119.88
0.23641595219159692,409,578,9.83,39.56,129.52
0.23746728455170055,451,847,15.69,63.55,95.69
0.23869306172102958,938,225,20.79,79.21,120.79
0.23945205922127738,245,560,20.15,79.85,185.05
0.24026008664845533,812,179,13.01,51.64,113.01
0.24038991744008156,43,190,23.63,95.82,123.63
0.24039123349564667,409,560,7.93,31.63,192.98
0.24088090674680604,215,314,19.94,80.06,119.94
0.2413832547489132,667,614,12.53,51.43,112.53
0.2437065847411175,320,374,19.93,80.07,163.61
0.2442675089850819,462,657,19.67,80.33,144.53
0.24474914203598436,359,85,19.75,80.25,119.75
0.24533884361082903,832,757,20.13,79.87,120.13
0.24620243016381546,913,493,16.22,64.59,116.22
0.24694788179723093,482,785,19.34,80.66,119.34
0.2478284857611306,44,344,20.11,79.89,164.27
0.24848624690229668,596,855,15.49,64.91,287.04
0.2485456875917148,812,22,9.95,41.69,109.95
0.2500667884506652,190,284,24.85,98.78,124.85
0.251258271660974,404,108,16.51,63.08,195.49
0.2566968454922529,641,758,20.01,79.99,120.01
0.25859833581489317,673,579,19.64,80.36,119.64
0.258973021971479,914,248,20.42,79.58,144.97
0.26000505081602776,799,631,23.05,96.83,143.02
0.2605107579752099,20,161,16.23,64.44,116.23
0.26062260130193693,985,48,15.73,63.89,95.99
0.2610190490922407,891,629,19.80,80.20,119.80
0.26135140432290455,409,108,6.62,25.01,202.11
0.2618927643722361,591,768,19.42,80.58,138.64
0.26265666927350995,197,119,20.02,79.98,120.02
0.26317725739567255,468,486,20.93,79.07,140.88
0.26395477693530844,850,79,19.42,80.58,138.55
0.2648381474914854,99,853,20.17,79.83,120.17
0.2650078340875339,742,719,19.96,80.04,99.94
0.2653726892310677,905,637,20.23,79.77,120.23
0.26560899107114583,387,130,19.72,80.28,250.02
0.2667731873013127,735,492,20.41,79.59,141.02
0.2677267412553313,939,606,20.26,79.74,140.94
0.2686239600576979,710,683,19.85,80.03,119.85
0.268889084237473,72,743,20.02,79.98,120.29
0.27294712935029086,543,705,20.56,79.44,148.61
0.2736945841851542,169,374,20.87,79.13,184.48
0.2753151711084588,456,848,20.00,80.00,120.00
0.2768821040179818,998,987,23.64,96.63,123.64
0.27696977096910835,723,560,10.39,43.57,203.37
0.282256333546861,223,330,16.78,63.19,116.78
0.2830274337390802,809,344,24.14,96.39,188.41
0.28409742456988507,304,766,20.73,79.27,120.73
0.28473031096060925,372,902,19.45,80.55,119.45
0.2850144404549339,77,694,20.27,79.73,140.36
0.2852882558771873,991,873,19.53,80.47,139.22
0.286732726983389,599,130,19.74,80.26,269.76
0.28760347094169814,451,200,12.58,50.97,92.65
0.2887146545967577,771,22,20.12,80.30,130.07
0.2889678729809927,251,263,16.07,64.06,116.07
0.2892702172959286,18,435,19.79,80.21,139.52
0.2895619006424471,609,861,24.38,95.38,160.80
0.2913499742997474,341,985,20.23,79.00,84.12
0.2913988060932872,651,686,20.25,79.75,120.25
0.29151345638877446,123,265,19.84,80.16,119.84
0.292998381156044,587,13,20.17,79.83,120.17
0.29633513387994265,30,578,19.69,80.31,149.21
0.2966804430849278,404,719,12.41,50.67,112.35
0.29697211047256483,96,560,20.55,79.45,223.92
0.2976740235952267,654,618,24.58,96.22,164.90
0.29845886465990906,666,108,24.55,95.40,226.66
0.3005219638319948,608,757,19.75,80.25,139.88
0.30269364245425234,125,855,19.81,80.19,306.85
0.3049069258708221,884,674,19.97,80.03,139.81
0.30696624079193163,710,642,16.67,63.36,116.67
0.30807334822842947,501,766,24.61,95.87,145.34
0.30989277965188766,501,527,18.65,77.22,118.65
0.3100257368143205,180,815,19.69,80.31,119.69
0.3102691963475745,182,771,16.29,63.24,96.59
0.3103685928711924,294,666,19.66,80.34,115.06
0.31305240865950384,515,940,19.51,80.49,119.51
0.31486722034472914,877,718,19.97,80.03,119.97
0.31509786191884576,429,56,20.17,79.83,120.17
0.31522813323490906,176,182,20.29,79.71,83.53
0.31554045338887254,746,927,20.03,79.97,120.03
0.31670367461524757,822,831,20.23,79.77,140.95
0.3180931938222099,541,130,19.25,80.75,289.01
0.31881952299745764,586,399,15.69,64.90,115.69
0.3194131209556713,847,130,19.97,75.72,308.98
0.3200478188777615,598,842,24.27,95.12,124.27
0.3204206698802792,981,130,16.62,63.61,325.60
0.3214842840369068,296,703,15.87,64.32,115.87
0.3221135002137332,658,853,19.99,80.01,140.16
0.3221359186674405,713,916,19.63,76.53,119.63
0.3222180860808875,533,378,24.33,96.58,124.33
0.32241009987880065,122,25,23.58,96.74,123.58
0.3224500850151997,837,226,22.98,96.81,122.98
0.32478975475505095,370,129,19.48,80.52,158.76
0.32506736056586916,981,82,13.11,50.50,113.11
0.32606874487661974,913,263,13.03,51.56,129.10
0.32628176539915155,361,855,19.22,80.78,326.07
0.3282154617107155,376,873,21.00,79.00,160.22
0.33082243839070463,846,923,20.42,79.58,120.42
0.3312999610105337,771,443,19.62,76.97,119.62
0.33343651118075274,311,686,23.12,92.72,143.37
0.3345316431273354,710,578,12.46,50.90,161.67
0.33780301868230234,914,860,16.30,63.28,116.30
0.34088441037699374,752,861,20.21,79.79,181.01
0.34479135498727426,232,861,16.20,63.69,197.21
0.34868277806697506,913,560,10.33,41.23,234.25
0.349704684235598,899,228,20.50,79.50,120.50
0.3502990939786383,344,130,37.63,150.78,363.23
0.35066937280464516,800,391,16.32,64.48,136.27
0.35235683492064274,602,777,19.43,80.57,139.65
0.3531205140234966,857,663,19.78,80.22,119.78
0.3534670297551488,872,790,19.03,77.62,119.03
0.3535446731521603,702,560,16.00,63.82,250.25
0.35363245008568245,733,904,19.99,80.01,119.99
0.3555931107225397,271,752,20.36,79.64,100.15
0.35654360163952864,530,682,19.27,80.73,119.27
0.3567364958854564,571,246,19.18,79.82,119.18
0.3573163972829154,330,500,23.04,93.74,123.04
0.35782897685427756,706,814,20.15,79.85,99.83
0.3586354451758043,871,75,19.96,80.04,119.96
0.360367634615563,218,578,13.01,51.32,174.68
0.36195397685001496,165,185,20.06,79.94,99.74
0.36331683500781986,105,383,19.79,80.21,119.79
0.3652706607552626,459,590,12.99,50.95,92.89
0.36564140271290385,31,365,20.20,79.80,100.22
0.36574594467305077,622,855,19.33,77.30,345.40
0.36607814637170893,116,875,19.90,80.10,119.90
0.36722491207217844,612,171,20.60,79.40,100.44
0.36765311414972374,248,810,28.56,116.41,128.56
0.36823106060206634,60,749,16.03,64.44,116.03
0.3683605309062267,191,941,19.95,80.05,140.27
0.3686495869429697,456,871,16.24,63.76,96.28
0.369105325655641,517,698,27.73,112.64,107.73
0.36949171321048957,336,537,20.30,79.70,120.30
0.3705682613842681,904,851,24.20,95.79,104.35
0.37088304608367895,155,505,19.93,80.07,119.93
0.37149269718416195,588,965,20.31,79.69,120.31
0.37156257667697573,590,953,18.33,74.56,118.33
0.3722058793979274,998,827,19.20,77.43,119.20
0.37334430756516646,786,855,16.27,64.29,361.67
0.374728703799429,617,130,16.15,64.63,379.38
0.3749019052976468,183,130,16.30,63.22,395.68
0.3749671297899127,317,439,19.87,80.13,139.27
0.3763646015422955,713,399,15.68,60.85,131.37
0.37777010260664545,540,249,8.66,33.20,108.66
0.3779898782833663,748,384,20.14,79.86,99.23
0.3798871148140104,656,654,19.98,80.02,116.20
0.38214996965691067,714,606,15.79,64.26,156.73
0.38314214365284116,595,81,19.64,80.36,119.64
0.3842877255737326,734,947,12.85,50.74,132.04
0.38478855533983725,177,396,19.79,80.21,119.79
0.38524167424779354,719,964,22.73,89.62,122.73
0.3864224216363519,117,504,12.59,51.19,132.70
0.3864652004143607,352,55,19.66,80.34,119.66
0.3868700176307188,942,468,16.17,63.98,95.24
0.3897681727630811,813,207,20.80,79.20,120.80
0.3904316652703405,15,5,19.98,80.02,119.98
0.39313392319746837,4,430,20.23,79.77,83.99
0.393266451798148,180,243,16.45,63.86,116.45
0.3933383773915454,694,309,28.05,112.31,128.05
0.3939703178751419,837,305,19.42,77.39,119.42
0.3942975758003341,667,283,10.02,41.41,110.02
0.39486779791961274,884,578,15.85,64.18,190.53
0.39614702917878797,261,22,19.01,80.99,149.08
0.39746862479352657,860,863,24.22,92.08,104.19
0.3983297598602382,905,134,16.05,63.72,116.05
0.3985792418278352,707,962,20.56,79.44,100.47
0.39883600888561965,225,83,24.19,96.60,124.19
0.4001050042596151,841,276,20.74,79.26,120.74
0.4002928279021609,729,634,24.29,96.26,204.91
0.4005390887581557,470,641,20.01,79.99,100.00
0.40306169899100636,913,165,7.82,33.41,87.76
0.4051012691849633,620,228,15.74,63.88,136.24
0.4066231558386831,389,429,23.58,96.35,103.41
0.4097354619494129,528,419,20.19,79.81,120.19
0.4116328378301552,329,643,20.10,79.90,139.89
0.41220540386539267,231,458,24.77,95.60,124.77
0.4145614007629624,675,704,27.52,111.48,127.52
0.4155774636556684,604,851,20.20,79.80,124.55
0.41621235410090884,513,168,20.36,79.64,140.08
0.41669820544351743,942,971,12.84,51.14,132.20
0.4173533495349766,456,920,12.36,51.40,93.26
0.41737766552209393,998,144,15.22,62.21,115.22
0.41889579015962497,22,855,30.36,118.72,392.03
0.4189642337609597,980,634,16.41,63.67,221.32
0.41898101586533215,64,446,16.14,63.54,173.55
0.4196214660189189,998,477,12.97,49.24,193.05
0.420487216199165,335,861,19.74,80.26,216.95
0.42365138525168666,411,560,22.66,93.47,272.91
0.42396799888914005,82,259,22.76,90.35,231.94
0.4244913681293131,490,81,19.75,80.25,139.39
0.42722697855648434,218,108,9.91,41.41,236.57
0.4275544156412589,616,421,19.11,80.89,119.11
0.4275880241702848,2,130,19.86,80.14,415.54
0.4307021437835662,232,501,12.83,50.86,90.05
0.43169613105948,574,248,24.25,96.02,140.66
0.4321784100433335,706,430,16.22,63.63,100.21
0.4322792826873808,991,319,16.36,64.11,116.36
0.43235043211288077,584,811,20.08,79.92,120.08
0.43312317785027016,257,108,20.53,79.47,257.10
0.4335745412020132,747,600,20.17,79.83,140.60
0.43402266568801534,738,420,19.78,80.22,119.78
0.43498152481939145,295,560,20.22,79.78,293.13
0.43778943912243606,616,916,16.30,64.59,135.93
0.43808301289328216,261,772,16.04,64.95,116.04
0.438953269533284,942,151,10.52,40.62,110.52
0.43934934961189415,966,187,16.10,63.74,96.18
0.4398648487147138,6,805,16.56,63.62,116.56
0.44041681944589783,117,585,10.26,40.93,110.26
0.4427237502600039,644,477,19.84,80.16,212.89
0.4436199192404534,294,47,16.12,64.22,116.12
0.4439865724802018,914,63,12.84,50.44,112.84
0.44547255757378884,156,820,19.34,80.66,119.34
0.44560755293513166,9,174,24.52,95.09,124.52
0.4464411672329565,614,84,22.60,89.93,143.13
0.4498908924941038,585,854,22.66,87.60,102.26
0.4526540320086174,29,992,16.25,63.07,116.25
0.45513443173775936,197,759,15.48,64.50,115.48
0.4570792193295179,419,415,24.56,95.63,124.56
0.45735947597345405,86,402,19.99,80.01,119.99
0.458881487552821,667,839,8.17,33.24,108.17
0.4588874083156071,384,843,20.02,79.21,99.59
0.45901419573807606,610,448,20.21,79.79,120.21
0.4611236046000124,170,352,19.50,80.50,99.84
0.461595777933305,642,919,23.63,93.04,123.63
0.4617509262619551,308,22,25.11,98.57,143.83
0.4622051978287413,461,532,19.22,80.78,138.51
0.46342321151671506,502,108,24.50,95.88,281.60
0.4641794488732937,919,720,24.62,99.01,124.62
0.4649824560622689,998,872,10.23,39.01,87.85
0.46552808926600087,831,478,27.87,113.08,127.87
0.4655567598126316,459,872,9.92,41.03,97.77
0.46703425668507476,36,519,19.35,80.65,119.35
0.46854782207023915,802,648,20.48,79.52,120.48
0.4687785535036696,22,896,28.56,115.27,148.21
0.4719484960407897,321,562,20.33,79.67,100.87
0.4744149437587216,711,708,20.39,79.61,119.85
0.478495709233952,143,14,16.06,63.91,116.06
0.47862046126716096,653,954,19.54,80.46,119.54
0.4791987927921481,964,873,25.23,97.50,185.45
0.4813358755996653,413,384,16.03,64.21,95.24
0.48156626730014546,812,560,8.07,33.62,301.20
0.48175973067895694,642,377,18.23,74.81,133.29
0.4821898674209675,584,710,15.93,63.99,66.83
0.48243536268377635,315,114,19.00,81.00,135.44
0.4825818889856804,431,501,20.11,79.89,110.16
0.4832537517961646,585,694,17.68,69.92,129.99
0.4869586951657817,759,105,23.19,92.29,103.40
0.4870724528968718,812,108,6.61,27.01,288.21
0.48934650719096495,245,854,16.67,63.18,118.93
0.49022104336018685,749,758,23.23,92.80,143.24
0.4905070404504256,350,658,19.91,80.09,99.92
0.49083882411124896,420,14,23.74,96.04,139.80
0.4913260830000775,52,579,15.56,64.49,135.20
0.4917612267124253,191,187,16.31,63.74,112.49
0.4926891883494833,598,701,18.99,76.13,138.84
0.49304954096696846,404,887,9.93,40.74,109.93
0.493276490787204,136,609,20.27,79.73,115.65
0.4938115463341381,6,130,12.88,50.74,428.42
0.4944310504392655,430,560,19.70,80.51,320.90
0.4966182769688741,980,711,12.44,51.23,92.05
0.4988095861876826,229,843,20.37,79.63,119.96
0.4989892255852663,647,886,20.34,79.66,120.34
0.4991635435137133,719,922,17.88,71.74,117.88
0.49967734239500994,748,872,15.84,64.02,113.61
0.5009718610503472,536,414,20.45,79.55,120.45
0.5023195339081692,356,270,19.50,80.50,140.55
0.5026515380462968,994,255,16.17,63.42,116.50
0.502931505427213,165,610,18.08,69.68,97.87
0.5052861580575347,381,585,15.33,63.58,85.25
0.505361813837353,23,486,20.55,79.45,161.43
0.5057251360481654,409,894,5.23,19.78,105.23
0.5062900169397565,404,712,8.57,32.17,128.45
0.5081702986913696,4,390,15.90,63.87,115.90
0.5082652750866569,263,419,25.09,104.01,120.72
0.5093041926230626,234,862,16.15,63.83,108.51
0.5097420950988647,956,654,20.06,79.94,136.26
0.5105125042114228,809,151,19.10,77.29,129.62
0.5120536264602094,604,346,16.42,63.38,116.42
0.512338713867053,742,865,16.04,64.00,96.09
0.5133809294916526,404,292,6.51,25.66,87.11
0.5135627223964472,934,743,18.92,76.37,139.21
0.5135814854798418,936,202,19.80,80.20,99.77
0.5141827936682474,115,606,19.90,80.10,176.63
0.5150075448583269,37,248,19.42,80.58,160.08
0.5150245061386454,607,129,19.94,80.06,178.70
0.51559361566135,369,624,16.13,64.14,96.16
0.5159971025367481,861,799,42.82,174.13,139.65
0.5165251397496683,114,633,27.73,107.71,127.73
0.518179246339652,993,187,19.68,80.32,132.17
0.5200584304044453,741,130,20.71,79.29,449.13
0.5216662146323556,633,862,25.02,102.71,133.53
0.52204858496263,44,51,16.24,63.65,96.36
0.5221679038718016,404,865,4.81,20.85,100.90
0.522194234556392,889,560,19.90,80.10,340.80
0.5228870629753444,348,130,19.70,80.30,468.83
0.5236315157720688,590,439,15.00,59.56,154.27
0.5245416571622742,419,634,23.34,97.38,244.66
0.5246267237078477,177,130,16.12,64.09,484.95
0.5249649963455744,373,259,20.07,79.93,252.01
0.5252303762929506,305,411,24.13,95.29,117.60
0.5264909675067319,849,458,22.10,90.86,146.87
0.5265104053328069,688,963,20.12,79.88,120.12
0.5271283087108158,344,560,29.96,120.82,370.76
0.5300195411791726,765,149,20.48,79.52,120.48
0.531105468920209,561,473,19.99,80.01,119.99
0.5326778719471758,170,453,16.24,64.26,136.53
0.5345420841971351,624,144,19.09,77.07,134.31
0.5347486993600976,713,766,11.55,49.30,156.89
0.5353636847371209,913,537,6.49,26.92,126.79
0.5354667808122298,624,270,15.17,61.90,155.72
0.5367123999708736,440,398,23.75,96.33,123.75
0.5378761438077053,695,431,21.01,78.99,100.90
0.538577098434573,865,108,20.48,80.42,308.69
0.5396870922534529,667,558,6.75,26.49,106.75
0.5402953178643223,232,108,10.14,40.72,318.83
0.5417311006928504,941,130,28.37,111.90,513.32
0.5417360646180496,345,108,15.22,64.41,334.05
0.5434633465567783,225,766,18.85,77.75,175.74
0.5438273953509442,598,560,15.62,60.51,386.38
0.5442045192022973,715,733,19.80,80.20,99.81
0.5466592148898364,672,334,13.15,50.96,133.56
0.5474220380622469,810,787,25.21,103.35,164.59
0.5488482475976676,261,794,12.70,52.25,112.70
0.5493146924709362,346,631,23.29,93.13,166.31
0.5507050817065364,874,418,20.63,79.37,120.63
0.551927611532409,505,701,24.04,95.89,162.88
0.5541293432810925,895,560,15.78,64.50,402.16
0.5551734513272514,31,874,16.83,62.97,96.20
0.5554868213786167,673,716,15.24,65.12,115.24
0.555765122100439,697,45,19.87,80.13,99.46
0.5569626078789313,575,362,20.16,79.84,120.16
0.5574491792214766,484,2,24.01,95.08,104.15
0.5579149215418983,462,130,16.12,64.21,529.44
0.5586277789015639,325,699,19.37,80.63,135.48
0.5628814292866221,809,618,15.48,61.81,180.38
0.5637440672796711,325,116,15.88,64.75,95.98
0.5638574222697585,667,108,5.46,21.03,339.51
0.5641510447880862,588,814,15.25,64.44,115.08
0.5675509309143814,82,922,17.61,72.74,135.49
0.5677110228991652,446,477,34.99,138.56,247.88
0.5692421246390321,716,758,23.30,91.94,166.54
0.5695974644682381,48,855,19.86,76.13,411.89
0.5701426608683965,765,909,16.59,62.93,95.87
0.5710159821370953,160,22,19.86,80.14,135.13
0.5729550724287468,524,814,20.53,79.47,135.61
0.5732029020468318,926,364,19.90,80.10,119.90
0.573659430157528,241,872,18.70,77.84,132.31
0.5737473287262111,611,988,12.78,50.61,133.00
0.5742389689470893,910,847,16.13,63.94,91.85
0.5761885625189583,478,766,25.71,102.16,201.45
0.5782541491715499,413,850,12.91,51.30,93.49
0.5800208691291564,893,578,19.41,80.59,209.94
0.5811813555366075,877,536,15.71,64.32,95.26
0.5826489635449944,48,147,15.11,61.02,115.11
0.5830804684360404,201,22,20.16,79.84,155.29
0.5854339161129992,914,882,9.99,40.45,109.99
0.5854698792475586,371,142,24.53,95.15,144.56
0.5860895900286862,356,129,16.79,63.71,195.49
0.586848750043812,280,130,20.20,79.80,549.64
0.5871948656860196,809,108,12.49,49.32,352.00
0.5876577487760616,300,741,19.87,80.13,99.16
0.5892349292435359,223,390,12.21,50.98,128.11
0.5895262953109384,719,249,13.70,58.04,122.36
0.590007448173911,613,305,12.34,50.50,107.63
0.5904348537781994,172,524,20.16,79.84,99.63
0.5905738388971177,22,259,31.01,124.28,283.02
0.5918281389393523,145,712,19.82,80.18,148.27
0.5919165810948626,200,227,18.61,74.04,118.61
0.5925056511881497,936,176,16.18,64.02,95.89
0.5949387177373748,502,282,19.36,76.52,119.36
0.5960583766356481,379,930,20.28,79.72,120.28
0.596446042666898,404,972,4.17,16.68,104.17
0.5964547196482981,305,688,22.24,85.39,102.12
0.5991543681403902,503,79,16.63,64.01,155.18
0.6022634368204778,515,430,16.35,64.14,96.86
0.6026731586593734,232,622,7.96,32.76,85.26
0.6029217578329455,417,267,20.11,79.89,140.14
0.6029281803743327,518,855,16.19,63.90,428.08
0.6042881425916592,598,855,12.33,48.18,440.41
0.6058522258573108,733,445,19.03,80.78,119.03
0.6080703259926377,458,302,29.45,117.42,129.45
0.6090494372692422,841,822,16.04,63.22,95.81
0.6103249536925245,159,559,20.21,79.79,136.35
0.6104846900828615,295,855,16.24,63.54,456.65
0.6114863245767608,387,977,16.05,64.23,116.05
0.612657139203347,452,749,19.56,76.27,112.36
0.6137992099073072,874,845,18.07,78.13,97.90
0.6149552437840426,558,618,21.19,85.56,201.57
0.6190535216678497,755,240,19.43,80.57,119.43
0.6221541961460295,320,404,15.90,64.17,32.58
0.6221754162643844,882,225,22.43,87.56,100.18
0.6236393484498401,409,873,4.24,15.54,189.69
0.6248483658941428,806,143,23.96,96.14,87.87
0.6249158317808116,817,323,19.97,80.03,145.29
0.6258620079945728,529,259,20.14,79.86,303.16
0.6260704152478502,988,578,26.87,106.13,236.81
0.626157698775394,652,821,20.45,79.55,120.45
0.6264242399733939,11,108,15.64,63.85,367.64
0.6274379788626862,272,855,19.93,80.07,476.58
0.6279384212170254,923,111,24.00,96.42,104.35
0.6282212072391445,824,540,19.89,80.11,53.09
0.6286690042483458,788,259,19.79,80.21,322.95
0.6295523862620576,209,569,20.07,79.93,100.19
0.6312761357407272,907,331,20.81,79.19,101.10
0.6313629470902908,331,638,20.26,80.84,141.02
0.6323504034883536,222,120,16.08,63.60,116.08
0.6327954445697807,948,438,20.07,79.93,120.07
0.6334520312286174,471,668,19.21,80.79,119.21
0.6336986336480976,627,909,19.96,80.04,115.83
0.6399331010351538,266,890,19.76,80.24,99.92
0.6404463991619965,171,105,20.22,80.22,123.62
0.6409295841640861,413,744,9.78,41.52,128.95
0.6409786037533869,419,344,20.02,77.36,140.84
0.6423167046209652,258,402,16.31,63.54,136.30
0.6445388328375125,863,855,21.15,83.04,497.73
0.6467281459780695,321,889,15.35,64.32,95.45
0.6479017654680559,598,587,9.69,38.49,89.52
0.6491391071899412,904,578,19.06,76.73,255.87
0.6501582391419426,307,130,19.76,80.24,569.40
0.6518485937581334,325,284,12.95,51.80,137.80
0.6522014169673214,389,936,19.07,77.28,83.09
0.6522151553406232,994,700,12.20,51.22,112.20
0.6552944994663834,329,667,16.01,63.89,37.04
0.655917255869252,206,982,20.04,79.96,120.04
0.6563258751856492,639,560,20.41,79.59,422.57
0.6563410333371626,2,560,20.64,83.51,443.21
0.6579122000822469,719,862,11.79,46.25,145.32
0.6617995842255113,91,337,16.34,64.16,116.34
0.6628850192614509,147,108,23.21,91.90,390.85
0.6629764058350948,89,305,20.16,79.84,105.55
0.6630384819460977,673,130,12.69,52.43,582.09
0.6640443008562568,466,654,20.11,79.89,156.37
0.6661442548899934,602,410,16.35,64.22,116.35
0.6680691332366573,610,207,19.53,78.34,140.33
0.6693458199724829,943,855,20.34,79.66,518.07
0.6694864968051109,830,841,12.62,51.60,75.84
0.6713705630144505,998,380,7.59,31.42,107.59
0.6714477570073041,666,350,22.80,92.26,102.89
0.6716277724734767,551,84,19.82,80.18,162.95
0.6727765465372125,0,618,19.57,80.43,221.14
0.6735119111187267,884,635,12.72,51.46,112.72
0.6737627012170538,269,84,23.98,96.10,186.93
0.674144762913024,576,144,16.18,63.60,150.49
0.6747993162170935,910,480,12.81,51.13,128.70
0.674853159165465,404,562,6.32,26.26,107.19
0.6761057274429891,404,578,5.06,21.20,260.93
0.6763481975078446,579,855,26.52,108.68,544.59
0.6767096504164262,79,255,31.52,123.66,148.02
0.6769898448214631,624,228,11.95,49.95,148.19
0.677636921898453,664,142,23.33,96.54,167.89
0.6786936615535615,168,452,27.99,112.09,104.26
0.6786949392290857,406,501,19.92,80.08,130.08
0.6797571423575788,321,560,12.70,51.62,455.91
0.680544783788682,651,74,15.98,63.77,136.03
0.6805978091794349,837,560,15.21,62.18,471.12
0.681045413171434,624,21,10.17,39.78,90.83
0.6815963915073312,465,334,20.05,79.95,153.61
0.6817232809553291,456,411,10.28,41.12,127.88
0.682846221817291,296,311,12.84,51.48,105.56
0.6831272129649103,510,857,20.62,79.38,100.84
0.6836624271717369,202,862,20.13,79.64,165.45
0.6848583165315476,476,698,20.39,79.61,128.12
0.6857867204140256,921,287,19.70,80.30,119.70
0.6858553459491022,651,100,12.87,50.90,112.87
0.6867752442443333,249,578,25.68,96.68,286.61
0.6878808005183454,244,873,19.53,80.47,209.22
0.6889799040182911,540,620,10.61,42.48,74.49
0.6894666176814971,465,872,15.76,64.19,148.07
0.6913107616345019,255,167,29.35,118.67,109.47
0.6917852189251671,546,888,20.27,79.73,100.82
0.6943239231605568,849,210,18.06,72.80,137.16
0.6945768722053532,320,495,12.60,51.57,112.60
0.6948337008941964,551,130,16.42,63.76,598.51
0.6979043552106241,176,299,18.95,76.94,118.95
0.6979875697922269,404,563,4.08,17.12,124.25
0.6986310563337157,606,301,35.82,140.81,115.74
0.698818933989444,930,130,23.55,96.73,622.06
0.6990533820851407,623,855,20.06,79.94,564.65
0.7002079164081356,185,344,19.89,79.85,160.73
0.7004826943730285,575,239,15.91,63.93,95.54
0.7006756198054527,799,743,29.21,110.44,168.42
0.7009603406621394,442,556,24.01,95.40,124.01
0.7025891057441452,186,129,19.31,80.69,214.80
0.7046144337284186,913,423,5.27,21.65,105.27
0.7054257338131829,866,561,12.78,51.06,92.79
0.7058443378070255,509,602,20.10,79.90,84.32
0.7060396142080592,906,848,19.79,80.21,139.79
0.7060568726611864,510,485,16.28,63.10,135.91
0.7074303527887472,132,130,20.32,79.68,642.38
0.7091784136640286,878,675,19.81,80.19,131.29
0.7096370201248743,222,549,12.59,51.01,112.59
0.7114865312145021,550,265,20.08,79.92,139.92
0.7117403636551217,661,430,19.46,80.54,116.32
0.7120466044986921,49,862,19.99,80.01,185.44
0.7128989342142772,651,267,10.51,40.39,150.65
0.7145827693606143,998,563,5.93,25.49,130.18
0.7156606956264534,321,82,10.11,41.51,82.85
0.7171064164316967,477,861,48.72,199.16,222.85
0.7172886170017656,250,402,20.36,79.64,156.66
0.7186755068583839,834,65,20.48,79.52,120.48
0.720131928835137,385,709,16.05,63.79,116.05
0.7203285416145312,45,130,19.53,79.93,661.91
0.72067318087042,895,743,12.54,51.96,180.96
0.7208818810647228,470,517,16.17,63.82,128.81
0.7216318478624123,611,57,10.10,40.51,110.10
0.7226441925198985,835,547,20.16,79.84,120.16
0.7239827359578388,456,603,8.26,32.86,108.26
0.7271225369562265,290,998,20.53,79.47,46.02
0.7274500226087641,299,83,24.01,94.94,148.20
0.7275405632084376,416,676,20.38,79.62,83.57
0.7280479926572031,166,228,20.58,79.42,168.77
0.7282283076778159,802,560,15.45,64.07,486.57
0.7292680682230072,201,354,15.82,64.02,115.82
0.7296667307900623,298,259,19.56,80.44,342.51
0.7310483069387049,603,855,21.84,86.42,586.49
0.7336616146253653,776,819,19.90,80.10,98.85
0.7336664157459222,639,149,16.05,63.54,136.53
0.7346091616579586,224,187,20.56,79.44,152.73
0.736952146429671,828,406,15.73,64.50,95.81
0.7382927640985726,620,560,14.72,59.77,501.29
0.7393386016149952,813,269,16.05,63.15,112.15
0.7401744655856133,809,22,9.90,39.42,134.18
0.7407877406552992,36,397,16.09,64.56,113.24
0.7422289207519059,385,553,12.48,51.31,76.32
0.7425469622039894,241,460,16.06,61.78,116.06
0.7431182431639224,882,680,18.12,69.44,118.12
0.743204185159366,336,265,16.06,63.64,155.98
0.7432748941639128,526,19,20.81,79.19,120.81
0.7441065938897886,523,156,15.54,63.92,96.20
0.7449280256499086,980,923,10.55,40.68,106.97
0.7449882414314506,777,873,27.24,112.41,236.46
0.7458986528786267,637,715,23.82,96.41,104.02
0.7463035373174388,900,58,20.36,79.64,120.36
0.7471275109414348,667,80,7.46,29.58,107.63
0.7472341874176832,667,458,6.17,23.41,123.59
0.7489199842214179,404,477,3.21,13.91,202.37
0.7493878408696651,410,419,22.93,93.42,100.29
0.7508222548334481,79,165,25.03,98.63,94.71
0.7531456832089676,622,477,17.00,68.26,219.37
0.7534460029943512,509,255,16.15,63.75,134.82
0.75399910802655,754,189,19.79,80.21,99.46
0.7559085123379614,784,993,20.04,79.96,100.36
0.756648172856797,777,383,22.32,90.09,142.11
0.7571045872845761,409,210,3.14,12.40,140.30
0.7604222419152613,318,122,20.37,79.63,117.11
0.7606720766884438,540,26,8.89,33.59,108.89
0.7613951563491,26,657,21.52,87.37,166.05
0.7630043617162628,371,130,19.40,75.75,681.31
0.7640030549417692,527,477,23.70,94.95,243.07
0.7642333773918217,543,698,15.87,63.57,143.99
0.7648405244955983,583,855,20.36,79.64,606.85
0.7653572906942019,675,861,26.23,105.06,249.08
0.7665636025734085,161,159,23.82,92.41,103.61
0.7666073027889855,180,500,12.50,51.36,135.54
0.7685035709626495,129,384,42.53,172.27,137.77
0.7686626756188718,975,114,19.16,80.84,126.87
0.7696357303529764,324,194,20.00,80.00,120.00
0.7717671282082933,440,288,19.47,76.86,119.47
0.7728191738020025,670,102,20.01,79.99,139.92
0.7734489372861899,512,406,20.35,79.65,116.16
0.7738887151063877,882,771,13.21,56.23,90.18
0.7741333322273913,464,986,19.52,80.48,99.71
0.7758231813487263,240,290,24.05,95.38,103.52
0.7758311769585632,392,886,19.38,80.62,139.72
0.7758921683235245,360,831,16.26,63.89,129.34
0.7780055345551032,973,391,15.97,64.24,152.24
0.778230292043689,385,335,10.56,40.75,90.82
0.7789004418674772,784,297,16.03,63.93,116.03
0.7789916697493713,872,855,29.73,118.34,636.58
0.7801908004537261,611,222,7.78,32.73,58.79
0.7809087330561538,955,134,23.25,96.48,139.30
0.7817018397794657,408,766,19.99,80.01,221.44
0.7833322701490029,103,670,20.19,79.81,100.18
0.7837321943976046,91,128,12.66,51.50,112.66
0.7859603776788417,867,211,15.63,63.29,135.13
0.786284002044666,138,246,15.75,64.57,134.93
0.7873378985909643,627,312,15.98,64.06,115.98
0.7880923276764223,834,119,16.50,63.02,136.52
0.7882873560711198,809,805,7.72,31.70,124.28
0.7884184507071222,878,448,16.14,64.05,136.35
0.7884537060707826,469,143,19.70,80.30,107.57
0.7885386324974739,22,294,27.37,106.81,91.59
0.788653884080781,568,371,20.29,79.71,96.04
0.7909695387771523,745,862,19.98,80.02,205.42
0.7917998750308475,366,259,19.90,80.10,362.41
0.7946490403712103,144,130,30.16,120.33,711.47
0.7946493641810489,613,430,10.02,40.48,126.34
0.7947638465373513,260,950,23.33,93.31,165.45
0.7949278444083919,775,259,19.71,80.29,382.12
0.7950301285530448,546,133,16.15,63.58,116.15
0.7950755577593487,994,82,10.10,41.12,92.95
0.7953278148346833,878,964,12.59,51.46,110.09
0.7959583277339769,409,947,2.57,9.83,134.61
0.7962525537610561,994,439,7.73,33.39,162.00
0.7989906745055138,534,560,20.36,79.64,521.65
0.7998339035656364,264,701,20.25,79.75,183.13
0.8018051985505102,409,284,2.07,7.76,139.87
0.8035011169859823,305,225,21.68,83.87,121.86
0.8037219323718194,872,618,22.88,95.46,244.02
0.804670627270999,712,231,30.33,117.94,125.93
0.8062394800992613,314,194,23.74,96.20,143.74
0.8062467184296767,584,862,12.71,51.28,218.13
0.8083086105319075,862,654,42.95,175.18,199.32
0.8098326083925227,412,130,20.07,79.93,731.54
0.8108329756822068,986,438,19.86,79.85,139.93
0.8131627918207498,568,945,16.23,63.48,152.11
0.8133610659893664,324,680,15.77,64.23,133.89
0.8140874893130016,715,671,20.71,83.31,120.71
0.8148108063082351,651,365,8.00,32.39,108.22
0.8149912880817491,300,333,15.46,64.67,138.31
0.8162674271838265,811,966,24.08,96.00,87.82
0.8170933254165607,102,947,28.14,111.78,162.75
0.8173541218301718,779,388,20.36,79.64,120.36
0.8174713172115555,115,840,15.91,64.19,115.91
0.8201373805923974,532,855,27.71,110.80,664.29
0.8206671108643577,913,309,4.51,17.14,132.56
0.8211654684093167,691,206,23.95,96.08,103.91
0.8251895005171267,639,347,12.79,50.75,112.79
0.8260697376741489,214,474,19.13,80.87,119.13
0.8263949079188572,339,669,27.07,103.66,127.07
0.8266001084186244,989,796,20.33,79.67,120.33
0.8288081824091047,828,979,12.70,51.80,112.70
0.8294192191862786,676,578,16.88,66.69,303.49
0.8301288185644878,31,262,12.16,50.81,112.16
0.8301885241243285,369,192,12.53,51.61,112.53
0.8309708608720391,842,855,24.90,99.37,689.19
0.8313082068255138,428,862,12.84,51.28,188.02
0.8316242993291085,342,560,16.24,63.89,537.89
0.8325807591080304,761,674,20.27,79.73,160.08
0.8336800757449683,874,210,15.74,62.39,156.04
0.8337457218621427,526,130,16.13,63.06,747.67
0.8356411234314359,685,419,20.36,79.64,120.65
0.8363509479790664,191,657,12.74,51.00,178.79
0.8363674352525119,555,635,24.02,95.55,136.74
0.8394738222486365,303,36,24.16,96.25,88.72
0.8399723916092916,856,65,12.90,50.08,133.38
0.8401407696269191,942,372,8.64,31.98,89.19
0.8423493551118572,254,358,20.34,79.66,120.34
0.8466219929320331,709,764,23.48,92.57,123.48
0.8467692515994657,608,862,15.99,64.26,204.01
0.847242467652418,449,130,20.25,79.75,767.92
0.8482202860628424,232,108,6.73,26.03,397.58
0.8485516045479188,63,843,22.18,90.66,142.14
0.8515327039069129,812,578,5.20,21.81,308.69
0.8528245104837416,25,831,24.44,99.14,153.78
0.8532860279505576,755,514,16.17,64.40,116.17
0.8552879483121598,177,71,12.99,51.10,112.99
0.8552920651660608,613,982,8.22,32.26,128.26
0.8554521798465683,31,26,10.20,40.61,97.57
0.8569531159298449,872,983,18.79,76.67,118.79
0.8584823618037604,10,43,19.93,80.07,115.75
0.8605264866100444,290,828,20.81,82.71,72.61
0.8611194694546086,611,139,6.77,25.96,106.77
0.8621904917995228,583,920,16.38,63.26,109.64
0.8639599993461847,501,129,26.33,103.75,198.60
0.8641392643223256,263,712,21.11,82.90,139.05
0.8701254499940732,525,419,19.93,80.07,140.58
0.8710172431119791,425,727,23.07,89.72,102.82
0.8724280159596292,247,402,20.62,79.38,177.28
0.8724756396855156,263,130,16.08,66.82,784.00
0.873281588452977,698,578,28.81,115.18,337.50
0.8739192847590398,976,420,20.12,79.88,116.16
0.8741049492024016,161,331,18.23,74.18,99.07
0.8758650604203907,605,182,20.24,79.76,103.77
0.8771664608151967,809,22,6.24,25.46,113.05
0.8781479300969606,810,618,20.38,82.97,264.40
0.8791942819331305,615,820,20.34,79.66,139.68
0.8796269904426335,0,141,16.02,64.41,116.02
0.8796700898892738,100,838,22.52,90.35,117.55
0.8814052258657143,109,84,15.71,65.03,202.64
0.883028677252683,757,883,27.90,111.98,107.68
0.8836294621044409,527,402,18.60,76.35,195.88
0.8847329164943915,173,971,19.59,80.41,151.79
0.8852524931697404,261,927,10.14,42.11,130.17
0.8857620841551548,540,431,6.88,26.71,107.78
0.8889888474808887,980,683,8.32,32.36,128.17
0.8895284829242253,895,578,10.56,41.40,348.06
0.8901257318989105,459,264,8.57,32.46,88.32
0.8903150829696997,72,937,15.57,64.41,95.12
0.8913603024020034,613,70,6.41,25.85,106.41
0.8917123192851119,264,949,17.45,70.87,117.45
0.8921828564135226,773,354,20.32,79.68,136.14
0.8932293926320003,487,231,24.54,95.71,150.47
0.894333259304117,827,422,24.12,95.08,124.12
0.8943718344486457,764,873,24.97,98.51,261.43
0.895128719355875,178,861,20.22,79.78,269.30
0.896091845021803,849,198,15.22,57.58,115.22
0.8973996974528385,923,295,21.97,85.00,85.51
0.8997060693375534,713,649,10.40,38.90,110.40
0.9000818819300089,360,117,12.80,51.09,53.73
0.9006129049109649,310,327,19.39,80.61,98.98
0.9023594081246399,908,82,19.43,80.57,112.38
0.903121800738263,961,506,19.69,80.31,119.69
0.9033891858845347,360,542,10.19,40.90,90.48
0.9040492923633365,13,855,24.46,95.71,713.65
0.9042718314339413,340,130,23.98,95.52,807.98
0.9044560194782569,126,892,20.05,79.95,120.05
0.9053245026586464,872,538,15.65,61.02,95.48
0.9070352665486099,234,872,12.73,51.10,73.75
0.9095043494069887,696,201,24.13,94.25,88.15
0.9129760039046794,696,202,18.58,75.67,98.22
0.9130071630724879,812,392,4.22,17.59,84.84
0.9132802252552042,627,83,12.72,51.34,160.92
0.9133092718713538,761,995,15.81,63.92,115.81
0.9147004311539547,850,970,18.32,75.17,138.08
0.9174635866093507,95,383,12.60,51.00,154.71
0.9175705481229526,819,598,19.77,79.08,58.26
0.9180603134705588,100,52,17.61,72.74,82.10
0.9185204261294583,685,854,16.00,63.64,134.93
0.9204389768585957,710,884,13.71,53.12,65.17
0.9208944711078542,573,305,20.55,79.45,104.42
0.9214076618852033,443,466,24.20,95.42,104.09
0.9230791417482342,876,722,15.65,64.74,115.65
0.923635320059115,446,675,28.16,110.40,133.22
0.9272008143305276,837,842,13.21,48.97,112.58
0.9288159891124097,847,861,18.25,73.60,287.55
0.928958689957327,231,108,29.85,120.62,427.43
0.9304400759328209,939,631,15.87,63.87,182.18
0.9313674660246019,51,108,18.92,77.44,446.35
0.9326839093813613,223,21,10.63,40.35,101.46
0.933321020421527,338,989,19.39,80.61,99.06
0.9348078231516685,527,977,15.38,60.97,131.43
0.9367607410499544,764,855,19.43,79.08,733.08
0.9372603290615407,578,151,69.85,278.21,199.47
0.937371058064247,409,193,1.59,6.17,101.98
0.9391006225731146,562,967,21.41,85.78,121.41
0.9395150142677002,707,637,15.42,64.02,111.83
0.9406590323976624,381,129,13.10,50.48,211.70
0.9419498924477846,789,499,20.15,79.85,100.86
0.9425723176452574,936,362,16.70,66.39,136.86
0.9442889272391292,496,909,23.34,96.31,139.17
0.945732322326368,913,15,3.48,13.66,83.50
0.9469666971748872,693,560,19.78,80.22,557.67
0.9481938402047696,846,618,15.93,63.65,280.33
0.9485235120803731,973,993,12.98,51.26,113.34
0.9495137891708849,938,130,15.80,63.41,823.78
0.9496854026430503,296,408,10.53,40.95,90.54
0.951301194262656,31,435,7.82,32.79,147.34
0.9521003582102096,330,26,19.01,74.73,116.58
0.9532760092542192,23,223,15.69,63.76,56.04
0.9533219313676478,710,168,11.09,42.03,123.18
0.9551246066942561,405,130,20.20,79.80,843.98
0.955488702362832,269,862,22.30,89.85,226.31
0.9556827395212872,710,787,8.44,33.59,173.03
0.9559567352712964,786,736,12.84,51.45,112.35
0.9581420684806542,330,79,14.88,59.85,113.51
0.9608214849204201,162,572,19.82,80.18,119.82
0.9637612665401118,835,327,15.76,64.08,114.74
0.966761360471422,141,97,23.22,92.80,123.22
0.9684305221782536,28,307,19.29,80.71,99.53
0.968903498071481,946,875,19.52,80.48,139.42
0.9706621694890756,915,259,16.64,63.38,398.76
0.9708180416856282,884,919,12.82,52.35,111.83
0.9730099683878437,647,108,16.28,63.38,462.63
0.9735645379302329,971,22,30.65,121.14,143.70
0.9739670725373646,630,955,15.85,65.02,112.33
0.9742446072880402,915,517,12.75,50.63,141.56
0.9747545515294695,383,252,31.30,123.41,131.30
0.9750149314281933,965,872,24.69,95.62,98.44
0.9753421319646551,218,909,8.20,33.21,147.37
0.9760125596828566,597,855,19.80,80.20,752.88
0.9789029465425801,684,359,19.53,80.47,99.78
0.9800225996136398,750,798,20.13,79.87,100.59
0.9818321013971922,948,73,16.05,63.88,116.05
0.9838106420813613,294,13,18.31,73.28,114.02
0.9842418327029169,190,517,20.15,78.63,161.71
0.9843104438251642,20,151,12.44,52.00,211.91
0.9848356056084492,3,419,20.15,79.85,160.73
0.9858998873248582,427,955,21.04,78.96,133.37
0.9872356937189463,896,289,28.72,119.49,128.72
0.9902432582246214,554,855,19.47,80.53,772.35
0.9916051990107639,794,851,22.58,90.12,147.13
0.9924544632367481,527,105,11.94,49.03,135.56
0.9929152142974095,998,701,9.63,36.39,192.76
0.9933894797696742,870,636,23.13,92.56,123.13
0.9957035094693026,341,597,15.93,63.07,96.13
0.9958281099950099,823,712,15.48,64.47,154.53
0.9961599860355701,274,187,19.70,80.30,172.43
0.9968284121695709,853,113,27.53,112.63,127.53
0.998157704692558,404,84,2.80,11.11,205.44
0.9997651154865477,806,74,18.92,77.22,154.95
0.9998258452677715,71,168,22.71,90.28,145.89
0.9998405156226859,430,387,25.46,100.88,89.69
1.0000974851497417,874,752,12.29,50.10,112.44
1.0009919519375128,669,950,25.20,101.87,190.65
1.0026255099969568,544,766,16.07,63.96,237.51
1.002908813955096,813,908,12.91,50.24,93.48
1.0031138197428728,982,654,24.60,103.66,223.92
1.003750602388255,264,738,14.15,56.72,94.37
1.003838943989222,666,488,18.13,74.13,118.13
1.0040950265815503,13,83,22.72,91.30,183.64
1.0056703296129585,49,350,15.25,64.76,118.14
1.006026545856636,839,851,21.50,86.67,168.63
1.006682666149913,667,766,4.50,18.91,242.01
1.0074087215352299,645,217,16.15,64.68,116.15
1.008953682835303,53,514,20.14,79.86,136.31
1.0119231369760113,723,649,8.59,34.98,118.99
1.0123856768256894,764,193,15.98,63.10,117.96
1.0131574897083564,194,80,29.07,114.67,136.70
1.01504229852325,122,256,22.97,94.14,166.84
1.0155619997697483,851,129,34.08,134.55,245.78
1.0155789712319654,526,833,12.74,50.32,132.76
1.015803274413879,568,590,12.40,51.08,71.96
1.01604575815849,402,758,40.23,155.65,206.77
1.0161585006085403,323,202,29.61,115.68,127.83
1.0180995078902315,812,950,3.71,13.88,194.36
1.0186917770216417,585,79,16.64,68.61,130.15
1.0237206222134962,624,452,8.26,31.52,112.52
1.0241760765819656,883,285,21.65,86.03,117.55
1.02462447080046,522,560,20.45,79.55,578.12
1.0260359589610908,672,943,9.72,41.24,89.38
1.0269944187969073,425,105,17.70,72.02,153.26
1.0274617062810334,166,435,15.42,64.00,162.76
1.0280192107810653,404,790,2.42,8.69,121.45
1.028421380473198,809,333,5.17,20.29,143.48
1.0291752454042395,955,402,26.90,106.47,182.55
1.0293242669138765,226,873,24.10,98.88,285.53
1.0316527775150677,407,953,19.64,80.36,137.97
1.032682642745419,735,641,15.48,64.11,115.48
1.0345006829700893,719,385,9.41,36.84,50.16
1.0346818013991808,105,456,29.92,123.34,62.78
1.0382046888416798,259,578,80.66,318.10,358.87
1.0387841566809584,56,260,24.13,96.04,117.44
1.0423305976717203,32,47,19.25,80.75,135.37
1.044690580985864,368,349,20.25,79.75,120.25
1.045360360947142,647,766,12.59,50.79,254.60
1.0456378181444483,194,861,23.08,91.59,310.63
1.0456560087911262,659,477,19.48,80.52,262.55
1.0467668281521232,407,829,16.06,64.30,116.06
1.0472714790786128,670,715,20.09,80.09,103.40
1.0485704185093585,503,319,12.78,51.23,129.14
1.049999443996465,828,20,14.65,57.96,66.65
1.0518935816286854,684,738,16.31,64.16,110.68
1.0525781279910065,677,132,19.90,80.10,99.58
1.0532390744421485,464,824,16.21,64.27,96.32
1.0534888265988516,275,832,19.60,80.40,99.47
1.0535593432428612,998,257,7.39,29.00,86.86
1.0546698035128603,540,965,5.23,21.48,100.85
1.0548696071357684,663,259,24.02,95.76,342.12
1.0559266977193755,584,284,10.53,40.75,150.40
1.0565978197733417,5,129,24.29,95.69,270.07
1.057827056932265,718,271,24.24,95.73,103.88
1.0587350398884947,938,259,12.98,50.43,355.10
1.0611215533364604,672,390,8.40,32.84,136.51
1.0617074718843795,945,658,29.39,122.72,129.31
1.062776237253698,540,604,4.20,17.28,67.58
1.063575197267286,711,539,18.62,73.43,114.87
1.0652124777918386,886,173,28.07,111.65,108.48
1.0673241213193971,540,879,3.71,13.57,103.71
1.0674449498600074,571,739,16.59,63.23,116.59
1.0679307151561988,341,134,12.81,50.26,152.11
1.0682261583611323,147,592,18.30,73.60,118.30
1.0696934904918842,527,736,10.17,38.86,122.52
1.0707132009683995,473,385,23.63,96.36,73.79
1.0716177380777232,385,359,14.85,58.94,114.63
1.0724829789635788,19,13,24.97,95.84,116.27
1.0726413372288963,31,224,6.49,26.30,85.93
1.0730914341765383,824,468,19.63,76.69,114.87
1.0732991568448973,667,899,3.32,15.59,82.82
1.0739123447262966,12,22,20.80,79.20,164.50
1.074432261841899,8,397,19.70,80.30,132.94
1.0753333082858794,735,22,12.42,51.69,176.92
1.075950525024527,106,70,19.40,80.60,125.81
1.0761076639579574,492,130,28.71,112.31,872.69
1.0774470448744338,175,993,20.35,79.65,133.69
1.0780848575780875,427,855,14.99,63.97,787.34
1.0782475886878402,244,385,15.92,64.55,74.86
1.0798323682798028,582,477,19.97,80.03,282.52
1.0854848481798212,245,648,12.84,50.34,133.32
1.0857479074159133,391,84,31.50,120.74,236.94
1.0863646388934498,237,452,20.17,79.83,132.69
1.0869015489462046,129,187,53.75,216.32,226.18
1.08887662989154,912,855,19.10,80.90,806.44
1.0899893184508767,919,456,22.32,89.51,85.10
1.0911158257453732,807,130,20.65,79.35,893.34
1.0911263243052596,151,953,43.36,168.55,181.33
1.0928022856513935,784,460,12.94,50.99,129.00
1.0945122806642822,415,903,24.94,99.62,145.39
1.0950985309576011,792,636,19.97,80.03,143.10
1.0952115240552707,686,108,28.32,115.05,490.95
1.0967221083403411,913,855,2.86,10.80,809.30
1.0988066304052488,239,899,20.64,74.90,103.46
1.0995571451601092,792,609,16.40,63.63,132.05
1.0998940522206466,178,532,15.73,64.05,126.53
1.1000605028564916,809,150,3.96,16.33,103.96
1.1007955123380706,222,261,11.31,47.48,53.42
1.1011787034796638,44,743,13.04,50.61,194.00
1.1017663909958093,409,514,1.14,5.03,137.45
1.1017878029818629,142,705,33.32,134.57,181.93
1.1023303866774365,643,855,28.13,111.76,837.43
1.1037968046073479,109,275,13.32,51.71,93.72
1.104053107147669,44,486,9.75,40.86,171.18
1.1065168872060127,667,130,3.39,12.20,896.73
1.1081312577109024,324,701,12.85,51.38,205.61
1.1103995892330285,992,84,23.03,93.22,259.97
1.1115919331058761,915,130,10.05,40.58,906.78
1.1116270697493016,713,130,7.90,31.00,914.68
1.1121402916182825,339,855,21.26,82.40,858.69
1.1139969783250248,598,606,11.85,46.41,152.66
1.116161348924574,622,712,14.16,54.10,168.69
1.1177290767333419,512,977,15.87,63.78,147.30
1.1181416985073782,672,560,6.61,26.23,584.73
1.1187689166197508,911,438,20.22,79.78,160.15
1.1188628190510408,409,426,1.20,3.83,101.20
1.119190396407019,667,717,2.38,9.82,123.47
1.1197943382490518,154,68,19.54,80.46,119.54
1.1199947765773113,68,129,23.28,96.26,239.60
1.1216654022598302,966,285,17.80,70.02,135.35
1.1237794815614963,526,759,10.29,40.03,102.58
1.1242541989033903,727,22,20.61,82.21,197.53
1.1266757897893631,859,700,20.02,79.98,132.22
1.129361238943838,177,377,9.94,41.16,143.23
1.1300961514810566,992,534,19.28,73.94,98.92
1.1302584782795027,323,784,23.12,92.56,74.11
1.1307686223810567,690,460,20.11,79.89,149.11
1.132208445785063,768,145,27.51,111.13,107.69
1.1359151933544316,870,757,18.85,73.71,130.83
1.138621979328164,376,486,15.73,63.27,186.91
1.139237619580027,565,81,20.65,79.35,160.04
1.1402441784916602,417,855,16.60,63.29,875.29
1.1403074473513515,347,141,22.72,90.07,115.52
1.14109334970631,702,338,13.17,50.65,93.78
1.1414839152746175,639,932,9.84,40.91,109.84
1.1436278402996527,124,188,20.04,79.96,120.04
1.144032543273973,860,17,18.19,73.89,139.27
1.1442076049476337,540,698,2.79,10.78,117.97
1.1462281134229526,86,334,16.13,63.88,169.74
1.1476919723316072,929,114,19.73,80.27,146.60
1.1480156298548,393,81,15.90,63.54,175.94
1.1492293328573646,142,108,26.63,107.94,517.58
1.1500256911357984,527,705,7.91,30.95,189.84
1.150973820474184,527,175,6.29,24.66,85.94
1.1517550962808716,549,383,22.92,89.67,146.33
1.153174021484071,404,953,1.90,6.79,183.23
1.1532947504611135,598,889,9.36,37.05,104.81
1.1533080081474298,476,978,16.50,63.11,96.75
1.1542256847128256,604,908,13.60,53.98,107.08
1.1543505182720644,805,83,24.33,99.95,207.97
1.1559193253376694,488,715,23.98,94.15,127.38
1.156767554262882,597,130,19.28,76.85,933.96
1.1589860021282326,114,756,29.48,117.12,129.48
1.1597665223638804,371,576,19.28,76.76,82.88
1.1600438242803957,139,171,21.09,85.68,101.31
1.1611342719322921,271,699,20.73,83.15,156.21
1.1618530268400784,467,634,20.25,79.75,264.91
1.1621086947023365,812,947,2.69,11.19,165.44
1.1641997779412705,270,170,31.19,124.53,95.45
1.1643967391650987,854,855,26.87,108.06,902.16
1.1649279858505095,228,411,34.72,134.05,162.60
1.1659488992318119,934,424,15.16,61.21,108.12
1.1661271921949785,62,108,20.11,79.89,537.69
1.1673621754133452,622,618,10.69,43.41,291.02
1.169771486334332,953,735,37.11,146.12,88.80
1.1700751503552675,199,780,23.84,95.96,123.84
1.1737094845580898,48,634,12.22,48.80,277.13
1.1738295021327232,706,759,12.58,51.05,115.16
1.1750633679476117,604,947,11.05,42.93,176.49
1.1755408039195199,610,22,15.98,62.36,213.51
1.1762440637800222,31,705,5.30,21.00,195.14
1.1771041130011937,5,526,19.37,76.32,59.40
1.1773297070882225,99,120,16.54,63.29,132.62
1.1789155422833777,169,130,16.22,62.91,950.18
1.1791966836785157,823,657,12.49,51.98,191.28
1.181193806755813,19,639,19.18,76.66,60.09
1.18236824142388,320,268,9.89,41.68,109.89
1.1835297498595958,404,985,1.50,5.29,85.62
1.1839566207934873,446,334,21.65,88.75,191.39
1.184832062854186,409,855,0.69,3.14,902.85
1.186587133520846,101,517,23.87,96.30,185.58
1.1870786565962297,241,705,11.79,49.99,206.93
1.1875102034288165,361,953,16.20,64.58,162.32
1.1883436102790688,170,501,19.35,76.10,123.10
1.1890463926172865,216,658,20.54,79.46,149.85
1.1900302353700276,105,494,24.95,98.39,124.95
1.190508550984271,998,341,5.75,23.25,56.01
1.1907875984233227,661,618,15.90,64.64,306.92
1.1917726556142367,613,20,4.76,21.09,71.41
1.1921611080405148,723,557,7.10,27.88,107.10
1.19227935552686,91,65,10.65,40.85,144.03
1.1931390636248154,809,826,3.42,12.91,83.69
1.1932441978527781,665,629,20.11,79.89,139.91
1.1933538820103133,330,57,12.20,47.65,122.30
1.1946025231049404,710,700,6.46,27.13,138.68
1.1953759281484828,369,703,9.86,41.75,125.73
1.19581612439868,735,984,18.64,70.16,118.64
1.1961918007493968,713,637,5.94,25.06,117.77
1.1974335589541232,539,180,23.30,91.57,74.66
1.1978175692809936,841,988,15.26,60.58,121.39
1.2001915469098827,311,97,20.60,84.96,143.82
1.2005408008733136,462,585,12.70,51.51,81.31
1.203943493022269,862,154,44.96,181.35,125.42
1.2059577395372674,138,687,13.24,51.33,93.25
1.2061787330773965,613,13,4.14,16.95,120.41
1.2063028322124976,404,625,1.19,4.10,101.19
1.2072676750067377,221,327,19.90,80.10,134.64
1.21046232090533,467,477,15.69,64.06,298.21
1.2121449025873448,787,75,34.15,138.88,154.11
1.2138417050144144,446,130,18.08,70.67,968.26
1.2143875641485216,429,477,20.57,82.84,318.78
1.2146438641934574,508,949,20.12,79.88,137.57
1.2157902022691072,703,156,25.04,100.69,121.24
1.216677839486827,118,130,20.33,79.67,988.59
1.2182032390164048,667,206,1.96,7.86,105.87
1.2188875003118562,954,703,23.89,95.65,124.58
1.2191612829389917,29,371,12.65,50.42,89.41
1.219458749141592,31,130,4.44,16.56,993.03
1.2195467724119686,82,114,22.93,89.45,140.05
1.2197065683543715,517,855,36.99,148.59,939.84
1.2198610060414397,256,854,32.50,134.34,140.56
1.220369507302697,449,560,16.14,63.61,600.87
1.2205566952237121,643,988,22.27,89.49,143.66
1.2206949253192192,784,955,14.95,59.16,121.42
1.2223719714162944,853,492,22.74,89.89,135.05
1.2231301818291107,826,855,17.47,66.22,957.31
1.2245458487622278,654,51,44.86,179.06,122.30
1.225262680418958,880,618,19.39,80.61,326.31
1.2256373012405932,595,114,16.30,64.06,156.35
1.2276666673589507,409,945,0.66,2.48,123.38
1.2284932130002473,667,130,1.65,6.21,994.68
1.2339443777040986,23,391,12.91,50.85,133.65
1.234123642763636,458,505,25.41,98.18,121.30
1.2367296696487184,462,835,10.34,41.17,74.42
1.237181268091088,380,766,21.86,85.73,276.46
1.2374446801417576,173,141,21.87,86.61,137.39
1.2375681845223045,975,560,16.05,64.79,616.92
1.2404768489582119,794,439,18.70,71.42,180.70
1.2410805191406498,350,345,23.14,95.00,87.55
1.2411857570961589,109,210,10.10,41.61,166.14
1.244175119924043,795,194,20.32,79.68,111.91
1.245139700862128,184,340,16.00,64.31,111.52
1.2462002601815552,613,950,3.42,13.53,197.78
1.2474205480748553,641,682,23.44,92.04,142.71
1.2519788701282133,496,454,18.52,77.79,138.27
1.251985400614833,742,590,13.32,50.68,85.28
1.2532847412039896,437,108,20.02,79.98,557.71
1.2561628696933154,596,823,13.27,51.64,65.25
1.2565736171847426,417,130,12.78,50.51,1007.46
1.2570394211836164,773,674,15.92,63.76,176.00
1.2586612741921706,155,193,15.86,64.21,133.82
1.2605976812426525,527,28,4.88,19.78,85.59
1.2626058284861292,487,560,19.89,75.82,636.81
1.2643502101233193,296,560,8.44,32.51,645.25
1.2661787251244114,650,277,19.48,80.52,99.00
1.2666703740443919,754,193,15.89,64.32,149.71
1.2673124474767499,980,657,5.90,26.46,197.18
1.2677312267612135,995,391,23.73,92.08,157.38
1.269148311489081,211,712,28.02,107.11,196.71
1.2699654918608039,366,438,15.67,64.43,175.82
1.271734564028363,938,130,10.44,39.99,1017.90
1.2727816036986543,604,511,8.42,34.51,108.42
1.2728774885828222,75,640,30.92,123.19,111.25
1.273020046121337,440,585,15.16,61.70,96.47
1.2760202579684228,310,855,15.43,65.18,972.74
1.2771154322219318,218,344,6.73,26.48,167.46
1.2776588264092879,177,477,8.58,32.58,327.36
1.2781482241876183,548,648,16.41,63.32,149.73
1.2840574049608064,329,240,13.12,50.77,108.50
1.2854618154575312,860,256,14.66,59.23,149.00
1.2869590697054871,831,971,30.58,123.20,151.72
1.2871236068794676,650,700,16.24,64.28,154.92
1.2881262398770736,169,455,12.78,50.13,112.78
1.288803686884999,777,666,18.08,72.01,92.21
1.2902088124184177,531,666,20.05,79.95,112.26
1.2923477967093242,949,177,27.98,109.59,60.56
1.2928776631846701,775,560,15.56,64.73,660.81
1.2933253717508433,409,679,0.45,2.03,100.45
1.2999749985016062,320,701,8.59,33.09,214.20
1.3004414878926882,845,130,19.26,78.64,1037.16
1.3016237638657475,618,167,65.06,261.25,174.53
1.3021867200496446,824,851,14.66,62.03,149.21
1.3023902515859356,613,486,2.98,10.55,189.89
1.3031304945689322,330,130,9.54,38.11,1046.70
1.3031507881404774,606,92,29.91,122.75,129.91
1.3035801537135867,167,50,34.70,139.83,134.70
1.3053557817833892,74,147,31.74,123.21,105.34
1.3065401549438171,267,13,30.38,120.27,150.79
1.3067479787251435,495,259,22.39,90.21,377.49
1.3074049703313848,731,556,20.20,79.80,144.21
1.3081032117611473,812,855,2.20,8.99,974.94
1.3098456327630736,49,244,13.16,51.60,77.71
1.3101646490340806,31,560,3.15,13.41,663.96
1.3110914229282693,809,560,2.55,10.36,666.51
1.3160544867988904,755,903,13.11,51.29,158.50
1.316249269435321,640,410,22.04,89.21,115.46
1.3167587592518888,177,575,12.27,48.29,76.20
1.3174642934082437,294,263,14.65,58.63,81.47
1.3176005523276522,479,560,19.41,80.59,685.92
1.3176106032326298,56,995,18.64,77.40,110.72
1.318712374656101,830,537,10.10,41.50,136.89
1.319321795006116,250,705,16.60,63.04,223.53
1.3195066129872337,951,98,19.41,80.59,119.41
1.3205638429541666,333,272,27.46,116.02,107.53
1.3226028789079738,425,306,14.49,57.53,114.49
1.3236544700081636,278,855,19.34,80.66,994.28
1.32463984390332,10,388,15.74,64.33,136.10
1.326198432106477,22,373,42.80,170.71,122.73
1.3285420538213029,667,259,1.17,5.04,378.66
1.3287528761011898,409,477,0.51,1.52,327.87
1.3298635860386325,867,419,13.09,50.20,173.82
1.3316066572026755,679,639,19.85,80.60,79.94
1.3316072409645112,672,149,5.18,21.05,141.71
1.33192984788468,538,30,19.30,76.18,99.61
1.3330710266710386,382,642,15.55,64.23,90.36
1.336002021696866,672,626,4.70,16.35,120.09
1.337990004619233,234,524,10.00,41.10,109.63
1.3400453720337882,165,627,19.01,75.70,70.35
1.3401286838612103,753,626,20.06,79.94,140.15
1.340410871093301,262,130,23.14,89.02,1069.84
1.3413661190205044,224,704,17.25,68.68,144.77
1.3420142206650683,510,259,13.02,50.08,391.68
1.3465493186513138,296,942,6.59,25.92,38.57
1.3470822027393747,999,600,20.45,79.55,161.05
1.3471709119302848,173,712,16.96,69.65,213.67
1.3485207836018482,967,424,24.58,96.83,132.70
1.3488185334246154,875,862,28.28,111.14,209.63
1.350636295650759,256,112,29.97,119.03,129.97
1.353404217138913,876,151,12.99,51.75,181.54
1.3543106342049778,5,522,15.54,60.78,95.09
1.3553121329196243,23,618,10.27,40.58,271.52
1.3555023960343164,428,637,10.31,40.97,128.08
1.355686905271023,252,186,25.97,105.33,106.66
1.3556931850960572,968,664,19.76,80.24,116.30
1.357445732860429,915,831,7.86,32.72,131.06
1.3587318999911686,828,130,11.22,46.74,1081.06
1.3602928920998372,850,922,14.69,60.48,150.18
1.3605132043977473,409,586,0.36,1.16,65.26
1.3605575366968055,401,746,20.18,79.82,100.15
1.361451965288153,638,966,28.48,112.54,98.50
1.3615450396822708,901,906,19.82,80.18,100.03
1.3618809025265837,236,834,19.72,80.28,82.74
1.362475742169278,130,435,215.84,865.22,378.60
1.3631686539406345,296,159,4.82,21.10,108.43
1.3657791501734105,828,861,9.18,37.56,319.81
1.3678862555623397,169,631,9.78,40.35,191.96
1.3689006718517824,324,988,10.36,41.02,154.02
1.3730931303017317,254,20,15.63,64.03,87.04
1.3731031622949543,576,108,16.21,66.67,573.92
1.374703015354898,964,56,22.37,87.72,99.77
1.3765587443181106,818,744,20.55,79.45,149.50
1.3767151246866767,733,618,16.51,64.27,288.03
1.3778935590441466,79,333,26.06,104.09,142.08
1.3780591673225173,30,743,19.73,79.88,213.73
1.378272722460548,214,259,16.37,64.50,408.05
1.3783389852565882,298,34,16.06,64.38,95.77
1.3786159993083487,311,383,16.93,68.03,163.26
1.3788277458185585,954,48,18.94,76.71,67.74
1.3796899636821969,270,862,25.95,98.58,235.58
1.3798371800713787,886,130,22.11,89.54,887.33
1.3816992308052365,417,722,10.39,40.12,126.04
1.3842120134340161,626,465,27.76,112.39,91.95
1.3860199177132597,166,969,12.66,51.34,112.66
1.386486768460991,718,185,19.19,76.54,99.04
1.3871962913359868,72,305,13.21,51.20,117.63
1.3890498071326713,389,173,15.80,61.48,85.45
1.3924840550671536,284,514,29.21,121.19,166.66
1.392801795082433,409,395,0.33,0.83,100.33
1.392990808603051,359,56,22.94,91.69,122.71
1.3930294395010636,460,179,30.17,118.94,143.18
1.3937773238547473,598,591,7.37,29.68,87.95
1.3942360380874395,855,108,200.15,794.13,774.07
1.3953097628850826,622,413,8.44,34.97,49.96
1.3954509688840622,675,453,26.21,107.01,162.74
1.396274601120731,581,486,13.30,50.40,203.19
1.397654424652388,608,759,13.48,50.78,128.64
1.3999023832846111,117,872,11.13,42.60,109.57
1.3999594470425678,541,945,16.80,63.95,140.18
1.4007116089417468,319,560,25.63,103.51,711.55
1.4013702743633167,844,99,15.49,63.98,78.78
1.4039793552111481,344,108,33.19,134.27,807.26
1.4054501794007848,681,855,23.46,92.59,817.59
1.4058953859390777,350,314,19.57,75.43,115.77
1.408234366783952,15,560,16.70,66.80,728.25
1.409981130872242,66,606,20.22,79.78,142.97
1.41008227182053,710,666,5.57,21.56,117.83
1.4101127622847969,259,718,82.88,325.17,159.42
1.4122608370669694,733,914,12.84,51.43,53.29
1.4140312961742743,409,495,0.10,0.73,90.31
1.416334429275684,58,952,24.31,96.05,124.31
1.4181028913318805,37,292,16.04,64.54,103.15
1.418242181802701,590,718,17.66,67.62,177.08
1.4184909749933585,196,407,20.24,79.76,84.54
1.4189625553263474,851,33,29.68,119.53,129.68
1.4203096088663445,690,665,16.03,63.86,95.92
1.4205294738632266,181,80,19.59,80.41,156.29
1.42293455782232,191,578,10.97,40.03,369.84
1.4239800294779459,17,351,28.03,111.24,128.03
1.4259346824873784,80,292,30.22,126.07,133.37
1.4260653480168561,252,938,21.10,84.23,61.09
1.4278374571614085,766,829,55.29,221.17,171.35
1.4282530290914028,839,820,17.64,69.03,157.32
1.4283174165338703,672,394,3.07,13.28,103.07
1.428855538281958,791,259,20.19,79.81,345.36
1.4288861789500038,687,946,18.45,74.80,98.93
1.42910546821412,981,952,9.90,40.60,134.21
1.4301195457624838,41,543,19.09,80.91,82.66
1.4308626410553882,926,982,16.14,63.96,119.80
1.4313551668368147,562,411,16.47,69.31,179.07
1.432800167964786,869,378,20.03,79.97,144.36
1.4348933111878412,94,493,20.22,79.78,136.44
1.437282844087477,622,585,6.95,28.02,103.42
1.4385356072634936,788,233,16.21,64.00,116.21
1.4385708448975398,836,560,19.73,80.27,747.98
1.4396761735429238,964,766,17.95,69.77,239.12
1.4427685842345062,849,108,11.37,46.21,818.63
1.4441157990431766,385,610,14.86,60.00,77.22
1.4480179924806909,732,267,23.88,96.26,144.15
1.4481891186931013,462,950,8.34,32.83,206.12
1.4487316813099873,670,777,15.18,64.91,87.19
1.4499344385566462,65,648,28.80,115.23,178.53
1.4507433574170858,740,108,20.24,79.76,838.87
1.4508150620863618,812,958,1.69,7.30,81.55
1.4520004416384418,921,108,15.76,64.54,854.63
1.4528838410418046,627,790,13.85,56.50,135.30
1.4562173791929371,561,74,18.70,74.09,141.91
1.4567048499722228,935,108,20.28,79.72,874.91
1.4567093253187962,311,395,12.67,55.36,113.00
1.4577840296286089,822,621,18.82,76.99,118.82
1.4579417172132945,870,33,14.84,58.87,144.52
1.4594559845558521,62,130,16.97,62.92,904.30
1.4599017115605073,611,346,5.23,20.73,98.36
1.4605210781006386,843,97,28.30,113.84,172.12
1.4608388089390436,410,130,23.38,92.08,927.68
1.4643817664274013,263,259,16.27,65.20,361.63
1.4644625561662252,119,307,27.21,109.31,126.74
1.4651591653504532,387,817,18.52,71.17,98.55
1.4660749403832363,599,151,16.04,64.22,197.58
1.4668689312320444,720,240,25.43,99.19,133.93
1.467037711708138,739,475,23.36,93.23,123.36
1.4721578272282214,809,344,2.09,8.27,136.36
1.4743230843300288,995,916,21.90,88.82,157.83
1.4748966802579604,470,130,13.26,50.56,940.94
1.476336078778887,358,618,23.49,96.85,311.52
1.4766868191094777,166,514,10.80,40.54,177.46
1.4769147822304727,527,491,3.94,15.84,119.85
1.4769421748438203,100,697,14.97,57.77,95.10
1.4774684380038667,324,927,8.30,32.72,138.47
1.4793452188803173,530,33,15.90,64.83,160.42
1.479713115062125,980,966,5.53,20.93,104.03
1.4816683329809544,120,664,25.95,106.67,142.25
1.484410654155234,598,496,5.97,23.71,83.76
1.4849438454667472,397,764,25.92,107.02,89.02
1.4853512120753158,105,697,20.24,78.15,115.34
1.4865925575852934,950,369,40.67,165.45,82.42
1.4898206174578308,689,148,20.23,79.77,120.23
1.490500415510691,404,102,0.79,3.31,112.57
1.4908727523919,843,259,22.81,91.03,384.44
1.491022558510138,252,129,17.03,67.20,256.63
1.4913878615815226,960,740,20.08,79.92,99.84
1.4925204941960477,265,727,30.17,125.81,112.38
1.4929694348965454,540,446,2.36,8.42,73.03
1.4931079766366024,914,766,11.08,42.21,250.20
1.493223299838383,991,977,13.48,50.63,160.78
1.493601621191539,284,439,24.51,96.68,205.21
1.4958643197534833,419,667,34.44,139.38,39.48
1.4970950818998423,45,468,16.13,63.80,131.00
1.4972528868432835,409,666,0.14,0.59,117.97
1.4972578308900735,212,60,20.54,79.46,84.98
1.4978202538437646,819,411,15.56,63.52,194.63
1.4983577743896852,326,560,20.35,79.65,768.33
1.4989517903001561,331,858,19.47,79.60,119.47
1.50002356413922,742,504,10.53,40.15,143.23
1.5007536655188822,426,370,20.30,80.90,100.82
1.5008643392062073,161,249,15.48,58.70,112.16
1.502427350908488,694,9,25.74,104.25,120.83
1.5034150324741204,208,8,15.54,64.38,95.84
1.5035315419491107,385,70,12.22,47.78,138.03
1.5051374664642685,511,664,22.02,86.40,164.27
1.5051403964617878,804,618,26.09,106.33,337.61
1.5056206940660752,712,744,43.54,170.13,193.04
1.5074228045727482,409,130,0.09,0.50,941.03
1.5080727015409452,954,130,15.03,61.68,956.06
1.5083808708399769,482,65,16.52,64.14,131.75
1.5099217373473055,404,560,0.78,2.53,769.11
1.513280424878305,857,491,20.26,80.58,140.11
1.513541576018934,687,415,15.43,59.37,115.05
1.5145596469230638,673,130,10.25,42.18,966.31
1.5154238638316424,543,457,16.57,66.09,116.57
1.516195865344868,723,419,5.34,22.54,144.72
1.5169008818849292,151,411,38.38,159.20,233.01
1.5172800992505078,429,130,16.71,66.13,983.02
1.517288583971761,943,982,18.43,70.95,138.23
1.517868455571729,210,22,34.42,131.72,205.13
1.5181007830842494,803,799,20.19,79.81,130.63
1.5218610862555402,296,866,4.26,16.84,55.32
1.5221242432945534,494,256,25.32,99.63,144.35
1.5225065987458286,622,84,5.48,22.54,265.45
1.5229309324177291,512,992,12.87,50.91,86.81
1.5230371086737582,385,328,9.18,38.60,109.18
1.5235338503753022,241,286,10.64,39.35,90.61
1.5266254536084924,201,914,17.29,70.86,59.50
1.5286392446569346,467,77,12.82,51.24,92.55
1.5287326058233215,206,618,20.97,84.90,358.58
1.5293476486403121,696,997,15.27,60.40,115.27
1.5303836402861914,214,861,12.82,51.68,332.63
1.5333076878070917,872,79,21.67,87.90,125.76
1.5335106346946477,745,130,16.11,63.91,999.13
1.5340376994147913,576,128,13.34,53.33,126.00
1.5359196252653595,1,589,19.90,80.10,119.90
1.5359977162532568,667,521,7.67,31.81,107.67
1.5380444965776625,181,501,16.61,63.80,139.71
1.5380976946356515,41,560,16.59,64.32,785.70
1.540092816082648,632,486,20.22,79.78,223.41
1.5418775866690413,672,908,2.52,10.76,109.60
1.5442385415135917,630,487,13.52,51.50,89.34
1.5447508442122084,341,451,11.30,44.71,62.27
1.5457794293011375,527,679,3.35,12.49,83.95
1.54581277270829,404,383,0.49,2.04,163.75
1.546958520385241,215,547,15.32,64.74,135.48
1.5475016747060817,666,798,23.80,94.17,124.39
1.5485018384968983,409,435,0.08,0.42,378.68
1.5497946975158277,860,188,11.53,47.70,131.57
1.5507293570955882,184,259,13.05,51.26,397.49
1.5518824625470375,527,129,2.74,9.75,259.37
1.5519985700960075,844,977,13.18,50.80,173.96
1.552023147679596,341,766,8.67,36.04,258.87
1.5522948242983732,739,900,18.76,74.47,98.40
1.5528316727338085,494,537,18.97,80.66,155.86
1.5543376923684065,71,507,17.67,72.61,117.67
1.5559949169663392,387,578,14.33,56.84,384.17
1.5569979424214881,808,32,19.94,80.06,100.69
1.5572235785519093,48,888,13.85,53.89,114.67
1.5588299505621945,290,428,16.06,66.65,57.03
1.559461433426778,188,634,26.13,105.44,303.26
1.5600417781863214,240,587,26.84,107.09,116.36
1.560773352292623,936,578,12.36,54.03,396.53
1.5615825416730111,510,578,9.67,40.41,406.20
1.5624283305769133,431,411,21.25,86.53,254.26
1.5629870552301965,255,872,26.80,108.02,114.70
1.566457547963552,114,560,31.14,125.21,816.84
1.566511169534175,562,73,14.08,55.23,130.13
1.5721819722359767,99,176,15.43,63.35,92.37
1.5725435433628119,744,92,38.32,154.72,168.23
1.5730631125240786,447,581,20.35,79.65,70.75
1.5744964432429052,256,108,29.41,114.94,904.32
1.575129707878651,192,22,22.21,90.32,227.34
1.5765662941884462,308,701,19.78,78.79,233.98
1.5777519678195235,667,969,6.24,25.57,118.90
1.578438721151624,616,872,12.43,52.16,127.13
1.5789602405409202,454,99,27.26,111.01,90.61
1.5802484855449932,178,374,12.90,51.15,197.38
1.5814664333143302,242,249,19.78,80.22,131.94
1.5830008009588106,769,739,19.97,80.03,94.44
1.5832226367086075,672,282,1.98,8.78,121.34
1.5836371421239392,376,130,12.49,50.78,1011.62
1.5842823242034767,707,275,12.60,51.42,106.32
1.5854207395019067,796,92,23.50,96.83,191.73
1.5855860330855045,733,259,10.51,40.92,408.00
1.5859187051599828,456,752,17.47,67.63,129.91
1.5860380308432571,776,861,16.22,63.88,348.85
1.5863498238329783,725,83,20.33,79.67,228.30
1.587716854410064,79,618,25.00,100.76,383.58
1.5880963718001078,339,900,16.47,65.93,114.87
1.5890099236386952,52,458,16.86,65.24,115.04
1.5903814542952905,602,453,16.72,67.60,179.46
1.5906628905855371,635,560,27.68,109.06,844.52
1.593164476047105,270,496,19.36,79.22,103.12
1.5932326787901576,707,477,9.96,41.46,337.83
1.5966952130203473,102,149,22.64,89.93,164.35
1.5973004867555778,465,918,18.60,73.35,118.60
1.6023005619361974,389,470,12.28,49.20,62.84
1.602356406765007,580,130,25.41,98.60,1037.03
1.60283634813142,82,56,17.76,71.69,140.47
1.6029327550160999,157,977,15.86,64.41,189.82
1.6031813471328065,797,983,20.01,79.99,138.80
1.6045268467008633,820,374,31.83,125.49,229.21
1.6047218108435017,681,259,18.57,74.02,426.57
1.6056466407332564,385,746,7.83,30.77,107.98
1.6058493392574706,389,957,9.87,39.33,109.87
1.6059445193687565,403,918,19.41,80.59,138.01
1.606798883904584,517,305,29.99,118.60,147.62
1.6078208026289365,405,862,15.54,64.26,251.12
1.60983850482481,667,114,5.35,20.22,130.56
1.611383406178047,409,911,0.14,0.28,79.92
1.6127686106804107,828,666,7.18,30.38,101.35
1.614013047341256,39,108,20.37,79.63,924.69
1.6160520499548165,409,155,0.07,0.21,64.28
1.6170252551195108,904,453,15.08,61.65,194.54
1.618221578678154,994,864,6.21,27.18,86.08
1.621457452251116,153,705,19.33,80.67,242.86
1.6216229140479754,99,752,17.88,72.73,147.79
1.6217360229017808,656,452,15.89,64.13,148.58
1.6218500574589194,255,279,21.53,86.49,121.53
1.623113977117561,981,744,8.18,32.42,162.90
1.6237214682742125,11,855,12.47,51.38,830.06
1.6243156083330383,446,648,14.80,58.23,193.33
1.62452581211696,315,22,15.43,65.57,242.77
1.6264117983772388,776,637,12.55,51.33,140.63
1.6274259580004329,35,691,20.17,79.83,116.25
1.628545196149573,752,855,28.96,118.83,859.02
1.6305100818426401,815,130,23.57,96.12,1060.60
1.630662838537686,914,130,12.03,47.47,1072.63
1.6309388953385102,828,108,5.96,24.42,930.65
1.6314469559967226,0,618,12.44,51.97,396.02
1.6321970940311403,705,786,48.61,194.25,100.06
1.6361295493361228,178,216,10.10,41.05,89.56
1.6373739069492643,6,851,10.07,40.67,129.60
1.6375703497494702,570,891,19.61,80.39,99.81
1.6380505565666659,715,151,26.43,100.95,185.63
1.6384175872453095,462,129,6.75,26.08,266.12
1.6387977378985314,307,594,24.34,102.40,144.74
1.6389637010232276,52,736,12.81,52.43,135.33
1.6391971789577038,292,15,27.31,106.06,94.11
1.6393709931302185,333,585,28.95,113.13,132.37
1.639386272164567,109,259,8.32,33.29,434.89
1.64077449541554,470,259,12.64,50.20,447.53
1.641270004655735,985,560,17.02,68.60,861.54
1.6427041939415008,759,698,26.00,102.64,143.97
1.644046693212238,167,419,27.54,112.29,172.26
1.644539532383268,448,560,26.40,109.95,887.94
1.6454688071250625,126,891,16.09,63.86,115.90
1.6477432014488334,710,872,4.45,17.11,131.58
1.6535793336826354,416,130,15.81,63.81,1088.44
1.6537858087222541,904,477,12.40,49.25,350.23
1.6542113379284182,428,734,11.44,45.59,62.18
1.6543383175090598,627,972,10.92,45.58,115.09
1.6547566085070842,225,328,26.00,95.86,135.18
1.65611083084156,413,618,10.05,39.91,406.07
1.6577880316739384,173,22,17.37,68.08,260.14
1.657894557652794,797,517,16.35,63.64,134.95
1.662602045920564,385,430,6.19,24.58,107.07
1.663621520790752,440,311,12.41,49.29,67.77
1.663727507242607,692,413,18.85,81.15,58.76
1.6643091057571404,225,55,19.61,76.25,139.27
1.6644901044144274,311,130,13.25,54.52,1101.69
1.6657044287050367,223,28,11.25,44.79,96.84
1.6658377860663118,113,438,26.35,101.18,202.17
1.665845158123289,387,855,11.29,45.55,870.31
1.665967506331155,84,791,53.42,212.03,133.23
1.667737557611008,613,92,2.00,8.55,193.73
1.6678696795120649,960,947,15.50,64.42,191.99
1.667999554601682,644,262,16.03,64.13,105.05
1.6682192245654375,774,187,15.66,65.20,241.84
1.669229760595325,827,600,19.52,75.56,180.57
1.670584382754866,932,134,21.79,88.05,173.90
1.671192810030048,845,606,16.30,62.34,159.27
1.6719500646524272,998,712,4.59,18.66,174.72
1.673148186648626,454,130,21.83,89.18,1123.52
1.6738968559662424,318,875,15.42,64.21,126.56
1.6751834755817696,723,618,4.60,17.94,410.67
1.6756916783935258,351,473,25.64,102.39,122.00
1.6766099281243718,681,130,14.70,59.32,1138.22
1.6779939116329772,710,171,3.50,13.61,104.81
1.6808838657042229,234,984,8.77,32.33,127.41
1.6813281373905338,388,750,26.70,109.40,106.57
1.6833612072707358,802,988,12.29,51.78,166.31
1.683654353118178,526,828,11.81,47.59,36.23
1.683945614262655,543,618,12.21,53.88,422.88
1.6840569366180793,500,509,27.39,108.15,91.14
1.6842385329044616,856,517,10.43,39.65,145.38
1.6846123459814306,86,676,13.08,50.80,79.77
1.6862043649715204,404,743,0.48,1.56,214.21
1.6893327172304755,486,766,44.33,179.08,303.20
1.6909041457501863,419,378,34.31,137.95,178.67
1.6939753255442815,600,606,36.61,143.96,195.88
1.695196046483072,56,634,27.12,113.35,330.38
1.6980828919882907,914,402,9.72,37.75,192.27
1.6993030315851354,962,818,20.27,80.20,99.72
1.6998409000691506,2,65,16.63,66.88,148.38
1.7028472573742655,629,618,28.67,111.24,451.55
1.7029021006750729,223,278,8.74,36.05,89.40
1.7037941308306754,23,374,8.33,32.25,237.54
1.7045964410272854,537,22,31.12,124.74,291.26
1.705152332646808,633,618,20.27,82.44,471.82
1.7088147904688324,992,84,17.89,68.92,229.92
1.7093730848282496,44,580,8.47,32.39,107.07
1.7103036663946933,698,403,28.52,115.45,109.11
1.7112184122876832,529,560,16.36,63.50,904.30
1.7128112196454364,341,430,7.26,28.78,114.33
1.7140119739715163,838,560,22.79,94.76,927.09
1.715402676408322,57,13,23.95,98.35,174.74
1.7156007963335587,350,376,15.85,59.58,66.63
1.7158672145549883,6,130,8.22,32.45,1146.44
1.7176607731076632,904,536,10.03,39.22,105.29
1.719939067178759,612,550,15.94,63.46,95.86
1.7201363681096977,704,282,29.57,115.20,150.91
1.7225780484831936,177,19,9.63,38.66,86.29
1.723765411143686,849,498,9.65,36.56,109.65
1.7241954058789521,45,955,12.40,51.40,133.82
1.7245696380267967,196,637,16.68,63.08,157.31
1.7256756031986553,342,315,13.31,50.58,78.88
1.726680995665311,410,130,18.08,74.00,1164.52
1.727959098779858,582,470,15.62,64.41,65.82
1.7294278425531728,994,764,5.76,21.42,94.78
1.7294606827093968,104,374,19.95,80.05,257.49
1.729506826217718,132,130,20.62,78.96,1185.14
1.7307739042130659,948,354,12.29,51.59,148.43
1.730841319789802,496,998,20.93,82.19,39.59
1.7312338115656314,815,384,19.35,76.77,157.12
1.7317586447592996,409,775,0.06,0.15,64.79
1.7336478998630733,914,660,7.76,29.99,107.76
1.733873121363134,938,435,12.48,48.61,391.16
1.7338996195750815,681,119,11.51,47.81,120.82
1.7361233432861582,160,855,16.59,63.55,886.90
1.736417603324819,77,200,17.78,74.77,91.82
1.736451435283625,446,609,11.55,46.68,143.60
1.737296199952841,104,705,16.00,64.05,210.25
1.7394484769635636,672,300,1.57,7.21,66.24
1.739830901674386,506,91,23.34,96.35,64.19
1.7406293308474232,404,882,0.28,1.28,56.51
1.7406679804427987,394,430,19.99,83.08,134.32
1.74092966888782,442,957,19.32,76.08,129.19
1.7415148871308226,573,958,15.15,64.30,96.70
1.7421898772628888,613,855,1.81,6.74,888.71
1.7424044572773574,678,249,20.53,79.47,152.47
1.7434631951855628,246,861,27.23,107.70,376.08
1.7447755167870491,353,411,19.81,80.19,274.07
1.7450637640459623,106,409,15.85,64.75,16.00
1.745351060302295,205,881,24.29,95.66,104.12
1.7486108355162588,385,861,4.79,19.79,380.87
1.7494106434931713,540,226,1.72,6.70,100.60
1.7519959554906577,279,682,23.78,97.75,166.49
1.7533443310901344,938,777,9.28,39.33,96.47
1.7534513741863318,270,907,16.03,63.19,95.22
1.7557360450025414,5,178,11.89,48.89,52.94
1.756320333785548,914,91,6.34,23.65,70.53
1.7564164154658808,537,592,24.77,99.97,143.07
1.7564967021331532,445,130,23.84,95.19,1208.98
1.7579865226414912,22,560,58.42,232.84,985.51
1.7582907478139056,321,560,8.58,32.93,994.09
1.7599836480577313,146,419,20.17,79.83,158.12
1.7635330627462653,59,743,19.73,80.27,233.94
1.7638469060937398,279,108,19.84,77.91,950.49
1.7649257253056503,454,344,17.54,71.64,153.90
1.7652451808609277,740,746,20.54,79.30,128.52
1.7653928559455176,527,130,1.87,7.88,1210.85
1.7659335219762162,719,958,7.81,29.03,104.51
1.765973704660728,723,912,3.68,14.26,84.58
1.7683439405440944,977,557,38.08,151.74,145.18
1.768635762551101,564,97,20.26,79.74,192.38
1.7713816372685887,304,149,16.26,63.01,180.61
1.7729479512311062,686,282,24.25,90.80,175.16
1.773294485096193,548,353,12.81,50.51,93.00
1.7735582105700545,592,149,27.74,115.33,208.35
1.7746423826351254,190,16,15.99,62.64,115.99
1.775722969172158,67,344,23.67,96.81,177.57
1.7761560933920804,103,861,16.13,63.68,397.00
1.7772826438703997,519,224,23.68,95.67,92.36
1.7778767330144327,643,966,17.37,72.12,121.40
1.7784660337555784,149,474,40.37,167.98,159.50
1.7791365400191543,257,536,17.18,69.68,122.47
1.7802547378236504,89,50,15.37,64.47,150.07
1.7816467665346032,661,834,12.45,52.19,95.19
1.782764224507136,561,129,14.92,59.17,281.04
1.7835230054256201,589,855,24.18,95.72,912.89
1.7847335031268055,667,861,4.06,16.16,401.06
1.7867169910019665,507,452,23.16,94.51,171.74
1.790806978459944,914,34,5.00,18.65,100.77
1.7920962152783753,336,700,12.41,51.23,167.33
1.793434428451867,182,142,20.06,83.71,128.00
1.7938428579754515,246,873,21.26,86.44,306.79
1.7938560244309372,527,855,1.80,6.08,914.69
1.7946395527198706,611,996,4.11,16.62,104.11
1.7966806760778122,873,102,61.60,245.19,151.53
1.7973198392320915,46,387,19.68,80.32,65.23
1.7997926842528478,555,108,19.68,75.87,970.17
1.80300298691088,799,323,26.47,104.16,119.03
1.803208948124976,436,424,20.63,79.37,153.33
1.8038781481037347,891,22,22.84,93.06,255.68
1.8059641308383703,180,230,14.88,59.78,78.79
1.8059799867418465,396,285,24.76,95.03,160.11
1.8064959951112558,163,654,20.45,79.55,199.51
1.8071091261658991,842,731,21.79,90.79,101.59
1.8090761827021913,971,777,29.76,121.96,126.23
1.809404921010349,993,130,26.08,107.61,1236.93
1.8096275460082933,923,249,16.86,68.14,169.33
1.809689330667033,667,130,3.25,12.91,1240.18
1.8121949090059322,656,945,12.84,51.29,153.02
1.8135882582775267,915,341,6.35,26.37,35.13
1.8147304761365728,303,402,18.96,77.29,211.23
1.8179356391578734,913,678,2.09,8.71,81.56
1.8225219010188567,177,22,7.93,30.73,263.61
1.8232826933850341,103,261,12.25,51.43,65.67
1.8232907313496853,754,618,13.13,51.19,484.95
1.8237854307421006,998,460,7.99,31.60,126.93
1.8273159414451143,30,560,16.02,63.86,1010.11
1.827796833999664,133,98,23.37,92.78,142.78
1.8281199041898741,252,567,13.02,54.18,113.02
1.8300372387746469,142,114,25.19,102.81,155.75
1.8303094821666366,411,157,55.50,218.57,119.91
1.8306239139443468,337,898,23.77,92.57,103.50
1.8310491984347474,527,341,1.35,4.73,36.48
1.8317388294506227,545,82,16.02,64.69,87.71
1.8346893470419592,721,681,20.40,79.60,68.21
1.83487326808655,904,429,7.50,31.72,73.63
1.8354668229424245,79,886,20.91,79.85,110.45
1.8355323970956652,685,580,12.30,51.34,119.37
1.837007098537218,985,408,13.96,54.64,104.50
1.8377654723967567,980,861,4.01,16.92,405.07
1.838727048804683,229,912,16.03,63.60,100.61
1.8400081692386592,274,173,16.67,63.63,84.75
1.8401348689177108,258,319,12.86,50.68,116.37
1.840327252755358,52,855,10.43,42.00,925.12
1.8423487315772835,379,701,15.56,64.16,249.54
1.843568628415937,224,953,18.42,73.94,180.74
1.8449372325080227,300,861,13.50,52.74,418.57
1.8449972447802971,875,187,25.38,101.18,267.22
1.8455089115161034,318,51,12.14,52.07,134.44
1.8486972561917854,812,522,1.47,5.83,96.56
1.8487691571408522,932,707,17.31,70.74,58.77
1.8503155035881174,444,919,19.53,80.47,109.04
1.8505013172909728,541,861,12.45,51.50,431.02
1.8513153814067096,515,453,12.54,51.60,207.08
1.8518046598102562,892,129,24.20,95.85,305.24
1.8525292447383919,896,320,23.99,95.50,57.08
1.8532475226458565,622,37,4.44,18.10,68.98
1.8542360310648038,57,930,18.97,79.38,115.70
1.8561260164967304,748,831,12.71,51.31,143.77
1.856239771625901,279,38,15.93,61.98,115.93
1.856405320456774,409,647,3.22,12.78,54.01
1.859163242803628,876,805,10.58,41.17,110.53
1.8600170603862793,661,555,10.61,41.58,86.48
1.8618991980432236,339,872,12.83,53.10,144.41
1.861941767205129,913,675,1.75,6.96,108.76
1.862807587007995,672,94,1.30,5.91,81.08
1.8629748230616516,387,949,12.91,52.32,122.50
1.863150444931075,85,988,24.31,95.44,190.62
1.8664356250740308,65,85,29.12,119.26,124.56
1.8666700428552665,452,861,33.60,138.14,464.62
1.8672100293876621,34,248,20.32,80.45,180.40
1.8684986376477055,911,805,15.87,64.05,126.40
1.8692186085009581,52,766,8.22,33.78,311.42
1.8695012123090793,877,285,12.79,51.53,172.90
1.8718267431565656,540,108,1.48,5.22,971.65
1.873232055569458,891,766,19.05,74.01,330.47
1.8734893483671087,296,130,3.00,13.84,1243.18
1.8743495133975794,177,855,6.47,24.26,931.59
1.8753755138299897,998,260,6.28,25.32,123.72
1.8778946746004648,446,851,9.60,37.08,139.20
1.8782837551132907,897,22,20.02,79.98,283.63
1.8797143784142385,596,634,10.65,40.99,341.03
1.8807218474071168,503,96,9.74,41.49,89.19
1.881372369725212,234,855,6.69,25.64,938.28
1.882040333319336,592,702,23.02,92.31,73.67
1.8839744351671035,949,866,24.75,97.75,80.07
1.886574002289558,624,923,6.51,25.01,74.65
1.886936317761205,540,628,1.20,4.02,101.20
1.8870947339589832,999,988,16.48,63.07,207.10
1.8874176446674957,422,108,25.14,98.98,996.79
1.8877480928059365,848,194,27.70,112.09,139.61
1.8878444812835247,710,601,2.64,10.97,102.64
1.8880696612402543,667,866,2.35,10.56,82.42
1.8885129730327281,784,541,12.30,46.86,63.80
1.8895049683834046,509,114,17.59,73.55,173.34
1.8918726703109257,339,746,10.43,42.67,138.95
1.8922914888701319,102,259,29.72,121.81,477.25
1.893580893233559,169,352,8.02,32.33,107.86
1.895019343108611,515,129,10.57,41.03,315.81
1.8950552902389846,409,283,2.53,10.25,112.55
1.8950944339576017,270,439,12.46,50.73,217.67
1.8959926941378618,606,905,37.89,157.99,101.61
1.8963578808137467,233,411,23.65,92.56,242.22
1.8976414096130636,586,113,13.39,51.87,114.57
1.8995274187031712,358,130,19.68,77.17,1262.86
1.8997240909333464,167,694,22.93,89.36,127.18
1.900105628242224,409,108,2.08,8.17,998.87
1.9003344421652266,104,517,13.02,51.03,158.40
1.9007972553099224,975,384,13.31,51.48,170.43
1.9039549300867273,869,98,16.10,63.87,158.88
1.9044143275076932,778,637,20.32,79.68,177.63
1.9050881479650776,237,971,16.11,63.72,138.07
1.905342542889279,496,827,16.44,65.75,92.00
1.905493068056655,539,560,18.32,73.25,1028.43
1.9059656840814418,958,383,20.55,83.96,184.30
1.9088794286327588,31,861,2.93,10.48,467.55
1.9092166113850566,342,478,10.20,40.38,112.36
1.9104031089729268,50,119,29.33,120.74,150.15
1.9105600363947688,325,991,10.48,41.32,61.11
1.9105945488130418,23,114,6.23,26.02,179.57
1.9107138471762148,259,748,94.45,382.80,145.76
1.9111321904284215,230,831,16.49,62.30,160.26
1.913986389567048,431,24,17.40,69.13,117.40
1.9148927613645128,837,863,9.76,39.21,92.80
1.9171020211766445,145,770,21.06,86.63,121.06
1.917315570791391,708,862,24.02,95.83,275.14
1.919377435972809,926,503,12.66,51.30,54.15
1.9202703719191305,556,283,29.04,115.17,141.59
1.9217659553075586,694,489,26.08,101.10,126.08
1.922083095404263,201,855,14.36,56.50,952.64
1.9220962280195446,865,537,16.32,64.10,116.29
1.9222575487646023,839,648,13.93,55.10,207.26
1.9222587883311877,456,634,13.70,53.93,354.73
1.9251227631122534,667,933,2.20,8.36,122.05
1.9267568436662366,997,8,23.00,92.27,118.84
1.9273209055413498,540,130,0.77,3.25,1263.63
1.928100809824913,613,693,1.25,5.49,81.47
1.9282947452915675,620,618,12.02,47.75,496.97
1.9298635549975154,222,855,9.80,37.68,962.44
1.9309536438613495,446,323,7.67,29.41,126.70
1.9330638617037101,674,560,35.94,140.06,1064.37
1.9345506611579553,417,191,7.84,32.28,47.87
1.9348650931370255,768,45,22.65,88.48,74.05
1.9356782515671795,119,279,29.74,120.41,91.72
1.9369524551304067,511,53,18.04,68.36,97.90
1.938070995739172,277,919,19.69,79.31,128.73
1.9392858192110727,2,505,12.81,54.07,134.11
1.9405729229980975,470,130,13.36,52.46,1276.99
1.9413334579859425,419,618,32.24,125.88,529.21
1.9421205252612335,468,618,26.11,104.89,555.32
1.9426245818856658,831,112,32.59,127.67,162.56
1.943708251719896,296,160,2.81,11.03,66.36
1.946425848115534,963,344,24.54,95.58,202.11
1.946814710205175,304,402,12.47,50.54,223.70
1.947614734707317,300,746,10.78,41.96,149.73
1.9484276642866196,941,20,22.22,89.68,109.26
1.9514651912939354,665,187,19.53,76.39,286.75
1.9523220780198949,22,193,57.31,226.32,207.02
1.9534053075060556,730,324,19.62,80.38,52.34
1.953538922778448,653,705,15.67,64.79,225.92
1.953562411999215,583,532,12.67,50.59,139.20
1.9542692661466938,433,982,16.24,64.10,154.47
1.954938473400981,191,383,9.22,38.65,193.52
1.9550375069619164,194,383,27.91,111.70,221.43
1.9550398600719576,409,631,1.54,6.63,193.50
1.9552921296243075,173,501,16.98,67.77,156.69
1.9563741416685043,899,334,21.11,82.35,212.50
1.9571052255799801,194,63,23.11,88.59,113.77
1.957172566921105,911,578,12.88,51.17,419.08
1.9585300884837966,527,727,0.90,3.83,113.28
1.9591277670004552,657,560,39.77,157.41,1104.14
1.9593728784697604,107,51,20.14,79.86,154.58
1.9598720591042238,993,477,21.39,86.22,371.62
1.960456607462768,325,948,8.41,32.91,60.00
1.9606012756853994,915,330,5.30,21.07,43.41
1.9609997080651302,182,578,16.80,66.91,435.88
1.961788695770064,667,48,1.59,6.77,55.48
1.9630400570881354,557,248,29.24,115.94,209.64
1.9632142044012835,140,623,20.00,80.00,99.94
1.9651509093307398,680,686,27.20,106.69,118.00
1.9658271564208833,938,437,7.56,31.77,87.54
1.9663295303153696,561,357,11.48,47.69,111.48
1.9671173906716963,261,944,12.66,53.01,132.90
1.970498573390091,101,503,19.46,76.84,73.61
1.9711334474477198,255,133,17.63,68.86,110.41
1.9715122399275995,685,134,10.29,41.05,184.19
1.973675955818528,410,107,14.34,59.66,94.20
1.9737759362783343,798,855,23.92,100.47,986.36
1.9753482114394054,343,790,23.15,93.26,158.45
1.9761305605404313,910,578,10.61,40.52,446.49
1.9771132073419835,980,709,3.15,13.77,95.72
1.9774098173101602,590,757,13.40,54.22,144.23
1.9793020853494914,106,684,12.97,51.78,77.13
1.9796771689450292,323,259,26.06,100.64,408.86
1.9796801819703873,911,278,10.74,40.43,100.14
1.980763011228678,141,108,27.64,109.75,1026.51
1.9813998123620173,106,531,10.31,41.47,90.26
1.9819714671662751,12,803,16.43,62.77,96.24
1.9831794692577138,846,17,12.29,51.36,123.53
1.9835881588247806,63,248,23.07,90.70,232.71
1.9840114891431824,43,218,23.49,92.26,49.97
1.9841210969066787,688,883,19.91,82.21,105.94
1.9845034901790988,818,391,19.61,80.11,176.99
1.9846022072456673,196,560,12.39,50.69,1116.53
1.9860417989717716,986,560,15.98,63.87,1132.51
1.987627697981199,847,344,14.21,59.39,216.32
1.9899820728233046,336,192,10.36,40.87,100.68
1.990067230500444,87,491,16.39,63.66,156.50
1.9903494146134628,544,197,12.82,51.14,77.32
1.9909860401292199,479,885,15.48,65.11,115.48
1.99226709118662,303,771,15.26,62.03,105.44
1.9933059818365093,45,22,15.01,59.04,241.33
1.994330419043894,775,174,13.38,51.41,137.90
1.996468353447845,915,761,4.22,16.85,68.14
1.9974763195517087,339,649,8.37,34.30,127.36
1.998441299586526,922,861,29.16,121.02,496.71
1.9995856136461274,429,688,14.26,59.37,96.47
2.0007509187147052,427,83,12.97,51.00,241.27
2.001099895640366,200,788,18.39,73.43,82.39
2.002175189589546,399,855,25.65,105.72,1012.01
2.0029609904224874,961,759,16.41,63.90,119.05
2.0045931719308685,558,271,17.22,68.34,100.37
2.00617561505289,812,19,1.29,4.54,87.58
2.006645659901699,818,217,15.52,64.59,131.67
2.006996593505908,486,626,35.07,144.01,147.46
2.007848862316106,695,746,15.61,63.38,165.34
2.008265486799135,109,488,6.27,27.02,100.42
2.0104123617835468,177,39,5.17,19.09,84.80
2.0108603474169966,836,187,16.48,63.79,303.23
2.0113079524514115,364,675,23.97,95.93,132.73
2.0116855408577283,36,150,17.61,71.11,121.57
2.012678568049098,446,130,6.11,23.30,1283.10
2.0139357156722095,905,536,20.03,81.58,142.50
2.014623431106936,708,20,19.39,76.44,128.65
2.0158187018503457,837,176,8.12,31.09,100.49
2.0176749677669052,941,92,17.35,72.33,211.08
2.017825983940989,664,217,32.83,131.44,164.50
2.0179074545781535,827,130,18.96,73.04,1302.06
2.018011716930644,892,592,18.99,76.86,111.30
2.018074358605019,404,330,0.28,1.00,43.69
2.020992402820399,218,433,10.42,39.55,74.52
2.021214691103455,636,958,28.89,114.21,112.85
2.0213997032873623,384,195,33.66,136.77,133.66
2.021598173262322,980,130,2.63,11.14,1304.69
2.0221939590735123,953,18,35.58,145.16,115.79
2.022794752393434,913,501,1.37,5.59,158.06
2.0227958311523544,637,300,36.15,141.48,78.11
2.024734929869251,355,423,19.94,80.06,125.21
2.0255812169973586,913,872,1.04,4.55,145.45
2.026104376674922,812,377,0.92,3.62,144.15
2.0288189921352378,107,859,18.88,75.32,98.86
2.0294125112061283,403,130,21.98,87.13,1326.67
2.030539133648506,931,892,16.29,63.92,93.15
2.0326945497856244,103,354,10.56,40.87,158.99
2.0331753403517148,409,682,1.25,5.38,167.74
2.033832435773061,218,141,8.02,31.53,117.77
2.033918857770556,791,578,26.37,106.86,472.86
2.034506457459623,218,618,6.51,25.02,561.83
2.034855952405317,672,767,1.32,4.59,81.25
2.035114438241444,54,855,20.18,79.82,1032.19
2.035853020523525,401,108,15.67,64.15,1042.18
2.0378540710380677,177,560,3.81,15.28,1136.32
2.0394654265082135,864,374,17.25,68.83,274.74
2.03998738087756,756,578,25.22,104.26,498.08
2.0402937553842153,206,108,16.83,68.07,1059.01
2.042120290405757,417,636,6.33,25.95,120.54
2.0434520495676276,527,971,0.60,3.23,138.67
2.0437125922962265,945,108,30.90,122.12,1089.91
2.044342144796229,81,705,35.02,140.92,260.94
2.044453088474779,577,304,18.63,81.37,69.17
2.045520645810317,346,68,19.55,78.81,115.81
2.046868192366863,69,560,20.53,79.47,1156.85
2.049272384634953,379,707,12.40,51.76,71.17
2.0493154644612774,409,634,1.12,4.26,355.85
2.0500354335449797,225,874,14.97,61.28,65.07
2.050162401304633,376,22,13.90,52.73,255.23
2.0506958542201423,923,560,15.58,59.07,1172.43
2.0508775373831334,922,56,23.91,97.11,137.26
2.0511029566914263,181,496,12.52,51.28,78.27
2.0521533522509947,201,927,11.19,45.31,149.66
2.0528734236883492,404,767,0.21,0.79,81.46
2.0555783318257745,746,618,33.11,132.23,594.94
2.0576703680023045,317,351,16.72,63.41,119.11
2.0588431514263483,85,428,24.64,99.92,70.23
2.0603726825987136,870,147,11.97,46.90,117.31
2.061910328199228,784,187,9.72,37.14,312.95
2.0622110787731063,826,411,13.83,52.39,256.05
2.0638881638909075,47,855,27.75,107.62,1059.94
2.0644901810369514,985,909,11.23,43.41,158.60
2.0655672749225986,475,108,24.73,98.63,1114.64
2.0656174519948656,958,130,22.26,90.59,1348.93
2.066539133816405,329,26,10.27,40.50,126.85
2.066698520741557,337,175,18.86,73.71,104.80
2.067551895736368,24,874,22.81,94.59,87.88
2.0691634393062612,553,618,15.26,61.06,610.20
2.0708633714371474,533,734,19.45,77.13,81.63
2.0715768571938225,409,108,0.85,3.41,1115.49
2.071838515789328,245,804,9.96,40.38,116.29
2.0737239634198548,43,227,18.40,73.86,137.01
2.07490560685559,382,435,12.45,51.78,403.61
2.076114351182867,937,680,18.70,76.42,125.39
2.076439028416265,622,371,3.73,14.37,93.14
2.0768652233330696,610,285,15.52,61.70,188.42
2.0806577174446357,998,773,4.88,20.44,68.64
2.08107574065166,626,931,29.61,117.85,93.53
2.0823961239089073,575,861,15.18,61.02,511.89
2.0829587942778955,980,960,2.28,8.86,66.70
2.083492226898695,76,374,16.18,64.09,290.92
2.0835293414365315,499,854,20.05,80.81,160.61
2.0846691908007227,497,653,24.17,95.75,88.96
2.0853263213852085,409,312,0.65,2.76,116.63
2.0886445162202536,211,108,21.78,85.33,1137.27
2.0890088409892926,938,861,6.32,25.45,518.21
2.090102471588412,851,517,28.20,111.00,186.60
2.0901407005560846,809,713,1.78,6.49,26.84
2.090420829573847,348,530,15.62,64.68,80.45
2.091619320952074,409,917,0.54,2.22,100.54
2.0917326519608617,439,838,43.47,174.20,138.23
2.0940316085967243,553,675,12.30,48.76,145.03
2.0940582661157134,626,334,23.12,94.73,235.62
2.094515606349289,567,556,23.42,89.60,138.59
2.095427441859507,822,435,15.64,61.35,419.25
2.0957106409465007,296,56,2.33,8.70,139.59
2.0966806084718663,557,829,22.91,93.03,194.26
2.098128215927125,527,845,0.63,2.60,62.97
2.0983532709698527,376,771,10.50,42.23,115.94
2.0996260936218465,860,855,9.89,37.81,1069.83
2.101080625704418,85,987,19.94,79.98,143.58
2.10142111564646,784,855,7.20,29.94,1077.03
2.102954215628304,246,108,17.08,69.36,1154.35
2.104278648326131,543,213,10.95,42.93,110.95
2.106514237988428,424,323,30.44,122.89,131.08
2.1066983200065628,532,417,27.59,111.61,53.54
2.106997794594232,690,129,12.51,51.35,328.32
2.1077736109803076,82,277,16.84,70.87,96.15
2.107972280843379,366,855,12.30,52.13,1089.33
2.108225403810045,409,19,0.53,1.69,88.11
2.109629970574989,297,634,22.92,93.11,378.77
2.1097287052413667,520,862,19.91,80.09,295.05
2.110159867761885,690,249,10.57,40.78,179.90
2.110622001047628,409,486,0.26,1.43,144.27
2.1108778227324008,111,540,21.05,83.30,24.30
2.111824647529058,564,665,16.52,63.22,92.91
2.112335655560016,644,737,13.02,51.11,113.02
2.1142142944239506,177,22,2.65,12.63,257.88
2.114315680286153,249,853,35.85,144.05,125.74
2.11645467974345,604,60,6.89,27.62,91.87
2.1183990065533114,980,665,1.82,7.04,94.73
2.1205764278740977,472,311,20.67,79.33,75.19
2.1210230107457826,562,826,11.20,44.03,63.59
2.1218546931805267,409,301,0.33,1.10,116.07
2.1237360258511835,478,560,21.93,90.43,1194.36
2.123867160220573,667,613,1.33,5.44,6.82
2.1239147243446643,672,419,0.93,3.66,126.81
2.12415473941386,290,108,12.70,53.95,1167.05
2.124473904003133,891,746,14.39,59.62,146.62
2.126297385841874,742,896,8.05,32.10,103.55
2.127108411079379,959,739,23.24,96.85,117.68
2.1271256610998037,889,20,20.13,84.68,148.78
2.1282312194803197,737,639,22.91,90.11,102.85
2.1293560301671204,900,130,22.89,91.98,1371.82
2.1303658639707663,332,315,19.37,80.63,98.25
2.1311711824065704,405,93,12.75,51.51,93.18
2.1339740503144675,429,95,11.99,47.38,62.99
2.1366989487595816,152,998,20.54,79.46,40.98
2.1368102070625143,399,402,20.91,84.81,244.61
2.1368183553609317,390,600,26.73,109.78,170.69
2.138032007564602,624,607,5.00,20.01,85.06
2.1386129778505074,409,657,0.27,0.83,157.68
2.139101916046796,788,985,16.31,66.08,59.72
2.140093276038842,202,502,25.62,102.21,102.14
2.140187346476041,151,84,36.57,149.06,266.49
2.142301118652693,988,852,41.99,165.11,161.72
2.1423740122888475,666,989,20.30,81.05,119.36
2.142749731970998,658,259,29.86,119.99,438.72
2.142913816480387,636,697,24.25,96.29,139.59
2.143734047997272,452,235,27.03,111.11,147.30
2.143908703489824,54,643,15.85,63.97,87.97
2.1445093885606274,345,108,17.24,70.31,1184.29
2.1445434557744147,129,56,64.93,263.39,204.52
2.146199665335683,547,251,25.95,109.53,90.01
2.146589607935377,315,648,19.45,78.80,226.71
2.148480126042379,828,453,6.98,29.25,214.06
2.1488720269299715,574,344,19.06,76.96,235.38
2.1496702618284425,898,823,21.08,82.42,86.33
2.1498973827189283,718,562,35.56,141.52,79.59
2.1499606392570616,992,855,13.10,55.82,1102.43
2.1519644664427844,871,84,18.88,77.40,285.37
2.152825240575738,927,211,29.76,119.90,115.09
2.1530084578076267,336,735,8.03,32.84,78.19
2.1535557826407414,260,309,25.46,98.26,158.02
2.1536049915125135,798,130,19.59,80.88,1391.41
2.1546410156042137,590,560,10.75,43.47,1205.11
2.1548268069618586,13,365,34.73,140.01,142.95
2.1566643550157147,766,263,64.61,265.86,129.81
2.1609278522997233,100,346,11.78,45.99,90.59
2.1630547282130217,672,727,0.63,3.03,113.91
2.1635307729321296,269,371,18.66,71.19,111.80
2.1636444501834964,292,59,20.62,85.44,100.89
2.165770511789306,710,618,2.07,8.90,612.27
2.1667719864724666,956,477,16.36,63.58,387.98
2.1675975915052144,697,855,27.99,111.60,1130.42
2.169180206486265,225,331,12.48,48.80,92.08
2.1707870578910686,659,435,15.74,64.78,434.99
2.1725538043943535,341,129,6.95,29.53,270.34
2.1736769454765805,255,984,13.54,55.32,140.95
2.1738493105503203,235,562,29.32,117.98,108.91
2.1751642824832853,830,874,7.77,33.73,95.65
2.177434484708969,759,588,23.19,95.86,87.63
2.177561511291948,409,486,0.19,0.64,144.46
2.1779223326205854,882,830,11.71,44.80,45.44
2.178072724461713,672,383,0.66,2.37,222.09
2.1783914971858547,507,130,18.79,75.72,1410.20
2.1808891574796747,947,305,38.02,153.97,185.64
2.181523950604331,357,104,22.20,89.28,73.23
2.1820829623613243,108,953,236.52,947.77,381.68
2.1823505591076082,563,449,26.13,104.05,89.74
2.1823668908411107,800,103,12.91,51.57,53.78
2.182401614057382,755,383,9.80,41.49,231.89
2.1842453406443068,895,7,8.39,33.01,108.39
2.184635467134103,94,204,15.97,65.11,115.97
2.1847013218591598,678,602,16.03,65.53,83.63
2.185339437078549,295,22,16.86,68.65,274.74
2.1855283232019986,409,565,0.17,0.47,79.52
2.1856610117571726,430,6,26.61,107.71,59.06
2.1860282643304076,2,637,10.83,43.24,152.31
2.186404529245747,453,719,42.21,171.85,71.24
2.1885037480937304,466,618,20.71,83.38,632.98
2.188595345860479,976,885,15.71,64.17,131.19
2.189524615607608,492,988,26.64,108.41,191.75
2.190525845514645,994,618,4.10,17.32,637.08
2.1916160879938027,539,988,14.79,58.46,206.54
2.195216332551275,430,660,20.99,86.72,128.75
2.1969168417247102,446,130,4.57,18.73,1414.77
2.198039997101641,687,640,12.16,47.21,101.37
2.198317284165454,470,788,10.07,42.39,76.15
2.199489828382846,822,471,12.66,48.69,93.45
2.19983242978187,915,430,3.39,13.46,90.11
2.201932162325987,622,971,2.81,11.56,141.48
2.2020854231696574,243,446,23.24,93.21,41.97
2.2026550268210645,63,675,18.04,72.66,163.07
2.2030754864461026,545,259,13.10,51.59,451.82
2.2031952678598277,561,848,9.35,38.34,121.44
2.2058599969018857,339,881,6.59,27.71,110.71
2.2059853716766527,990,855,19.39,80.61,1149.81
2.206276902209023,49,501,10.41,41.19,168.47
2.209522651262991,578,103,98.97,399.11,152.75
2.210136573850957,410,130,12.06,47.60,1426.83
2.210192722947197,918,680,28.05,109.96,153.44
2.2117007673406803,593,130,24.20,96.12,1451.03
2.2120836563530872,684,884,15.66,61.47,68.01
2.2123556760361573,190,618,11.75,50.89,648.83
2.2131106595308885,370,305,19.07,81.75,204.71
2.2147787328026096,366,322,10.11,42.02,110.11
2.21600100185547,713,666,5.15,21.69,86.20
2.216189610530952,33,153,32.10,128.32,112.77
2.2176355736428657,558,736,13.33,55.01,148.66
2.2177594721049956,421,712,24.18,94.93,198.90
2.218036154868144,994,855,3.33,13.99,1153.14
2.21915666439258,11,995,10.34,41.04,99.16
2.2194990070641927,193,130,42.29,164.73,1493.32
2.2198903882858527,933,288,23.96,98.09,143.43
2.2216532670962734,882,419,9.01,35.79,135.82
2.2219710951807077,912,114,19.73,80.88,199.30
2.224030923708392,233,793,18.50,74.06,118.50
2.2243060047669485,263,130,25.08,104.73,1518.40
2.2254431538970088,503,580,14.21,59.40,133.58
2.2269933085599245,964,48,13.62,56.15,69.10
2.227085582125163,387,22,10.47,41.85,285.21
2.227283674346269,735,773,15.99,62.20,84.63
2.2274094606907813,987,614,28.60,114.98,118.53
2.228486405200837,613,560,1.39,5.43,1206.50
2.23034869465527,617,563,12.39,52.24,116.44
2.2314039424292433,28,480,20.27,76.57,148.97
2.2321677616318043,710,620,1.81,7.09,49.56
2.232271476916982,150,905,24.70,96.87,106.28
2.2345419325441362,549,949,17.85,71.82,115.60
2.2361643051925792,818,996,13.15,51.44,117.26
2.2370340847229757,809,130,1.28,5.21,1519.68
2.239282074998278,682,495,33.01,134.73,123.32
2.2407869329201993,710,560,1.41,5.68,1207.91
2.2410787104473666,900,637,18.06,73.92,170.37
2.241559507127524,846,855,10.20,41.16,1163.34
2.2433595770581163,166,817,8.19,32.35,106.74
2.243362377026723,992,372,10.59,45.23,99.78
2.2452881815420174,582,563,13.03,51.38,129.47
2.246129733270121,563,572,26.06,103.41,145.88
2.247154181398887,307,130,20.95,81.45,1540.63
2.248275473766829,328,397,25.75,109.43,132.77
2.2492189815730397,718,215,28.43,113.09,93.17
2.2495480414604314,676,977,15.70,64.07,167.44
2.250687397685301,710,470,1.22,4.46,43.61
2.2539849232283626,760,945,20.59,79.41,142.71
2.2544606001621976,295,719,13.51,55.14,84.75
2.2558555464033745,723,971,2.95,11.31,144.43
2.256455255570583,341,237,6.08,23.45,69.80
2.2567179634557064,120,309,20.72,85.95,178.74
2.257224207045178,477,949,77.49,310.49,193.09
2.257606231007549,800,501,10.60,40.97,179.07
2.258590536498787,882,130,7.00,28.79,1547.63
2.258612956897971,772,558,23.63,92.41,78.64
2.258761748899825,693,130,16.41,65.06,1564.04
2.258878284773066,142,383,20.86,81.95,252.75
2.260150540405409,44,705,6.74,25.65,267.68
2.2609553912510414,860,559,6.89,30.92,143.24
2.260961731521264,554,750,16.47,64.06,123.04
2.261453325807732,745,305,12.81,51.10,217.52
2.261974353142363,207,885,28.13,112.20,159.32
2.262154857025757,296,103,1.76,6.94,154.51
2.263155177494372,168,477,28.37,117.52,338.86
2.2663174918372073,764,86,19.31,75.47,70.11
2.2672093394921276,812,560,0.82,2.80,1208.73
2.2688114454513624,409,458,0.06,0.41,115.10
2.2713793763800783,375,486,20.41,79.59,164.87
2.271926898578335,246,846,14.42,54.94,55.58
2.2727305486740197,809,68,0.91,4.30,116.72
2.2737705037545033,998,130,8.42,32.56,1572.46
2.276143068627824,225,157,9.54,39.26,129.45
2.279334642071991,11,967,8.18,32.86,105.01
2.2801418840855803,345,374,14.07,56.24,304.99
2.2813418206282954,409,109,0.07,0.34,27.09
2.2820404532773733,402,757,49.13,195.48,193.36
2.2834935124387297,964,60,11.49,44.66,103.36
2.2850502122590197,506,578,19.40,76.95,418.51
2.2864158707704547,913,705,0.92,3.63,268.60
2.288238293766501,467,719,10.13,41.11,94.88
2.2896037769292303,865,766,13.15,50.95,279.01
2.289894687225936,104,374,13.94,59.29,318.93
2.291157990623982,449,578,17.58,72.16,436.09
2.292230298895535,747,917,16.14,63.69,116.68
2.2925879715756947,819,139,12.42,51.10,98.10
2.2953399974496493,5,763,9.99,38.90,109.99
2.295893526809795,197,402,15.02,62.30,210.50
2.296094026110135,25,628,20.50,78.64,121.70
2.296660878595566,667,657,1.15,4.29,158.83
2.298157356255918,526,658,8.96,38.63,128.95
2.2984479804630813,870,465,9.73,37.17,83.08
2.2995704526674023,188,766,20.86,84.58,299.87
2.3002258186732654,954,735,12.11,49.57,74.31
2.300394489744979,401,634,12.74,51.41,391.51
2.3058915163141442,739,873,23.38,94.30,268.57
2.3067274903587354,966,402,24.80,96.60,235.30
2.308724696410734,446,308,8.62,33.35,87.41
2.3087395231393764,784,684,6.18,23.76,67.65
2.3092097119698645,27,130,19.96,80.04,1592.42
2.3100849593649437,690,919,8.47,32.31,137.20
2.3104663824945453,604,129,5.54,22.08,275.88
2.3118481884696145,432,563,19.38,80.62,122.79
2.31217989547187,664,493,27.10,104.34,163.54
2.3140930997220197,810,523,16.77,66.20,80.69
2.317413459896623,288,84,27.89,115.54,313.26
2.3180560824729266,981,344,6.54,25.88,241.92
2.318916815011131,434,196,24.56,98.78,75.25
2.3198695339076694,800,208,8.13,32.84,72.51
2.320146818531112,705,391,52.12,216.48,229.11
2.3203800809484347,685,654,8.38,32.67,207.89
2.3208305494714883,459,849,6.46,26.00,43.02
2.3211359445780655,691,819,23.24,93.01,74.34
2.321382883546907,578,953,86.90,349.19,468.58
2.3214383340736187,928,439,15.59,64.02,189.79
2.3215827076482727,404,21,0.21,0.58,101.67
2.3216562918538006,293,533,23.55,96.17,100.68
2.3228692073952955,335,411,18.02,72.80,274.07
2.3248808811062704,202,439,20.12,82.09,209.91
2.3274491908905763,296,522,1.38,5.56,97.94
2.327741031613041,672,971,0.44,1.93,144.87
2.3291794349921786,631,940,39.61,153.89,159.12
2.329782681475356,540,501,4.81,19.49,183.88
2.3298626816957815,335,705,14.10,58.70,230.58
2.330066175432579,826,299,12.64,50.95,107.58
2.330192398294636,331,535,18.36,73.72,118.36
2.3313975553608772,845,708,12.74,50.23,89.18
2.3329897694578925,361,269,12.94,51.64,84.13
2.336441977180193,448,129,22.28,87.67,298.16
2.337350726924352,366,108,8.16,33.86,955.93
2.3375977958913685,155,872,12.54,51.74,157.99
2.3380601331706337,219,949,19.09,80.91,212.18
2.3404735686971656,527,750,0.59,2.01,123.63
2.3405584026482806,492,187,21.93,86.48,334.88
2.3406750708683592,500,225,21.95,86.20,61.21
2.340751490934961,645,470,12.98,51.70,56.59
2.3411082093547266,112,341,32.61,129.95,56.06
2.342478168759088,201,618,9.77,35.54,658.60
2.342748704336399,909,686,32.02,126.58,150.02
2.34295091729962,138,335,10.07,41.26,68.77
2.342964416008245,442,65,15.54,60.54,134.80
2.3441105719550945,540,560,3.95,15.54,1212.68
2.3441413945694207,528,466,16.22,63.59,99.60
2.34688253109047,756,578,21.53,82.73,370.72
2.34836639673054,986,259,12.74,51.13,464.56
2.349388116805835,526,755,7.89,30.74,49.38
2.349535949245559,255,556,11.25,44.07,149.84
2.3498098210937415,890,384,19.71,80.21,156.48
2.3520411269839876,320,776,11.89,45.19,63.22
2.3528238577722225,296,130,1.05,4.51,1593.47
2.3579050660193395,173,861,13.48,54.29,531.69
2.3594253216654275,105,855,15.48,62.67,1178.82
2.3594356102700336,22,149,56.76,228.45,224.74
2.360796366882698,174,701,28.01,109.89,277.55
2.3623408008578424,710,506,0.96,3.50,77.91
2.3634528896429177,892,874,18.73,74.42,114.38
2.363573035007456,277,430,19.72,76.43,109.83
2.3642172730014286,948,682,12.21,47.79,146.94
2.3646721009252936,656,149,10.14,41.15,234.88
2.366602982032268,418,560,24.45,96.18,1237.13
2.3683858593622884,897,143,15.94,64.04,123.51
2.3687605608715834,102,108,24.10,97.71,980.03
2.3700055740244963,724,375,20.43,79.57,100.02
2.3701438513969553,313,469,20.29,79.71,100.59
2.3704378824863666,872,674,31.51,126.48,171.57
2.373907067423332,491,85,31.66,124.84,111.64
2.3747489764183207,52,678,6.68,27.10,72.21
2.3748794692383886,891,560,11.99,47.63,1249.12
2.374905907699069,860,310,5.86,25.06,71.04
2.3759055601794414,137,209,19.39,80.61,99.32
2.3784075993508083,672,276,0.35,1.58,121.09
2.3790312472924398,964,509,8.92,35.74,82.47
2.3799371002450926,714,108,12.72,51.54,992.75
2.3808137499673125,72,106,9.79,41.41,51.26
2.3816447195734733,719,441,18.98,75.90,118.98
2.38208003236476,502,418,20.52,81.62,116.70
2.3822920311496563,657,971,32.05,126.78,176.92
2.3830492537981502,864,60,14.06,54.77,117.42
2.3833970005449254,666,932,17.18,69.02,87.92
2.383693288989021,319,526,23.11,93.26,53.85
2.3846300050511937,620,136,10.06,39.50,89.79
2.386269957899202,805,894,25.05,101.35,130.28
2.3870963202537925,4,625,12.40,51.47,113.59
2.388754488351462,473,912,24.39,97.61,105.27
2.389028835581377,404,558,0.10,0.48,78.74
2.390596415211064,87,953,12.54,51.12,481.12
2.390747082615797,613,552,1.18,4.25,101.18
2.3923917360435296,483,855,20.44,79.56,1199.26
2.3939720836890057,458,787,22.80,92.30,161.68
2.3941248342068264,672,98,0.28,1.30,159.16
2.3945860256847413,430,662,22.23,87.60,86.87
2.395864353455523,433,855,14.71,59.81,1213.97
2.396078744229891,34,956,15.87,64.58,79.45
2.3970786388711733,967,191,21.40,83.61,60.05
2.3978182445077865,409,129,0.05,0.29,298.21
2.399870192902162,365,666,29.19,113.76,98.21
2.400590438534008,516,77,20.49,79.51,95.26
2.402465407261599,775,383,10.32,41.09,263.07
2.4063784019959575,624,231,3.62,16.39,124.24
2.4064753213758783,134,233,36.80,147.39,110.86
2.4106415888784376,166,67,6.30,26.05,103.11
2.4117018476278,142,592,15.93,66.02,127.23
2.4117145540875464,641,108,18.51,73.53,1011.26
2.4120109864795545,874,187,22.64,91.74,357.52
2.4128419489689037,676,131,12.43,51.64,112.43
2.414083223884128,91,108,14.47,56.06,1025.73
2.4142726288149725,351,669,23.50,95.61,125.37
2.415854618642744,158,105,20.55,79.45,83.22
2.4159657994102104,667,871,0.75,3.54,78.15
2.41632249813776,536,971,27.80,114.70,204.72
2.418023175456874,208,344,14.85,57.66,256.77
2.4194073524925166,812,701,0.60,2.20,278.15
2.421372285232479,624,953,3.33,13.06,484.45
2.421395684108994,237,193,13.83,55.97,178.56
2.421823012339936,639,622,20.67,82.18,32.23
2.4219258611800334,822,228,10.06,38.63,144.11
2.4226259008501234,691,130,18.70,74.31,1612.17
2.423551482839183,339,634,5.77,21.94,397.28
2.4235918246374317,256,484,22.96,91.98,118.04
2.424442243395121,136,592,18.34,71.45,145.57
2.425715490740213,676,701,10.53,41.11,288.68
2.4263727409938127,998,579,6.40,26.16,115.08
2.426971123352584,410,130,9.57,38.03,1621.74
2.4278346910884503,626,147,18.81,75.92,136.12
2.4285086550617523,446,759,6.74,26.61,102.60
2.4309064365373723,2,539,8.77,34.47,67.23
2.43109971133986,891,393,9.43,38.20,72.97
2.431986812364526,312,984,22.86,93.77,163.81
2.432429830111015,582,108,10.52,40.86,1036.25
2.433567083418584,364,483,18.91,77.02,98.47
2.433618353194517,630,209,10.52,40.98,109.84
2.4343935427780106,409,619,0.05,0.24,100.05
2.4351614143692117,933,308,19.83,78.26,107.24
2.4370781760549605,37,435,13.79,55.19,448.78
2.4381115595299994,659,26,13.29,51.49,140.14
2.438584280380908,778,855,15.96,63.72,1229.93
2.438612624246261,661,129,8.19,33.39,306.40
2.4399840719741714,308,453,21.48,85.76,193.33
2.4415320631162793,907,39,18.95,76.27,103.75
2.441904456253664,667,430,0.76,2.78,88.36
2.4434361005258496,477,193,68.92,269.94,247.48
2.4436151848301844,346,733,18.20,72.39,59.12
2.445985576542021,748,560,28.80,116.96,1277.92
2.446732752767573,848,386,24.25,97.19,103.98
2.4469361468306974,95,701,12.47,50.52,301.15
2.4471677790882733,115,861,13.24,50.95,544.93
2.4494567524358306,844,22,9.96,40.84,238.41
2.451974748546697,912,138,21.60,83.67,62.86
2.4530208378621587,183,743,12.63,50.59,246.57
2.4551733079678923,278,154,20.49,79.65,145.91
2.4554862299737343,100,676,9.30,36.69,50.41
2.456040573630797,42,146,20.03,79.97,99.86
2.457386145465276,956,104,16.11,63.34,75.40
2.4576609947450003,852,701,31.92,129.80,333.07
2.4579539773448102,160,865,12.75,53.61,63.70
2.4592065617863867,812,415,0.39,1.81,115.44
2.459597964127872,145,225,16.43,70.20,77.64
2.4619444929286014,81,766,28.82,112.10,328.69
2.4622240093950314,115,855,10.22,40.73,1240.15
2.4622877273158355,622,862,6.48,25.75,301.53
2.4624111517030123,641,6,14.81,58.72,73.87
2.462943825366904,741,130,19.56,79.60,1641.30
2.4638940489775933,510,205,8.26,32.15,103.92
2.4645177252530903,876,190,7.49,33.68,58.38
2.466299318278258,982,402,30.43,124.04,265.73
2.4663647617022804,935,422,16.06,63.66,115.04
2.467025484781827,135,130,20.21,79.79,1661.51
2.468250329584042,914,684,3.72,14.93,71.37
2.4691858751652913,602,192,16.12,67.51,116.80
2.46965724585919,969,274,23.53,95.37,87.16
2.471478141576724,815,873,14.84,61.93,283.41
2.472199815904841,12,39,12.66,50.11,116.41
2.472485242696524,344,765,51.14,205.63,114.07
2.472659879610192,621,738,23.63,95.19,134.31
2.472737360900407,624,713,2.59,10.47,24.28
2.4728612857460175,882,786,5.79,23.00,105.85
2.4742127127203823,201,855,7.16,28.38,1247.31
2.474430264924099,784,944,4.87,18.89,137.77
2.4760140039875997,501,616,36.40,147.48,88.56
2.476697085967708,494,813,15.44,65.22,65.68
2.4770273028505825,753,259,15.72,64.22,480.28
2.477647767593244,606,618,30.86,127.13,689.46
2.4777139586359747,816,703,20.23,79.77,144.81
2.4812998541942988,155,971,10.25,41.49,214.97
2.48295332593098,708,477,17.65,71.53,287.59
2.4844102062052045,833,336,25.92,106.84,58.76
2.485048936582766,341,618,10.54,45.52,700.00
2.4863175164160567,294,592,11.20,47.43,156.77
2.48637951651571,404,187,0.05,0.43,357.57
2.489117904207211,396,458,18.78,76.25,111.08
2.489895541946051,797,822,12.83,50.81,51.46
2.4924841895190966,641,945,11.59,47.13,154.30
2.4929440453182,330,507,8.63,35.06,84.35
2.494703788143861,851,129,22.34,88.66,328.74
2.4959900431415085,480,598,30.43,118.54,54.14
2.49758631842749,274,855,17.91,69.25,1265.22
2.5000030092060745,697,560,22.09,89.51,1300.01
2.500098325352561,491,600,25.74,99.10,196.43
2.500288958139662,851,108,17.66,71.00,1053.91
2.5009351036102245,600,10,39.06,157.37,103.39
2.5017224895845374,419,767,27.13,108.69,108.59
2.501913984603125,907,103,14.83,61.44,169.34
2.502591677882563,451,187,12.48,49.79,370.05
2.50378969626968,386,996,21.15,82.83,138.41
2.505145922316973,232,561,5.01,21.02,43.35
2.5072916541935752,775,392,8.27,32.82,93.11
2.5074197523363932,888,149,23.28,91.39,258.16
2.5078424559357924,190,873,11.41,46.97,294.82
2.5082647147122223,645,218,10.67,41.03,35.69
2.508752653250778,954,967,9.75,39.82,93.36
2.5116227946672516,401,988,9.63,41.78,216.17
2.5118398113639406,256,418,18.47,73.51,135.17
2.512419988117978,360,108,8.05,32.85,1061.96
2.5148714689117098,104,130,14.82,60.58,1676.33
2.5153668112358223,847,60,12.05,47.34,129.47
2.5156682928993885,459,578,5.31,20.69,376.03
2.51739580437549,143,872,25.30,98.21,151.78
2.5202245686866953,844,280,8.49,32.35,88.29
2.521986123271497,312,22,18.46,75.31,256.87
2.522260708262362,695,902,12.50,50.88,131.95
2.523319129071777,672,686,0.20,1.10,150.22
2.523731230103329,465,477,16.89,66.19,304.48
2.5252077426607085,55,861,27.55,111.72,572.48
2.525671244759968,540,187,3.17,12.37,373.22
2.5263793074251746,54,697,12.57,51.40,102.08
2.529064844337704,542,623,18.21,72.27,118.15
2.529157937701195,390,988,21.70,88.08,237.87
2.5293199357014484,201,418,6.03,22.35,141.20
2.5294891938656887,890,999,16.18,64.03,79.25
2.529694296127646,749,134,22.79,89.57,170.18
2.530491119639245,539,585,13.74,53.49,146.11
2.5309787275515876,610,724,11.83,49.87,91.40
2.5316659722342303,433,130,12.03,47.78,1688.36
2.5322982995708934,190,578,9.59,37.38,385.62
2.532986092402486,87,618,9.87,41.25,709.87
2.5338851608628645,546,130,12.98,50.60,1701.34
2.533964449337358,227,113,27.87,109.14,142.44
2.535278708671298,623,192,22.97,95.18,139.77
2.5387661024130885,344,952,42.00,163.63,176.21
2.539433743829358,637,669,34.04,136.33,159.41
2.5399651448857337,409,373,0.06,0.18,122.79
2.540613763312052,719,578,15.19,60.71,400.81
2.541802410248176,667,805,0.54,2.24,101.89
2.5418590619259613,128,265,24.99,101.01,150.80
2.543318702111376,237,986,10.82,45.15,61.95
2.5450000935122654,946,826,19.99,78.94,70.94
2.5452822467321643,182,432,13.94,52.97,94.56
2.5459013653434326,881,700,22.07,88.64,189.40
2.5468475557501726,848,408,20.45,76.74,124.95
2.5471831067612327,480,130,23.19,95.35,1724.53
2.5476345555843,586,482,10.50,41.37,74.64
2.548993381213692,698,499,22.53,92.92,103.34
2.5500056963263127,109,855,5.67,21.42,1270.89
2.5500614467560077,883,820,21.58,84.36,147.07
2.5508432750010455,757,785,39.01,154.35,158.35
2.5515894043166294,351,988,18.55,77.06,256.42
2.552349583568938,620,654,8.02,31.48,215.91
2.5530836359028806,620,560,6.31,25.17,1306.32
2.5550399573322418,186,820,20.64,86.02,167.71
2.555292115497049,467,861,8.57,32.54,581.05
2.5562025860443836,816,488,15.86,63.91,116.28
2.5573292411976554,405,578,10.62,40.89,411.43
2.5582167062036962,800,712,6.60,26.24,205.50
2.559776413556758,720,953,19.73,79.46,504.18
2.5611694024011835,562,949,22.22,86.69,234.40
2.561234798987502,324,108,10.63,41.71,1072.59
2.562412809203946,109,855,4.20,17.22,1275.09
2.5624247875369344,15,222,19.28,74.83,56.96
2.5626769886350935,819,284,15.48,58.86,112.16
2.5643210085259964,281,805,20.51,79.49,122.40
2.565633662450275,669,959,31.04,128.37,127.89
2.5661091200906876,277,662,14.62,61.81,101.49
2.5685685980119546,798,330,16.17,64.71,51.23
2.5693997719985324,8,267,23.54,95.30,167.69
2.569848018566669,610,28,9.61,40.26,86.18
2.5707310033098305,615,325,16.06,63.60,48.97
2.5712226348810594,319,129,18.92,74.34,347.66
2.5719868004402793,709,752,19.13,76.59,137.96
2.5737808819264387,759,301,21.19,81.41,137.26
2.573922977280178,268,941,21.70,88.19,94.03
2.5743334605594423,37,326,10.88,44.31,90.53
2.574843237292546,295,193,11.02,44.12,258.50
2.5748611892349103,667,801,0.55,1.69,100.55
2.57557928786319,161,259,11.81,46.89,492.09
2.578512448716422,643,383,16.90,71.07,279.97
2.578626935194438,429,953,9.89,37.49,514.07
2.58058337917519,927,21,24.90,95.00,126.57
2.5818238800928244,477,129,60.29,244.19,407.95
2.583583038772641,835,977,15.13,59.29,182.57
2.584671329581333,398,254,24.63,99.12,88.66
2.586133313392302,602,267,13.63,53.88,181.32
2.5861547434148884,608,358,10.37,40.41,87.54
2.5865929504041056,560,855,261.36,1044.96,1536.45
2.5874115758300995,57,785,15.54,63.84,173.89
2.587834772309686,109,391,3.72,13.50,232.83
2.5884095669723473,207,73,22.55,89.65,152.68
2.5884414150873774,862,630,59.77,241.76,100.75
2.5891459949291744,151,509,30.81,118.25,113.28
2.5903412256803042,2,947,6.74,27.73,160.71
2.5904335856461485,456,11,10.53,43.40,43.39
2.5907858408714493,802,403,10.65,41.13,97.78
2.5909240534666838,409,953,0.04,0.14,514.11
2.5918665466563713,489,618,25.34,100.74,735.21
2.5926069908250673,914,701,2.72,12.21,335.79
2.5926452649777176,869,766,12.86,51.01,341.55
2.5931642069466614,914,130,2.34,9.87,1726.87
2.5934219227265864,446,130,5.08,21.53,1731.95
2.5936304236467786,27,899,15.83,64.21,98.18
2.59396080463378,827,732,14.86,58.18,111.12
2.59529233047504,545,130,10.16,41.43,1742.11
2.5954928606858827,816,307,12.74,51.17,94.19
2.5959462283458627,626,354,15.03,60.89,174.02
2.596030173538714,113,12,29.23,113.21,79.34
2.596754175675625,591,383,17.57,70.38,297.54
2.5976605804483563,811,483,19.16,76.84,117.63
2.5980146062411844,954,405,8.45,31.37,49.34
2.5983911489623264,980,787,1.49,5.55,163.17
2.59870342138295,7,560,21.66,86.73,1066.62
2.6015615799703102,929,698,16.16,64.11,109.08
2.601697158302529,81,114,21.98,90.12,221.28
2.6034838502726667,738,26,27.06,107.25,167.20
2.6036097574263977,837,410,5.98,25.11,44.01
2.604035793386892,540,623,2.42,9.95,97.60
2.6044342621095673,404,861,0.08,0.35,581.13
2.6054978461286726,102,740,19.62,78.09,98.92
2.607908898298908,733,538,11.72,47.40,87.90
2.6097066640145457,55,130,22.13,89.59,1764.24
2.610977420368754,723,41,2.15,9.16,66.47
2.613521876195648,791,648,21.26,85.60,247.97
2.6148214280105453,900,881,14.67,59.25,103.31
2.614961447578506,491,582,20.05,79.05,60.91
2.6172754429500715,713,75,4.97,19.31,128.16
2.6181725868816286,341,26,8.87,36.65,176.07
2.619482438976975,928,70,12.56,51.46,150.59
2.6198130369129715,757,513,31.15,123.20,110.79
2.619952456546653,502,225,17.35,64.27,94.99
2.621325773786315,415,667,23.34,92.10,25.03
2.6220978327605806,100,187,7.34,29.35,380.56
2.6235925236273894,816,757,9.78,41.39,132.98
2.6240193940258116,991,600,11.79,49.32,169.16
2.624572163035742,725,564,15.33,64.34,78.55
2.6249929405393577,707,353,13.87,57.30,106.87
2.6250081117081807,409,831,0.02,0.12,127.69
2.6254767011153715,55,831,17.82,71.77,145.51
2.6263704292605863,422,384,22.35,92.69,178.83
2.626901138526823,438,560,40.48,161.69,1107.10
2.6269336254803797,912,878,16.53,67.14,67.99
2.627757795394193,488,560,23.81,92.47,1130.91
2.6284521893081028,964,397,6.89,28.85,139.66
2.629002222456563,604,45,4.38,17.70,63.42
2.629661990346892,963,259,19.42,76.16,511.51
2.6297696337908474,996,651,28.08,110.33,60.47
2.630822292056785,415,887,18.50,73.60,128.43
2.6337961741743703,250,861,12.91,50.13,594.04
2.6338186968607173,965,944,20.34,80.51,158.11
2.638992882619254,264,574,11.05,45.67,88.01
2.6397195632153228,704,161,23.48,91.72,70.37
2.64018361419733,489,26,19.83,80.91,195.90
2.6404632150345946,462,512,5.10,20.98,56.01
2.6420200136540806,904,193,6.76,24.96,265.26
2.6433764027531246,155,919,9.03,32.46,146.23
2.6459615668148864,210,446,26.64,105.08,48.17
2.6462877750866376,444,955,16.39,64.08,150.21
2.647826846101272,471,620,18.66,74.79,43.83
2.6490564720868677,232,22,4.04,16.98,260.91
2.6493693637734905,849,447,8.95,34.07,88.60
2.649554014251967,306,726,22.62,91.87,122.62
2.6499624414347993,181,601,10.20,41.08,112.84
2.6500657742537648,563,698,24.42,98.37,133.50
2.6531046471201534,102,953,15.76,62.33,529.87
2.6532780766219086,594,130,28.54,116.20,1792.78
2.6534398242928123,84,670,62.69,250.57,127.60
2.653684479886195,426,276,16.26,64.64,137.35
2.6545216237952904,753,959,12.76,51.46,140.65
2.6548107658643714,873,32,57.86,236.96,158.55
2.6557958604131007,346,760,14.77,57.62,94.18
2.6565440754227536,606,608,24.85,102.28,65.26
2.6570887225610162,102,129,12.23,50.10,420.18
2.6582924622238715,28,371,17.09,69.09,128.89
2.660627725727575,162,108,16.54,63.64,1089.13
2.6610360861069604,603,194,17.90,68.52,106.49
2.6621073091474283,402,606,53.12,212.61,155.40
2.662187725674226,876,945,6.47,27.21,160.77
2.6629415058496213,666,855,19.45,78.76,1555.90
2.6632373281954353,904,647,4.85,20.11,58.86
2.663736496190631,580,705,26.64,106.94,257.22
2.66473027092132,971,390,42.79,172.18,130.87
2.6666028275891933,67,517,20.90,82.21,207.50
2.666913219538262,48,65,13.54,55.56,148.34
2.668646466867705,117,501,8.47,34.13,155.95
2.6692979422231606,539,699,10.59,42.90,166.80
2.6712837505256966,431,170,14.10,55.03,90.20
2.67131472766732,817,406,21.61,85.13,137.77
2.6719406699235844,521,560,22.10,85.57,1153.01
2.672185453277283,256,785,14.68,58.83,188.57
2.6723713615390947,380,712,17.12,68.61,222.62
2.674751298947872,223,413,6.88,29.17,65.64
2.6787848572812925,430,374,17.41,70.95,336.34
2.6796390979699427,99,257,14.40,58.33,84.08
2.6843905135546904,837,108,4.52,20.59,1093.65
2.684760338601823,215,207,18.84,74.33,108.49
2.6856660855501797,672,220,0.24,0.86,100.24
2.686259471986916,386,759,16.70,66.13,98.11
2.6862874333021614,19,477,17.97,70.14,262.16
2.6868468403994905,989,130,24.09,95.27,1816.87
2.688836987148185,519,766,18.80,76.87,360.35
2.689180871676027,560,325,231.61,921.40,280.58
2.6948054637362837,201,824,4.51,17.84,66.54
2.6951961955351362,11,305,8.78,34.61,226.30
2.6961409636446643,790,531,31.08,127.37,121.34
2.697399077641014,95,861,9.90,40.62,603.94
2.698059446466919,872,598,29.82,121.96,83.96
2.7009102054506053,367,418,19.11,80.89,160.31
2.701721920084677,77,949,19.48,75.78,253.88
2.7017330159226223,813,530,13.73,51.95,94.18
2.702025708234462,307,625,19.34,74.85,132.93
2.704673673093492,719,334,12.04,48.67,247.66
2.7059129794761887,784,838,3.89,15.00,142.12
2.7069504467646355,691,950,15.39,58.92,180.84
2.7076488871548,351,865,15.67,61.39,79.37
2.7093199529527343,339,705,4.55,17.39,261.77
2.709484916253738,133,896,21.52,88.89,125.07
2.712368224707331,226,309,20.37,80.23,199.11
2.7124082731790358,157,166,25.85,103.60,51.90
2.7126758808882694,658,226,26.36,102.59,106.59
2.712896191713995,540,130,2.08,7.87,1818.95
2.713037004596406,345,851,11.40,44.84,82.40
2.713498148473426,332,718,16.03,64.60,129.12
2.7156612956962314,404,130,0.07,0.28,1819.02
2.716481213326795,825,114,19.57,80.43,240.85
2.7172458395618904,787,406,32.53,130.64,170.30
2.7205859805554344,667,727,4.94,20.09,118.85
2.720900171491125,661,578,6.97,26.42,418.40
2.7216062138653516,933,665,15.61,62.65,110.34
2.723575998153897,519,916,15.60,61.27,173.43
2.7254451641446074,78,74,19.73,80.27,161.64
2.726528614761652,384,919,35.76,143.07,181.99
2.7285035192570266,780,217,24.15,99.69,188.65
2.730185870147408,358,861,17.23,70.31,621.17
2.7334492513987616,714,260,9.96,41.58,108.22
2.733523058397367,936,306,11.15,42.88,103.02
2.7370642148818654,562,855,16.92,69.77,1572.82
2.737170702309694,264,285,8.79,36.88,197.21
2.7409128034121286,949,927,50.87,203.01,145.87
2.7425414170869296,639,217,16.67,65.51,205.32
2.7429291367171293,998,158,4.87,21.29,84.32
2.7431210009579576,598,348,16.37,67.59,81.05
2.743478362987407,695,903,10.09,40.79,168.59
2.7448162617888103,388,855,21.63,87.77,1594.45
2.7457435324459043,526,270,10.49,43.36,61.22
2.74593765257186,350,734,12.22,47.36,93.85
2.7476080169361614,31,477,2.16,8.32,264.32
2.74764645211868,592,873,31.76,125.01,268.72
2.747989701716424,593,735,19.45,76.67,93.76
2.7480723342846787,32,745,31.60,126.95,82.70
2.7486790962694414,207,580,21.21,87.28,128.15
2.750382891036863,426,736,13.40,51.24,162.06
2.7509176598166274,889,75,16.69,67.99,144.85
2.754874126620911,624,645,2.17,8.30,43.20
2.754972425188472,815,985,12.57,49.36,72.29
2.7570511322590905,672,563,0.16,0.70,98.53
2.7581102016137207,417,309,10.54,43.00,209.65
2.7612096170962253,80,606,25.24,100.83,180.64
2.7619012476485123,833,664,20.93,85.91,125.27
2.764390329456208,687,342,9.39,37.82,49.77
2.7646044760825768,401,771,8.41,33.37,124.35
2.7653497875719637,341,716,7.43,29.22,99.37
2.7657116900294483,440,65,9.97,39.32,158.31
2.766651396797003,699,855,33.13,133.67,1627.58
2.766686489470751,515,130,8.02,33.01,1827.04
2.7678530849568164,62,559,12.68,50.24,155.92
2.7683927770805035,964,766,6.01,22.84,366.36
2.770046172647147,605,855,15.40,64.36,1642.98
2.7713751812110115,278,263,15.89,63.76,120.62
2.772292910694105,360,394,6.39,26.46,89.47
2.7744770355333785,585,207,28.47,117.64,115.75
2.7747214354251977,228,443,28.62,115.49,124.04
2.7762434779868586,510,883,6.26,25.89,90.62
2.776486422178011,834,488,18.58,76.61,111.05
2.7809913646068054,68,140,23.10,93.62,103.10
2.781647152294756,376,174,8.27,33.96,118.16
2.782821454695494,886,578,21.85,88.60,440.25
2.782982265346693,667,67,3.85,16.24,86.06
2.784302314992484,65,406,31.58,126.73,201.88
2.785959605128963,452,873,21.79,89.32,290.51
2.78850159888462,749,988,17.86,71.71,274.28
2.7892831979894686,70,458,29.87,120.72,140.95
2.7904632517938395,419,267,20.95,87.74,202.27
2.790949290655019,691,720,11.95,46.97,91.41
2.7949875686749914,427,769,9.80,41.20,89.83
2.796921345075518,661,907,5.61,20.81,67.05
2.79700016398539,985,975,14.20,58.09,65.68
2.799324466595911,452,418,17.92,71.40,178.23
2.800202170440712,410,232,8.42,35.59,25.40
2.800904912729428,930,180,22.86,92.84,82.64
2.80163656716932,232,411,4.99,20.41,279.06
2.801681106503972,217,861,41.22,164.10,662.39
2.8040991312445662,225,130,18.81,76.18,1845.85
2.807603096800277,234,848,5.01,20.63,81.75
2.809339064419035,812,560,0.38,1.43,921.78
2.8114773754400595,14,65,28.46,111.34,155.19
2.8121935874914414,916,328,34.04,139.39,143.47
2.81226733173013,667,496,3.41,12.83,81.68
2.8126743857177865,421,724,19.19,75.74,110.59
2.8128705762199884,644,480,10.54,40.57,105.89
2.8132902555660473,55,334,14.68,57.09,262.34
2.813348183557993,142,309,13.44,52.58,223.09
2.8141371934423396,927,273,29.08,116.79,129.08
2.8145036981409257,201,745,3.51,14.33,86.21
2.81499487586786,723,350,1.98,7.18,49.34
2.8151531323559937,425,130,11.64,45.89,1857.49
2.815258252010124,881,730,20.74,82.57,101.12
2.815280262928421,331,560,14.47,59.25,936.25
2.8158896979642707,460,462,24.92,102.01,45.90
2.818268791553799,345,309,9.02,35.82,232.11
2.81923975127598,998,222,4.00,17.29,60.96
2.819645721677074,125,146,15.61,64.58,115.47
2.8198197224077304,862,351,48.56,193.20,109.95
2.8214276437527,2,130,5.87,21.86,1863.36
2.8217166208969475,44,560,4.99,20.66,941.24
2.822143354032944,786,578,21.68,84.17,461.93
2.8226079142363396,170,411,18.11,72.09,297.17
2.8233310486099996,489,545,16.55,64.36,57.98
2.8241149500421363,936,369,8.26,34.62,90.68
2.8242630720438977,684,61,14.57,56.80,114.57
2.8243170062684135,923,180,11.75,47.32,94.39
2.8266748583099712,320,389,8.93,36.26,48.26
2.8319372451319524,392,602,18.74,74.37,72.62
2.8323531823140975,355,331,16.11,63.95,75.36
2.833402028536043,895,850,6.59,26.42,67.07
2.834981509220375,321,596,6.72,26.21,47.71
2.8358358602739098,698,363,26.42,107.08,126.42
2.8360772784857016,507,681,16.70,67.65,84.91
2.8363632988959417,404,733,0.07,0.21,47.47
2.8365792151716995,997,20,17.80,74.47,166.58
2.837070941531827,458,228,27.78,113.17,143.27
2.840617651016051,293,130,19.79,76.38,1883.15
2.8412591632685773,173,191,11.14,43.15,71.19
2.84170166422606,79,752,16.38,63.47,154.34
2.8425585312779673,710,556,0.62,2.88,150.46
2.8426549261417073,998,588,3.21,14.08,90.84
2.844617356952306,764,249,15.10,60.37,159.15
2.8457260067177925,777,225,25.70,100.53,101.88
2.8469340009691146,409,517,0.02,0.10,207.52
2.8476977644918717,667,197,2.72,10.11,65.02
2.8477223833746184,776,494,13.00,50.22,78.22
2.8488698574251816,303,340,12.85,49.18,124.37
2.849741486551508,434,335,20.17,78.61,88.94
2.8519790700087606,938,134,5.17,20.28,175.35
2.8536312785263744,788,889,15.14,61.01,83.13
2.854358517897999,797,484,10.20,40.61,128.24
2.8546883898679605,446,855,9.53,38.64,1652.51
2.8550525968147284,136,477,14.29,57.16,278.61
2.8556526699572724,443,600,24.55,99.49,193.71
2.8567373214718605,499,573,20.42,82.92,84.72
2.8595931666983634,5,766,7.60,31.30,373.96
2.8609473492146003,385,130,3.82,15.97,1886.97
2.861582444901412,774,114,13.65,51.55,254.50
2.8620217378075496,8,648,19.73,75.57,267.70
2.8622945406265927,769,725,18.44,71.39,82.78
2.863654340676658,911,918,7.97,32.46,117.93
2.865507281066935,856,187,7.96,31.69,388.52
2.8670195883394336,879,837,20.37,83.34,40.96
2.8671610639304337,286,207,18.16,72.45,133.91
2.8675748593195802,198,37,23.35,91.87,67.66
2.867936304425304,541,255,12.46,51.34,56.53
2.8685820765657652,651,259,12.09,48.38,523.60
2.870372604001696,839,187,11.46,43.64,399.98
2.871039861438607,415,862,14.68,58.92,207.88
2.8711151127157546,879,259,17.05,66.29,540.65
2.8711546689291687,257,72,16.96,67.12,58.37
2.874231115135788,843,851,17.83,73.20,100.23
2.874746975683515,55,22,11.27,45.82,272.18
2.8763092484218555,402,130,41.26,171.35,1928.23
2.8803211221556375,555,311,18.04,68.44,93.23
2.8817543481349177,467,855,6.60,25.94,1659.11
2.8819702480744374,914,655,1.89,7.98,122.26
2.8827960903919205,894,173,25.74,104.54,68.89
2.884517964545916,341,736,5.68,23.54,167.74
2.884614486233043,742,766,6.63,25.47,380.59
2.88468817098236,115,814,7.64,33.09,143.25
2.8847908174975814,874,173,18.24,73.50,87.13
2.885442495876455,748,985,22.98,93.98,81.07
2.8873164676799536,973,130,10.74,40.52,1938.97
2.8878184901858543,180,766,18.88,75.51,399.47
2.8882888325466736,644,428,8.03,32.54,78.26
2.890216082021074,608,492,13.34,51.92,99.82
2.890666352123435,895,485,5.12,21.30,141.03
2.8912691182324846,876,270,5.64,21.57,66.86
2.8924228889133095,171,560,21.35,83.46,962.59
2.894377355848431,915,738,2.86,10.60,110.11
2.895581302782866,342,56,9.64,40.13,214.16
2.8973125660630727,629,108,22.28,88.96,1115.93
2.899469712780244,630,744,20.57,80.18,183.47
2.8997144174206126,998,193,2.66,11.42,267.92
2.900331532962172,340,384,24.36,100.01,167.43
2.9022101490599983,256,730,11.71,47.12,112.83
2.9039959765741994,797,988,8.33,32.28,282.61
2.9042281864142576,667,166,1.96,8.15,53.86
2.904659517463461,331,439,15.27,60.09,225.18
2.9064809898154027,491,783,15.95,63.10,115.95
2.907449935918281,669,405,25.10,103.27,74.44
2.9087019736296096,390,383,25.77,105.10,323.31
2.9096574331091745,335,884,17.43,71.51,85.44
2.9101186515152087,667,214,1.74,6.41,53.42
2.9106968329733816,822,125,10.14,41.32,74.72
2.9114372794352263,197,130,13.08,51.94,1952.05
2.9129487574651414,741,851,15.85,63.75,116.08
2.9132742338605215,268,757,18.29,69.90,151.27
2.915298995637558,465,642,13.27,52.92,103.63
2.91602767557204,566,452,15.58,63.84,86.98
2.916147827051952,715,486,19.41,81.54,184.28
2.919437562341056,234,988,4.06,16.57,286.67
2.921810680239882,554,176,12.49,51.57,112.98
2.923172746982636,188,130,16.55,68.03,1968.60
2.9274580058133646,381,955,9.80,40.68,160.01
2.928885181851215,462,19,8.92,36.98,79.06
2.930680872229087,24,650,18.91,75.68,83.19
2.9309440206273876,654,129,42.55,173.36,462.73
2.933452455400568,446,927,8.31,30.33,125.10
2.93346686725502,268,125,13.79,56.11,88.51
2.9352629472423364,605,411,12.64,51.72,309.81
2.9374526621589454,863,670,18.61,74.19,146.21
2.938044055260317,764,493,12.40,47.97,175.94
2.9387813879162996,798,445,13.04,51.67,108.23
2.9396914184983762,45,705,13.31,50.11,275.08
2.94068245466397,526,334,8.72,34.64,271.06
2.941893286770768,59,48,20.45,80.44,76.01
2.944918453718409,468,692,20.71,84.18,101.86
2.945039515213413,640,439,20.77,80.60,245.95
2.947954451635512,658,477,20.09,82.50,298.70
2.948783854135181,2,467,4.30,17.56,30.24
2.9490278528308984,409,436,0.02,0.08,79.39
2.9492238851734696,809,130,0.94,3.36,1969.54
2.950680454513567,539,309,8.51,34.39,240.62
2.9517580118111497,613,540,0.95,3.30,8.82
2.9520427821095847,934,618,12.77,48.44,747.98
2.957110068137335,783,350,23.17,92.78,72.51
2.9582234888708188,375,397,20.14,79.88,159.80
2.9590845589094394,485,752,27.78,113.25,182.12
2.959474356334841,256,618,8.72,38.40,756.70
2.9602987248047006,31,83,1.79,6.53,243.06
2.9609795683202256,183,134,9.97,40.62,185.32
2.9648157943501494,821,719,23.84,96.61,72.51
2.967122304889967,575,435,12.42,48.60,461.20
2.967458378651408,409,344,0.01,0.07,163.64
2.9687059629455304,22,410,55.53,216.65,91.12
2.9693480877411673,809,383,0.61,2.75,323.92
2.970791041379827,214,172,10.24,43.18,90.08
2.971652131889707,318,207,10.84,41.23,144.75
2.9731354115820485,191,244,14.18,57.01,91.89
2.974303586455389,750,564,25.25,98.38,103.80
2.9756414097873805,73,955,30.65,122.03,190.66
2.9772838920093334,203,621,19.75,80.25,114.94
2.977755341733339,451,855,10.33,39.46,1669.44
2.9782503223731522,533,486,19.85,80.83,204.13
2.9788092682640084,913,489,0.64,2.99,65.00
2.979518402179821,108,41,224.67,891.26,291.14
2.9813861639261194,5,816,6.46,24.84,47.85
2.9841770332754125,476,82,12.06,51.05,82.93
2.9846263640146975,115,411,6.34,26.75,316.15
2.984846490457131,828,218,5.39,23.86,41.08
2.9859839646467843,94,933,12.20,52.91,74.85
2.986271887404426,624,560,1.72,6.58,964.31
2.986445321248044,688,872,19.62,76.85,141.58
2.9868849406626303,396,850,15.72,60.53,82.79
2.9888362889839217,707,92,11.35,45.95,222.43
2.9895447691145955,122,515,18.86,75.28,51.87
2.9903346757300096,895,545,4.23,17.07,62.21
2.9907907221888506,451,303,8.26,31.20,57.44
2.992232853361968,907,470,13.12,53.93,69.71
2.9930732663059945,210,699,22.04,83.04,155.71
2.993202074380579,210,147,16.84,66.20,152.96
2.993759850149882,679,611,17.29,66.66,33.91
2.994007080695173,419,27,17.96,69.78,82.17
2.995080001649408,498,383,21.88,87.77,345.80
2.9954235342775553,257,154,13.95,53.17,159.86
2.996625573319743,335,560,14.18,57.33,978.49
2.998258659259296,667,367,1.36,5.05,82.25
2.999141458752178,353,174,21.65,85.22,139.81
2.9999021574762383,333,936,22.17,90.96,56.79
3.0001092778751626,510,345,5.26,20.63,41.08
3.001318639863854,479,259,13.15,51.96,553.80
3.003192641419936,667,383,1.01,4.04,346.81
3.006929162805486,296,606,0.87,3.64,181.51
3.011291721439245,843,665,14.73,58.47,125.07
3.011401311516647,582,861,11.80,49.11,674.19
3.0152891941018267,886,6,17.24,71.36,91.11
3.0177718207854465,434,895,15.83,62.78,32.90
3.0190736897002632,541,270,10.65,40.69,77.51
3.020732772538782,267,532,40.64,161.63,152.25
3.021565932810517,428,190,16.10,62.16,53.48
3.0218112596810465,527,187,0.28,1.73,400.26
3.0221924895793686,207,533,29.11,115.64,109.94
3.0227803698738085,698,560,20.95,86.13,999.44
3.0229614839500654,660,486,25.74,103.01,229.87
3.023629880157027,785,761,36.94,151.63,105.08
3.0236307973689085,453,607,37.92,155.41,122.98
3.0248702075833567,811,730,15.65,61.19,128.48
3.0256395030804093,595,563,12.83,51.23,111.36
3.026418831483765,206,789,13.01,55.06,92.86
3.0265295627372835,638,995,23.81,88.73,122.97
3.027133010255012,267,560,32.13,129.50,1031.57
3.029408774374393,915,837,2.23,8.37,43.19
3.0295629988488595,409,793,0.00,0.07,118.50
3.030137953736936,812,108,0.30,1.13,891.56
3.030519947061371,980,872,1.05,4.50,142.63
3.0345717572105397,749,942,14.71,57.00,53.28
3.0350155869412196,368,84,16.07,63.68,266.64
3.036089962070098,896,413,24.89,100.18,90.53
3.0363841271719236,667,853,0.97,3.07,126.71
3.036875395012866,295,520,8.79,35.33,88.88
3.037005256593055,733,578,9.38,38.09,471.31
3.037314896177933,125,988,16.93,71.58,303.60
3.0400811152781952,97,477,38.76,153.62,337.46
3.042386841437423,656,925,7.95,33.20,107.95
3.0429841007959366,809,382,0.54,2.21,52.32
3.0443397293848364,571,950,12.33,50.90,193.17
3.0443734042915773,192,701,28.43,111.34,364.22
3.045300889352498,264,196,7.64,29.24,82.89
3.0475534042813623,444,129,12.46,51.62,475.19
3.0476506612239236,196,952,16.14,66.75,192.35
3.0481746590236787,104,961,12.02,48.56,75.92
3.0502498788169747,585,618,23.15,94.49,779.85
3.050816471068968,505,533,26.03,108.08,135.97
3.050915827710724,734,654,18.30,75.55,191.66
3.052161436917037,714,868,8.52,33.06,108.52
3.052600015278749,964,86,4.41,18.43,74.52
3.052947789229905,0,771,10.50,41.47,134.85
3.056759139617231,295,112,6.96,28.37,136.91
3.0571045198338744,775,988,6.67,26.15,310.27
3.0607448720961177,527,803,0.27,1.46,96.51
3.0618366329478026,764,898,9.25,38.72,91.67
3.0619388444844295,488,22,21.79,89.26,238.44
3.0635944143638234,931,130,17.73,75.80,1987.27
3.0650461875274204,840,73,23.77,92.14,145.80
3.0666787453032325,173,654,17.35,69.78,209.01
3.0673888042830755,688,827,15.37,61.48,73.55
3.0676640601127367,377,560,29.43,114.72,1061.00
3.067735353967425,576,130,10.28,43.05,1997.55
3.068124934245103,507,607,13.84,53.81,136.82
3.0695208626899326,126,953,12.58,51.28,542.45
3.069773976788655,581,835,14.69,56.06,73.98
3.069779543682333,292,248,17.17,68.27,249.88
3.0714087029037267,115,496,4.89,21.86,86.57
3.072250108776157,865,968,15.46,63.91,95.70
3.0722584318062047,757,797,30.52,120.75,62.80
3.0723528160873617,48,855,15.49,60.52,1684.93
3.072836931535952,543,635,8.68,34.25,117.74
3.073567749201734,795,603,15.91,63.77,84.43
3.0744161559190384,292,892,14.03,54.24,88.45
3.0744861871954825,82,766,17.25,65.68,416.72
3.0749614347765566,362,477,27.26,109.60,364.72
3.0750403131104243,369,831,17.89,72.79,163.40
3.0752211709306634,927,130,24.92,100.18,2022.47
3.0776384485354984,837,59,8.92,34.27,89.36
3.0802538312400825,812,855,0.24,0.89,1685.17
3.08239683517815,103,766,35.01,134.33,451.73
3.0830778036214714,479,637,10.46,41.50,146.79
3.08631026240425,638,118,17.55,71.18,97.22
3.0869260873504025,125,130,14.41,57.17,2036.88
3.0894635012936495,176,999,22.56,90.42,101.81
3.0903716365951612,157,139,20.76,82.84,118.86
3.090637507900999,884,108,16.89,68.55,908.45
3.091589076004528,863,647,15.07,59.12,73.93
3.092497824072609,912,372,12.84,54.30,112.62
3.0927236007938577,914,954,1.56,6.42,32.93
3.094773985002218,964,468,4.00,14.43,88.18
3.094938550513881,235,402,23.67,94.31,195.02
3.0962250964063873,409,911,0.00,0.07,32.46
3.097220179846186,825,674,16.09,64.34,187.66
3.097468855073042,404,831,0.03,0.18,163.43
3.0998488806263063,21,598,24.81,101.76,92.40
3.1015307813049016,467,476,6.16,24.08,57.21
3.102611527484558,748,920,18.77,75.21,128.41
3.102786034025823,409,564,0.00,0.07,103.80
3.103080047962206,643,578,14.65,56.42,485.96
3.1035430303375477,784,74,3.01,11.99,164.65
3.107321342164485,754,322,10.09,41.10,120.20
3.1077498217261263,998,267,2.21,9.21,131.71
3.110763391510995,994,122,2.68,11.31,77.96
3.1122207069782855,533,820,26.72,109.25,194.43
3.1131278077724054,995,537,24.51,98.46,140.80
3.1137093706680954,956,934,12.73,50.61,61.17
3.1150897323840394,749,925,11.03,45.97,118.98
3.1158757294180712,452,568,17.45,69.53,68.53
3.116713032956308,458,322,23.26,89.91,143.46
3.117123954261716,863,560,12.62,46.50,1073.62
3.1179884793625536,543,114,7.49,26.76,261.99
3.118744350762484,643,84,11.28,45.14,277.92
3.1202429686848903,672,614,0.13,0.57,118.66
3.1211732019802145,348,400,16.45,64.60,116.45
3.1217423891852247,492,863,19.86,79.96,66.36
3.12646191888305,749,130,8.93,37.04,2045.81
3.1277616865069655,467,26,4.62,19.46,200.52
3.1280374679841896,486,439,45.64,184.23,291.59
3.1284383040766524,41,814,57.83,233.31,201.08
3.128706699326931,202,493,16.70,65.39,192.64
3.129712211314183,498,873,17.92,69.85,308.43
3.1323323287218514,679,988,13.48,53.18,323.75
3.1328741172328334,153,971,22.55,90.22,194.73
3.1345769953442613,564,225,20.56,83.24,122.44
3.134608687607679,648,114,52.94,214.76,314.93
3.1359310066966857,404,149,0.06,0.12,258.22
3.135935893007272,303,555,11.90,45.54,80.34
3.1360068659790272,1,705,16.91,63.19,291.99
3.1363958431275214,72,333,11.96,46.41,102.92
3.1376013957103464,288,618,23.36,92.18,803.21
3.138458056955286,115,130,4.66,17.20,2050.47
3.1385510298318042,720,873,17.81,73.60,326.24
3.138634369066242,951,715,16.36,64.23,97.90
3.1388412202440987,319,568,15.63,58.71,84.16
3.1392194080921034,376,980,6.88,27.08,11.38
3.139339018270835,851,486,22.90,93.18,207.13
3.1404093802148365,897,477,11.85,52.19,376.57
3.140942960293618,671,646,23.61,97.10,123.61
3.1424835777260105,570,618,16.32,64.07,819.53
3.1436253035221964,551,655,12.85,50.91,135.11
3.145694206732945,587,745,22.63,93.73,108.84
3.1460132449668743,385,579,3.31,12.66,118.39
3.147178032216568,156,280,24.52,96.72,112.81
3.147838562206743,107,821,15.08,60.24,111.69
3.1493364778526725,324,130,8.57,33.14,2059.04
3.1497061735267247,393,855,14.45,58.52,1699.62
3.1498510677562934,57,61,12.45,51.39,127.02
3.150541071000997,300,877,15.72,62.39,67.25
3.1512590055619336,320,855,7.42,28.84,1707.04
3.1533570517126814,690,130,6.26,26.05,2065.30
3.1564144824303426,849,330,7.21,26.86,58.44
3.1566593428634553,821,943,21.67,90.02,92.62
3.158805662635569,432,786,18.80,75.76,102.97
3.15889830644957,914,423,1.42,5.00,126.63
3.158963731140104,379,130,10.34,41.42,2075.64
3.159701266368447,687,413,7.19,30.63,97.72
3.164327005702823,822,477,7.89,33.43,384.46
3.16646081076948,998,705,1.90,7.31,293.89
3.167168475055399,627,921,9.21,36.37,73.75
3.168105930777869,180,319,14.73,60.78,73.44
3.169263356682183,723,320,1.34,5.84,30.18
3.169370171459374,73,879,29.89,115.91,96.18
3.1693905514959444,192,957,22.38,88.96,151.57
3.169995289338129,930,757,19.06,73.78,139.81
3.172645016000795,291,977,20.50,79.50,203.07
3.172789462839661,559,130,31.72,124.20,2107.36
3.1732339351105856,966,259,18.91,77.69,572.71
3.1743977055915846,913,757,0.62,2.37,140.43
3.174772702202458,479,33,8.49,33.01,136.81
3.1748334115259103,0,114,8.27,33.20,323.20
3.1752436108788404,85,618,22.30,89.34,841.83
3.1755461885274916,914,876,0.95,4.05,22.52
3.1760869123150743,452,84,13.91,55.62,291.83
3.1771785605446476,896,377,19.45,80.73,134.17
3.180088725746347,737,855,18.08,72.03,1725.12
3.1807423955395695,889,193,16.88,66.25,284.80
3.1827683837317977,863,649,13.63,52.73,140.99
3.183190604433012,101,4,15.74,61.10,67.21
3.184599447741549,498,435,13.99,55.86,475.19
3.186708862318989,642,139,20.50,83.13,139.36
3.1868533818180387,507,560,10.68,43.13,1084.30
3.188516375764698,887,383,25.42,103.01,372.23
3.188818665907479,597,384,15.69,61.16,183.12
3.189189343110183,404,65,0.02,0.10,155.21
3.190186815383691,409,421,0.02,0.05,75.76
3.190600746531122,238,647,20.13,79.87,94.06
3.193858750178883,20,918,33.65,132.93,151.58
3.195287089816119,613,108,0.77,2.53,909.22
3.195655836577069,769,578,14.57,56.82,500.53
3.1961423525762305,543,350,5.09,21.67,77.60
3.1973505573106804,672,539,0.10,0.47,34.49
3.2004991268601266,469,694,20.08,80.51,121.18
3.2013295248986786,131,155,22.48,89.95,54.94
3.201683219260852,446,728,5.96,24.37,105.96
3.201975896931006,703,262,28.73,116.08,133.78
3.20372798195169,231,17,24.80,99.44,148.33
3.2048488062872402,661,129,4.07,16.74,479.26
3.206272718006607,784,730,2.35,9.64,130.83
3.208714556240688,693,862,12.65,52.41,220.53
3.210158671613228,842,705,18.35,72.44,312.24
3.2105156601053326,994,674,2.33,8.98,189.99
3.211557275958009,409,953,0.00,0.05,542.45
3.2121694362375868,535,855,23.12,95.24,1748.24
3.212459270213327,672,211,0.08,0.39,115.17
3.213439201672155,142,988,10.28,42.30,334.03
3.21510790999693,4,578,13.55,53.66,514.08
3.215347735688855,732,356,21.60,89.52,85.31
3.21684618033232,519,955,12.08,49.19,202.74
3.217819434637226,292,922,11.19,43.05,108.30
3.2184287681167243,980,631,2.35,9.03,156.24
3.219073104823215,20,771,26.22,106.71,161.07
3.2194652292910892,593,806,15.25,61.42,92.47
3.21947839185799,651,764,9.91,38.47,48.63
3.2204586046479178,501,207,31.26,124.69,146.90
3.2206884733357413,93,319,18.33,74.85,91.77
3.2215636834677897,798,284,10.14,41.53,122.30
3.222612630513262,798,725,8.19,33.34,90.97
3.223988868796305,400,186,23.09,93.36,109.11
3.2245967708707344,63,474,13.99,58.67,173.49
3.2259664550187965,546,705,10.15,40.45,322.39
3.229357927115049,589,440,19.68,76.04,59.00
3.2296523823547583,416,259,12.84,50.97,585.55
3.229684322626957,466,127,19.77,79.83,119.77
3.229790714448019,404,245,0.01,0.09,40.39
3.2299372560683257,710,536,0.64,2.24,115.34
3.231832137614643,439,108,58.77,232.82,967.99
3.2336018323851046,784,528,1.72,7.92,65.31
3.2365133675428868,618,615,170.95,670.88,234.55
3.2385640580746964,784,674,1.49,6.43,191.48
3.23921307838841,371,700,25.54,103.35,214.94
3.2402542321006345,601,822,22.63,90.21,56.06
3.240337536825202,479,633,6.33,26.68,88.77
3.241369885634486,934,798,12.01,49.16,45.35
3.244077058735058,514,470,36.69,140.77,106.40
3.247207449866087,101,855,11.81,49.29,1760.05
3.2482381300153613,728,750,21.16,84.80,119.54
3.249027742289329,709,249,15.52,61.07,174.67
3.250652314600307,845,84,9.94,40.29,301.77
3.250965628024861,457,757,22.97,93.60,163.40
3.2525392841139285,177,917,2.28,10.35,118.96
3.2531438270715713,928,50,10.41,41.05,131.15
3.2562936995909535,155,130,11.33,43.61,2118.69
3.257891412535452,376,698,5.03,22.05,91.16
3.2580634562850657,311,349,19.08,74.15,139.33
3.258294672283045,12,151,15.59,63.75,133.84
3.259077204832543,255,595,11.18,45.35,62.41
3.2612183336617733,350,259,15.69,61.91,601.24
3.2623975300335477,103,351,26.77,107.56,136.72
3.262621329911141,385,130,2.63,10.03,2121.32
3.262747233475643,719,267,14.37,58.14,146.08
3.263285798327637,180,81,12.45,48.33,102.57
3.2637648040876153,764,708,9.46,39.17,80.99
3.2669673065047067,848,560,16.29,65.46,1100.59
3.2684024172621147,602,334,13.64,58.98,284.70
3.2686934766776217,385,580,1.86,8.17,130.01
3.269069189186674,904,882,4.12,15.99,27.12
3.270696140469472,667,428,0.63,2.44,62.79
3.270962213961495,266,377,15.98,64.26,150.15
3.271954720504665,555,971,16.24,64.10,210.97
3.272074621367652,998,739,1.36,5.95,95.66
3.2724997705621477,427,411,7.89,33.31,324.04
3.273646820939089,672,397,0.06,0.33,159.86
3.27381619098806,407,81,17.18,67.36,119.75
3.2740134570553945,369,435,15.11,57.68,490.30
3.2742627449083983,409,277,0.01,0.04,61.82
3.277423269925465,612,474,13.06,50.40,186.55
3.2821456373389006,623,822,19.76,77.84,75.82
3.2828535044595766,673,130,8.86,33.32,2130.18
3.2838834529347722,552,65,19.91,81.27,175.12
3.2842606376224808,706,67,10.49,40.56,96.55
3.284382222063245,667,411,0.40,2.04,324.44
3.285204073860461,191,932,11.48,45.53,99.40
3.2853709721865143,164,723,20.10,79.90,25.94
3.2862301384067134,611,65,7.03,26.88,182.15
3.286719861235728,998,22,1.23,4.72,239.67
3.287813727095309,623,309,15.88,61.96,256.50
3.2887136304742812,263,335,23.95,96.67,81.28
3.289221164762032,527,227,0.32,1.14,109.46
3.290090143491607,388,950,16.98,70.79,210.15
3.291776852268371,819,788,11.61,47.25,72.62
3.2958938362248906,900,760,11.35,47.90,105.53
3.296114024968595,837,129,7.07,27.20,486.33
3.29691482005834,654,613,42.08,166.93,44.61
3.296943336183624,352,664,21.46,86.40,146.73
3.2983720187983767,600,517,37.79,155.92,245.31
3.298773722454624,56,383,42.89,171.27,415.12
3.2988828569260575,387,687,8.18,33.67,38.81
3.299639552238075,22,477,48.35,191.32,432.81
3.3002654913650877,364,888,14.87,62.15,106.26
3.3012294414052743,122,415,15.34,62.62,74.26
3.302636466179722,531,130,24.28,97.06,2154.46
3.302653587357208,931,838,15.64,60.16,157.76
3.303883490600419,753,35,10.23,41.23,90.06
3.3092252512487685,381,130,7.88,32.80,2162.34
3.3094228542945445,482,344,15.16,59.48,178.80
3.311037879741084,948,197,9.43,38.36,61.37
3.31160544388389,527,225,0.27,0.87,122.71
3.3125437656196492,543,855,4.26,17.41,1764.31
3.3130998910065976,914,517,0.76,3.29,246.07
3.3134871218398647,859,187,19.86,79.00,420.12
3.3165206248475214,875,598,19.88,81.30,112.28
3.3170677782608187,405,890,14.60,59.84,78.63
3.319048299959984,598,331,22.53,89.75,82.62
3.3199242188353364,542,267,14.14,58.13,160.22
3.3218070358322103,812,374,0.16,0.73,336.50
3.323895304305558,624,384,1.47,5.11,184.59
3.3239028931111094,875,9,16.98,64.32,137.81
3.3241147400910043,957,865,30.67,120.90,94.58
3.324200667287273,295,108,5.70,22.67,973.69
3.325414262336686,539,771,6.89,27.60,167.96
3.3265663219839747,431,716,11.15,43.88,110.52
3.3273593809354387,218,129,8.33,32.75,494.66
3.3274046396705677,401,560,6.35,27.02,1106.94
3.3278433475622755,255,631,9.09,36.26,165.33
3.32837939312816,494,873,15.32,62.90,341.56
3.3284683965642374,753,560,8.15,33.08,1115.09
3.33581047053492,809,259,0.37,1.84,601.61
3.336271161109385,820,496,38.42,156.01,124.99
3.336361090433062,103,130,22.08,85.48,2184.42
3.336675438014092,929,759,12.40,51.71,110.51
3.338524173378908,141,103,24.30,93.47,109.78
3.339844697097114,980,562,1.90,7.13,71.67
3.3409814368103508,658,434,16.60,65.90,79.38
3.3414835136172267,998,108,0.93,3.79,974.62
3.341486815643096,663,560,19.17,76.59,1134.26
3.3424770401968478,793,383,24.27,94.23,439.39
3.3435061555914514,353,988,17.41,67.81,351.44
3.3437565842258046,543,828,3.36,14.05,27.22
3.343773722942402,296,855,0.68,2.96,1764.99
3.3445601090344033,943,487,17.93,74.69,107.27
3.344620411458746,225,578,24.59,98.12,538.67
3.345115218825211,754,351,8.65,32.45,145.37
3.3454146957469515,757,130,32.39,131.01,2216.81
3.3459331909335015,603,647,16.55,67.88,110.61
3.3461209083943007,779,786,16.05,63.59,119.02
3.3469531415592995,480,690,20.52,85.37,46.57
3.3501067972129235,757,712,25.64,105.37,248.26
3.350207910142545,703,705,23.05,93.03,345.44
3.3519785016179977,178,560,11.29,41.65,1145.55
3.3530735735930364,527,855,0.14,0.73,1765.13
3.3536925934238906,93,553,14.59,60.26,63.35
3.3547353307729626,849,165,4.96,21.90,80.66
3.354983288397854,622,130,4.80,20.95,2221.61
3.3551279363558386,361,966,10.58,41.06,88.27
3.3554496837662944,719,560,11.79,46.35,1157.34
3.355806664915214,913,930,0.58,1.79,74.36
3.3570387438659517,723,766,5.27,20.67,457.00
3.3571750142596803,606,698,36.50,145.01,127.66
3.3598915100056295,596,757,9.21,38.50,114.58
3.361444161619808,985,641,16.67,64.40,63.80
3.3627831625102615,615,560,47.16,187.39,1204.50
3.3641228957861107,848,130,13.71,51.75,2235.32
3.3652371356102435,844,522,6.42,25.93,104.36
3.3668391211003263,800,593,5.42,20.82,66.84
3.3673064449262267,973,855,8.07,32.45,1773.20
3.368490604314462,666,130,15.99,62.77,2251.31
3.368948771816421,810,65,13.05,53.15,195.20
3.370219976297892,27,84,16.16,66.01,317.93
3.3704755781389655,529,621,13.02,50.48,127.96
3.371185161953331,116,625,18.89,77.09,151.82
3.37118945508217,201,376,3.10,11.23,25.15
3.371663117998007,487,680,21.20,86.07,174.64
3.3716916928455194,202,22,12.83,52.56,204.15
3.371876510443123,266,142,12.64,51.62,54.94
3.3719529672645105,914,708,0.63,2.66,81.62
3.372219202709194,667,177,0.44,1.60,10.79
3.373426292499869,798,108,8.73,36.62,983.35
3.3736450421185236,939,22,12.95,50.92,217.10
3.3740908475312583,227,701,21.70,87.76,385.92
3.374122599337056,184,831,10.13,41.13,173.56
3.375083847179565,609,103,28.52,115.08,138.30
3.3752671889449064,5,853,4.78,20.06,131.49
3.3755863697811206,624,606,0.93,4.18,145.94
3.379181944270876,710,905,0.53,1.71,106.81
3.3819741235353873,915,792,1.86,6.51,65.49
3.3837661041177056,225,460,19.78,78.34,121.79
3.3849194633166877,169,713,5.80,26.53,25.11
3.3849868997809343,750,953,23.66,95.88,566.11
3.38500053736971,879,977,19.74,76.44,222.81
3.387677958854951,67,311,19.70,76.85,93.85
3.387743859558397,404,130,0.02,0.07,2251.33
3.3888699899375863,904,383,3.39,12.60,442.78
3.3895410265204884,382,584,10.33,41.99,51.08
3.3907132863998988,344,731,34.80,144.00,136.39
3.390752264804347,566,83,12.46,51.38,255.52
3.390993937726523,914,354,0.55,2.11,174.57
3.3913501700040856,993,747,17.37,68.85,81.06
3.391378825294267,246,108,11.14,43.80,994.49
3.3938820611335188,103,208,27.88,110.42,85.54
3.396965358969561,935,618,12.56,51.10,683.44
3.3981007403117607,885,793,30.73,128.59,124.96
3.4002955688114618,241,323,7.70,31.65,138.78
3.401061244248389,791,298,17.36,68.24,81.74
3.401411113904705,808,383,15.70,64.36,458.48
3.40282164243438,688,130,12.65,48.83,2263.98
3.403499163633164,687,587,7.12,31.69,100.85
3.4050337714849106,180,130,9.26,39.07,2273.24
3.40557859045311,554,108,10.41,41.16,1004.90
3.4059647994656705,300,868,12.72,49.67,121.24
3.406603192826118,529,814,9.56,40.92,210.64
3.4070268696084995,432,712,15.23,60.53,263.49
3.4072223854868833,685,11,6.60,26.07,41.21
3.4081296528829164,710,130,0.36,1.35,2273.60
3.411145288124842,775,402,5.29,20.86,200.31
3.4128695140023044,784,362,1.38,5.05,110.98
3.413233346174702,909,549,25.21,101.37,97.03
3.4135719760594876,299,114,21.29,86.29,344.49
3.416362123031605,845,437,7.92,32.37,95.46
3.4184091092266495,282,17,34.96,140.20,183.29
3.419321879996094,543,560,2.56,11.49,1207.06
3.4204487297966564,631,469,32.03,133.30,112.54
3.4206875470430647,173,526,14.04,55.74,48.68
3.4213782449806454,831,592,34.31,139.25,159.32
3.421858011022674,120,914,17.90,68.05,20.01
3.4243760630028817,574,371,17.78,70.23,121.13
3.4264284250763346,775,855,4.22,16.64,1777.42
3.4275230612190866,264,820,6.37,22.87,162.38
3.42778844636274,958,134,18.12,72.47,203.44
3.4278012824463486,85,130,18.21,71.13,2291.81
3.4335230036184132,11,634,8.59,32.62,405.87
3.434989957275649,625,187,31.37,120.45,451.49
3.435535814495816,319,949,18.56,73.21,221.57
3.4355993300092873,578,855,107.86,430.81,1885.28
3.4395563600067445,177,22,2.30,8.49,219.40
3.4410611800559314,782,84,23.50,96.69,341.43
3.4413856780910663,251,130,17.79,72.22,2309.60
3.4425754709978005,404,130,0.01,0.06,2309.61
3.443205436263824,872,272,29.24,113.39,136.77
3.443964695668934,225,470,15.55,62.79,121.95
3.444127627756253,376,507,5.40,19.75,48.53
3.4442113350875556,681,855,16.57,68.34,1901.85
3.4443629892742598,995,130,19.88,78.58,2329.49
3.4461237150273702,368,873,12.38,51.30,353.94
3.44664166297704,818,5,9.98,41.46,30.04
3.4468579966224686,986,855,12.69,49.26,1914.54
3.4469984516399768,809,325,0.38,1.46,280.96
3.4484829577814615,415,560,14.82,59.44,1221.88
3.4486728128677027,404,828,0.00,0.06,27.22
3.449584979568593,740,301,19.89,79.03,157.15
3.4498187102653266,451,130,5.94,25.26,2335.43
3.4502012468127186,446,688,4.64,19.73,53.47
3.4527735822480645,365,648,22.06,91.70,236.82
3.45372497686173,974,600,19.87,80.13,175.79
3.4559413575219415,667,618,0.25,1.35,683.69
3.456123965939759,55,805,9.60,36.22,132.00
3.456637960631789,687,605,6.42,25.27,58.14
3.4580909015012793,55,16,7.20,29.02,123.19
3.458263906153592,407,259,13.86,53.50,615.47
3.461791416688909,526,621,10.17,38.51,138.13
3.463585350918161,225,977,12.92,49.87,235.73
3.463692331118443,410,563,18.27,72.85,129.63
3.464896925483613,509,205,21.92,91.36,125.84
3.4651051560999644,954,743,6.92,26.01,253.49
3.465456768148252,271,128,20.40,79.97,121.41
3.465759875683856,764,70,8.06,31.11,128.78
3.466100526561846,719,743,9.48,36.87,262.97
3.4670183278412505,245,311,7.72,32.67,101.57
3.4681047626245065,44,715,3.74,16.92,101.64
3.469461888565081,975,560,13.42,52.26,1235.30
3.4695058063559476,735,578,19.18,74.58,449.99
3.469841547100947,320,488,5.71,24.47,94.97
3.471183021221006,375,618,15.92,63.96,699.61
3.472950690782853,539,383,5.44,22.16,463.92
3.473475359767389,994,408,1.75,7.23,126.70
3.4743602179679693,834,578,15.28,61.33,465.27
3.4750395265571123,862,585,44.04,176.49,138.53
3.4751965201050585,880,259,16.29,64.32,631.76
3.475710838658956,942,259,10.65,42.63,642.41
3.476037360798685,599,600,13.82,50.40,189.61
3.476373896067205,882,93,5.55,21.57,65.81
3.4776185343999395,645,17,8.34,34.86,191.63
3.4781728150026225,863,108,10.80,41.93,1015.70
3.479117197521234,767,560,21.47,87.12,1256.77
3.482948558935708,114,439,68.97,275.52,301.79
3.4839779279288163,609,968,23.07,92.01,118.77
3.485905889269989,189,130,19.53,79.93,2354.96
3.4860916906384354,899,56,19.49,78.69,190.76
3.487697212865416,699,240,31.60,124.11,138.69
3.4880699639153008,474,108,37.13,149.42,1052.83
3.489425307294195,575,98,9.75,38.85,168.91
3.492214778598057,468,108,17.05,71.13,1069.88
3.492217695544847,667,592,0.30,1.05,159.62
3.4923034732642684,417,255,8.30,34.70,44.56
3.493600346505773,970,108,28.74,109.34,1098.62
3.4980254559689103,441,122,23.96,95.02,86.58
3.4999571190272682,79,980,12.97,50.50,20.10
3.5006049316898147,983,473,27.55,111.25,125.16
3.5011140119229864,691,535,9.05,37.92,104.29
3.5012058449846144,307,580,14.99,59.86,145.00
3.5012171627084023,167,734,18.08,71.28,93.63
3.501898807957895,186,894,22.47,86.64,127.01
3.5028644035308334,585,319,27.22,111.31,100.43
3.505183014093951,871,873,15.40,62.75,369.34
3.5053989606482805,878,712,14.20,53.79,277.69
3.505848323125014,286,177,14.37,58.08,22.86
3.506632602125378,784,278,0.92,4.13,64.68
3.5067919582216858,446,202,4.15,15.58,56.71
3.5069077261616526,234,89,2.91,13.66,67.38
3.5070103203707,372,402,22.39,90.23,222.70
3.507316870035344,733,988,7.24,30.85,358.68
3.5076515676354996,866,470,16.51,65.91,138.46
3.5081898545027252,625,129,23.34,97.11,518.00
3.508231920504099,764,776,6.47,24.64,56.69
3.5094270848037206,417,913,6.95,27.75,8.74
3.51103528617082,349,151,27.51,111.82,161.35
3.5124637590283543,233,245,21.98,88.88,54.65
3.51262488015778,985,832,13.17,51.23,112.64
3.512748883142445,652,219,15.75,63.80,96.66
3.513257468371699,583,557,10.44,40.15,103.47
3.5139508870650777,686,211,30.52,119.70,145.69
3.514475476113018,271,187,16.09,63.88,467.58
3.515169561474495,9,738,27.24,110.57,137.35
3.5163429077321036,301,446,30.63,126.52,46.21
3.518818205307101,784,119,0.83,3.30,121.24
3.519327737601454,667,386,0.15,0.90,66.28
3.5193819901353773,593,470,13.16,53.68,151.62
3.519750459318168,74,124,33.55,131.10,113.51
3.52030085798406,409,477,0.00,0.04,432.81
3.5203179395025934,913,263,1.65,7.09,98.32
3.5210735776213617,378,147,36.45,142.22,189.41
3.5212547648944166,395,564,22.36,90.64,105.60
3.5223724944362953,278,477,13.26,51.42,446.07
3.523386869076818,119,46,23.75,97.49,104.07
3.5233956171440424,540,873,1.66,7.16,371.00
3.523691092518086,648,134,47.42,189.40,250.86
3.523957965562162,932,892,20.14,79.26,108.59
3.5245585030628335,915,130,1.28,5.23,2356.24
3.5248620975994855,799,108,21.35,82.81,1119.97
3.525661247672185,187,130,93.09,374.49,2449.33
3.529174841531926,568,158,16.48,67.68,100.80
3.531211795851538,862,661,36.65,139.84,53.39
3.5332841282494147,951,108,13.27,50.96,1133.24
3.5338957750526045,984,618,33.30,130.51,732.91
3.5342701380356023,177,880,4.53,18.33,68.85
3.535797835925661,173,642,11.55,44.19,94.68
3.5405756760358296,512,338,10.79,45.22,104.57
3.54077389610036,804,325,23.40,92.89,304.36
3.5439335653803044,404,706,0.01,0.05,40.57
3.551252821252281,653,292,17.55,71.41,60.60
3.5514613627231424,748,702,14.31,60.90,87.98
3.5516457709592353,809,773,0.27,1.19,84.90
3.5524465500841416,438,963,32.36,129.33,108.52
3.5526457419756654,452,880,10.89,44.73,79.74
3.5528306049219847,539,259,4.45,17.71,646.86
3.553428319468358,134,284,50.21,200.65,172.51
3.5536314837913308,143,43,19.34,78.87,93.20
3.5538057588533216,998,435,0.83,2.96,491.13
3.5541598591356522,700,950,42.79,172.15,252.94
3.554532448372098,672,69,0.09,0.24,79.56
3.556095202637512,19,592,15.55,63.51,175.17
3.556398051342345,73,149,22.40,93.51,280.62
3.556816708255235,492,259,16.24,63.72,663.10
3.556865862904177,929,259,9.88,41.83,672.98
3.559224530649749,736,130,33.93,133.81,2483.26
3.55925750435333,70,891,25.61,103.17,63.81
3.5593033035697945,18,595,22.26,93.53,84.67
3.559645317436014,126,606,10.47,40.81,156.41
3.562783657300627,742,22,4.85,20.62,224.25
3.5631017841057786,784,950,0.95,2.35,253.89
3.5642906669640517,664,824,29.92,116.81,96.46
3.5644506139724004,540,332,1.54,5.62,66.14
3.565030064077083,232,843,4.17,16.24,62.64
3.5653142274640834,860,609,5.43,19.63,97.44
3.565391884256541,764,691,4.95,19.69,42.87
3.565530716852331,308,30,16.64,69.12,80.50
3.5658767493200187,781,705,20.35,79.65,365.79
3.5671311521366547,271,149,12.37,51.51,292.99
3.567930067445237,899,147,15.75,62.94,205.16
3.5690094604092297,542,817,11.41,46.72,96.54
3.569054760543804,710,560,0.29,1.06,1257.06
3.570400230090979,606,267,30.87,125.54,191.09
3.570503039976267,29,388,9.86,40.56,80.65
3.5720075215397937,763,240,22.47,87.52,161.16
3.5725245177016705,946,667,15.82,63.12,16.72
3.573390993862341,201,560,2.20,9.03,1259.26
3.573490730497336,637,597,30.19,116.60,91.35
3.573967574839223,994,117,1.63,5.60,35.76
3.5760908280973362,616,88,17.71,70.85,117.71
3.5768297970564764,980,58,3.83,16.27,99.88
3.576843921896795,409,662,0.01,0.03,101.50
3.578061842352727,221,63,16.87,63.23,75.54
3.578480792281647,249,798,35.22,139.45,71.84
3.578876559147747,582,81,9.82,39.29,129.57
3.579792648873137,404,245,0.01,0.04,54.66
3.5809262529278945,39,418,23.17,93.24,201.40
3.581282270905338,948,309,7.53,30.83,264.03
3.5817526463129292,762,477,16.40,64.16,462.47
3.5823520273045966,684,394,11.71,45.09,101.18
3.5831261119369784,979,945,22.60,90.10,183.37
3.5831322534450485,458,912,17.79,72.12,72.09
3.5853502506621755,915,521,1.08,4.15,86.65
3.5881911079770727,515,652,9.94,41.93,73.74
3.589259828728491,753,369,6.35,26.73,64.03
3.589892823920176,527,786,0.12,0.61,119.14
3.59147343442994,868,694,23.55,97.69,144.73
3.5918920253897726,63,42,14.76,60.78,94.73
3.592120142698492,745,13,21.19,87.65,161.20
3.5922175445112723,456,584,8.19,35.21,59.27
3.5939937589096367,328,828,29.14,114.33,56.36
3.597166175684449,573,855,17.51,67.21,1932.05
3.5987236736445416,669,411,20.95,82.32,345.39
3.600631287881204,43,538,18.60,74.60,106.50
3.601070479654682,913,135,1.68,5.41,81.47
3.601355680550057,885,402,26.12,102.47,248.82
3.6017767671943264,379,486,7.82,33.60,214.95
3.6026488150158897,310,418,13.73,57.31,215.13
3.6039054811752296,438,65,26.16,103.17,221.36
3.604660585350786,713,168,4.90,20.21,122.42
3.606097851845436,566,745,9.71,41.67,97.36
3.6061055431998037,782,73,19.19,77.50,112.70
3.6073061659755945,604,448,3.68,14.02,91.35
3.608442354391477,801,949,19.66,80.89,241.23
3.6084718750660283,409,210,0.02,0.01,66.22
3.611272361190624,701,547,75.86,310.06,185.39
3.6114611431695027,558,108,16.24,62.50,1149.48
3.6114739127791813,723,218,4.17,16.50,36.92
3.611512484560229,255,130,8.85,35.71,2492.11
3.6124281365685906,215,537,15.03,59.30,155.83
3.613692319049223,338,403,21.89,82.68,119.67
3.6137738683638156,501,248,25.08,99.61,274.96
3.615231846837095,667,555,3.41,13.31,67.51
3.6167563402917606,521,850,17.36,69.29,100.15
3.617213273908708,224,636,14.44,59.50,110.73
3.6183464661147613,876,425,4.53,17.99,50.42
3.6191344633209335,606,736,25.32,100.22,159.13
3.6227432284099246,672,129,0.02,0.22,518.02
3.6241437131088947,541,99,8.26,32.43,66.59
3.6250696497990127,60,491,25.91,103.56,89.01
3.6254033627128996,647,351,21.59,89.02,166.96
3.625666579993895,432,108,12.17,48.36,1161.65
3.626894611296439,998,748,0.61,2.35,61.51
3.62724741582901,502,486,12.59,51.68,227.54
3.6273623872863916,65,124,44.49,176.87,158.00
3.6277696020122225,5,315,6.06,23.98,84.86
3.6289957033672753,370,842,15.81,65.94,88.25
3.629011242351423,61,63,25.37,101.65,86.15
3.6354123461089056,826,560,13.96,56.98,1273.22
3.636101498816145,72,783,8.76,37.65,101.54
3.6403978892765676,230,587,12.16,50.14,113.01
3.641461556298209,877,130,13.69,53.56,2505.80
3.641742224087726,432,477,9.81,38.55,472.28
3.643042957065992,372,609,17.73,72.50,115.17
3.643246978684223,390,855,20.15,84.95,1952.20
3.6435377357227807,325,658,60.24,244.12,126.14
3.6469838214185053,382,861,8.41,33.58,682.60
3.6487142663305097,741,560,12.92,50.83,1286.14
3.648929436561022,828,578,11.52,44.84,476.79
3.6500117860858285,700,719,34.95,137.20,71.82
3.6501203712739034,570,0,13.00,51.07,46.20
3.6502659424839914,322,263,28.62,114.84,126.94
3.651302812193171,335,831,16.35,64.93,155.60
3.6520815458466336,471,143,14.73,60.06,93.60
3.6522308781549264,130,539,498.94,2006.86,516.65
3.6533325648921173,65,501,35.44,141.43,135.05
3.6540905554638288,715,24,20.63,81.01,96.31
3.654700506953307,613,705,8.19,36.42,373.98
3.655559375819276,892,735,21.02,87.57,95.60
3.655782518753317,409,272,0.01,0.00,136.78
3.661393222420536,348,193,12.42,52.18,297.22
3.6615147244211483,980,672,3.21,13.06,3.43
3.664850157073066,563,438,26.08,103.55,129.25
3.6660680450545993,981,472,5.12,20.76,84.45
3.666941014864172,886,852,14.04,57.32,143.84
3.6678389933905766,31,437,1.21,5.32,96.67
3.669078301793364,488,916,19.24,75.73,158.63
3.6693698250439297,667,263,2.60,10.71,129.54
3.66998656362949,409,108,0.00,0.00,1161.65
3.670846816960499,467,650,4.12,15.34,87.31
3.6713430351333876,779,560,12.74,50.85,1298.88
3.671676445501572,142,199,11.13,43.81,107.09
3.6719169034732473,360,129,5.42,21.04,523.44
3.6720831589130998,890,210,15.88,62.75,82.10
3.677524075719072,347,108,17.52,72.55,1179.17
3.6784883708141614,407,740,10.68,42.82,89.71
3.6802141986785735,10,130,20.65,82.74,2027.51
3.680967976688103,717,130,24.41,99.06,2051.92
3.681476861486903,872,806,23.08,90.31,115.55
3.6848193873715327,175,283,21.27,83.53,162.86
3.6859838926687014,429,560,7.03,30.46,1305.91
3.686764049277735,409,467,0.00,0.00,15.34
3.688804408146885,934,855,9.53,39.63,1961.73
3.6889313612842045,690,130,9.43,37.14,2061.35
3.6889894090631037,238,631,15.89,63.98,149.19
3.690997540490695,505,485,21.41,86.67,134.66
3.691132631654684,910,701,8.23,32.29,318.29
3.6914652967651103,200,700,14.66,58.77,151.86
3.6916894921479235,416,634,10.22,40.75,416.09
3.6920944799648594,376,844,3.90,15.85,29.83
3.692128045296162,296,114,0.59,2.37,276.11
3.6928905455267067,296,187,0.48,1.89,374.97
3.6937408113737193,162,299,13.22,50.42,99.51
3.695218019667819,280,718,22.13,90.68,151.25
3.6962754252291607,473,925,25.43,99.73,144.41
3.6975410510494644,199,560,21.56,85.53,1327.47
3.698051208894241,279,439,18.21,73.51,320.00
3.6994114348843947,511,669,12.99,55.37,95.31
3.7025428181806532,333,292,21.04,81.88,81.64
3.703202639425786,721,216,15.70,63.90,105.26
3.7048355660455226,312,851,14.91,60.40,108.09
3.705400550823191,812,325,0.11,0.62,244.23
3.705522526383817,865,84,18.60,75.98,360.03
3.70665159556466,319,153,20.25,80.18,110.47
3.706722927110298,320,560,4.92,19.55,1332.39
3.70881181253801,310,947,11.49,45.82,172.20
3.708911587981599,432,99,7.62,30.93,74.21
3.7094402524259196,288,565,17.88,74.30,97.40
3.7095832798997637,72,808,7.21,30.44,71.57
3.710138730626562,336,308,11.98,46.78,81.10
3.710554050175362,928,384,8.51,32.54,193.10
3.7133547108001523,691,304,8.65,34.22,77.82
3.714261575277183,913,873,1.04,4.37,372.04
3.714936795551403,672,333,0.71,2.72,82.59
3.7165524663670535,709,113,12.12,48.95,125.33
3.717999018834236,103,397,21.99,88.43,181.85
3.7194994523510387,177,485,3.61,14.72,138.27
3.719821573809047,674,317,39.02,152.46,102.43
3.7199765579202637,33,86,27.93,108.88,102.45
3.720345023577414,914,232,3.96,16.05,20.20
3.7242102595851976,926,902,10.63,40.67,142.58
3.724590806486241,462,777,7.87,29.11,108.40
3.7250365240257426,784,332,0.44,1.91,66.58
3.7254791470879267,527,383,0.03,0.58,463.95
3.7291612603898274,775,862,3.12,13.52,142.96
3.7295480893119475,444,240,10.76,40.86,171.92
3.7299522933515004,77,968,15.35,60.43,134.12
3.731905995619555,136,701,11.57,45.59,329.86
3.7323921173157233,622,26,4.34,16.61,204.86
3.7333691679151895,352,592,16.94,69.46,192.11
3.733708197175066,732,374,18.20,71.32,354.70
3.73567045281582,812,866,0.11,0.51,66.02
3.7361792080529876,11,634,6.20,26.42,422.29
3.737225107548687,594,666,23.14,93.06,85.91
3.7375126255223234,617,598,10.21,42.03,99.96
3.7388289587458665,588,411,17.91,72.93,363.30
3.7394303190798466,146,665,22.81,92.66,147.88
3.739726585743228,401,402,5.40,21.62,254.22
3.740541180483876,385,560,1.58,6.59,1333.97
3.7418305045224733,170,872,14.79,57.30,105.10
3.743658886127217,973,259,6.36,26.09,679.34
3.7441386859557544,646,130,24.58,99.03,2085.93
3.7443275174154715,672,108,0.38,2.34,1179.55
3.745101284605365,227,982,17.34,70.42,141.38
3.747185138988357,346,861,11.39,46.23,693.99
3.747387395874474,615,406,37.46,149.93,239.34
3.7482198403101976,638,344,14.73,56.45,158.73
3.748662535451996,109,578,2.67,10.83,479.46
3.7486752596795494,57,108,10.15,41.24,1189.70
3.7504352298147334,819,149,9.36,37.89,302.35
3.7525942666124577,566,560,8.23,33.44,1342.20
3.7525976464289226,793,470,25.67,99.29,177.29
3.753431655139061,147,761,39.34,165.82,144.42
3.7548506149159104,283,919,32.23,130.63,214.22
3.757406109149027,694,263,29.28,115.45,158.82
3.7577478976755194,986,65,10.39,38.87,151.82
3.7580972826295476,475,767,19.48,79.15,106.60
3.758558499420278,546,130,7.97,32.48,2093.90
3.7585948182920115,459,604,4.05,16.64,18.07
3.758617350449942,380,516,13.84,54.77,93.35
3.7592232237014125,946,501,12.76,50.36,147.81
3.7606567869642484,180,866,7.69,31.38,73.71
3.763381656673937,326,578,17.83,72.70,497.29
3.763923363424401,772,730,18.21,74.20,149.04
3.7680947672718843,812,73,0.14,0.37,112.84
3.770519147435456,201,44,1.81,7.22,18.73
3.7707651606640136,754,465,6.26,26.19,59.18
3.7712537355266944,279,263,15.21,58.30,174.03
3.774409768167102,3,803,15.93,63.92,112.44
3.7754013427149076,281,164,15.81,63.68,95.71
3.7767797252289905,409,560,0.00,0.00,1342.20
3.776910288117656,741,589,9.75,41.08,85.79
3.777247159458824,548,780,10.25,40.26,109.94
3.777292340448686,501,187,29.82,117.99,404.79
3.7774513752486323,428,24,12.25,50.54,108.56
3.7775083536024265,774,402,10.94,40.61,265.16
3.7779640207792697,57,244,8.16,33.08,100.05
3.778445371112602,716,573,22.48,88.04,89.69
3.7792252309008623,223,855,6.16,23.01,1967.89
3.780279471193008,280,406,18.47,72.21,257.81
3.7806216863208193,615,464,30.28,119.65,94.55
3.7822010507796113,392,415,14.72,59.65,74.16
3.782261611573276,772,193,14.78,59.42,312.00
3.7833253151882547,937,345,15.81,60.61,56.89
3.7836681822101883,489,84,12.44,52.56,372.47
3.783975309045145,652,634,14.29,59.45,436.58
3.7856091413007538,615,30,24.18,95.47,104.68
3.7860876358994995,604,977,3.62,14.45,239.35
3.788823022961877,862,560,29.21,113.75,1371.41
3.7897335388090436,240,224,35.02,136.90,94.52
3.789996816473394,980,566,2.70,10.36,36.14
3.792136214892036,584,523,12.27,47.00,92.96
3.7923860335397155,291,427,15.79,63.71,49.10
3.794101522365623,910,789,6.35,25.94,99.21
3.7953342486552972,584,691,9.52,37.48,43.74
3.795763990760582,538,477,21.75,84.75,494.03
3.796778924923879,346,114,9.34,36.89,285.45
3.7972167765090132,941,955,18.45,75.58,221.19
3.7981023810423045,855,318,394.17,1573.72,435.40
3.8007534442983832,387,872,6.63,27.04,111.73
3.8020485463157367,558,507,12.65,49.85,61.18
3.8021495658457845,676,306,10.28,40.13,113.30
3.802618968144194,882,175,4.28,17.29,87.81
3.80414437040016,55,663,5.93,23.09,82.52
3.8053481524399158,361,129,8.39,32.67,531.83
3.8060609907760825,812,255,0.06,0.31,35.77
3.806218804611194,800,618,4.40,16.42,737.31
3.8063352656531935,665,249,28.72,119.16,168.17
3.8079048077201407,471,439,11.90,48.16,331.90
3.808413542687618,785,585,30.45,121.18,141.76
3.8086014079702424,235,114,19.07,75.24,304.52
3.8097496270297815,809,353,0.25,0.94,68.06
3.810632230250508,812,831,0.04,0.27,155.64
3.81107394815289,90,130,20.04,79.96,2113.94
3.8111019066043124,849,259,4.08,17.82,683.42
3.8112113444688305,809,318,0.14,0.80,435.54
3.811319420922818,906,267,19.80,80.23,210.89
3.813427792262072,917,933,23.12,95.84,97.97
3.8156584124817945,323,600,27.91,110.87,217.52
3.8159464943663752,72,712,6.05,24.39,283.74
3.8175143167668097,903,566,32.91,135.68,69.05
3.8177266331958974,602,672,11.89,47.09,14.23
3.8177715698623436,817,849,19.39,77.15,37.21
3.8179589519437864,668,311,24.00,95.21,125.57
3.821257698434282,28,149,13.95,55.14,316.30
3.821764699043958,450,630,20.09,79.91,100.27
3.8220829613281757,998,988,0.52,1.83,359.20
3.822658480087811,251,516,14.41,57.81,107.76
3.825001191633947,721,377,12.60,51.30,162.75
3.825983782219123,319,130,16.00,64.18,2129.94
3.826984175579011,64,631,13.01,50.53,162.20
3.8275829162501065,729,618,19.15,77.11,756.46
3.8280548981821276,721,955,9.59,41.71,230.78
3.8281858531948703,219,405,19.10,77.56,78.94
3.829786605514813,895,343,6.55,26.35,99.81
3.8316376500793403,367,285,15.99,66.26,213.20
3.8317823934731403,946,701,10.26,40.10,340.12
3.8321708770339864,409,971,0.00,0.00,210.97
3.833560990778504,69,397,15.77,63.79,197.62
3.833751064718485,399,130,17.09,67.72,2147.03
3.8346101733549625,756,130,16.58,66.15,2163.61
3.8373042951973755,866,91,14.01,59.70,70.07
3.8374749578805902,33,865,21.14,87.74,97.12
3.838107111103851,622,585,3.25,13.36,145.01
3.841797456242203,274,905,13.73,55.52,120.54
3.8442025733202643,538,860,17.09,67.66,36.72
3.8454143272088,507,130,12.35,48.83,2175.96
3.846039717693699,414,130,23.87,96.58,2199.83
3.8484272199576566,389,983,9.79,38.47,121.04
3.848685843090732,278,453,10.55,40.87,165.96
3.8495174254679263,778,170,12.81,50.91,70.11
3.8503575968864494,882,464,3.61,13.68,98.16
3.8513752649499273,480,809,17.25,68.12,18.05
3.8519594663642454,141,82,18.84,74.63,84.52
3.853267507412064,103,259,17.58,70.85,701.00
3.8533691085093014,643,971,9.07,36.07,220.04
3.854316059603912,604,909,2.63,11.82,104.00
3.8555611772151046,302,963,26.40,103.05,134.92
3.856504435879302,401,342,4.33,17.29,44.46
3.8565406072728523,824,560,19.20,77.26,1390.61
3.8567653897727068,904,650,2.73,9.87,90.04
3.8586716411230997,656,934,7.01,26.19,46.64
3.8594781582766418,939,130,10.42,40.50,2210.25
3.860054388676718,667,766,2.29,8.42,459.29
3.8608474140327402,636,701,21.62,89.11,361.74
3.8629329730556305,969,130,18.74,76.63,2228.99
3.8630968854377796,667,606,1.79,6.63,102.01
3.867256554618622,984,347,25.67,104.84,98.22
3.868910978705501,527,578,0.08,0.50,497.37
3.8689258055592557,757,759,22.78,91.80,133.29
3.8696395011160325,430,66,14.35,56.60,94.13
3.8698408151362793,773,708,16.70,68.20,98.32
3.8699682113410776,719,855,14.07,57.75,1587.79
3.870465770865798,783,766,20.84,80.70,480.13
3.8704984774833218,39,564,18.25,74.99,123.85
3.8720774786414465,667,766,1.33,5.30,481.46
3.8734862632747427,409,730,0.00,0.00,149.04
3.874791270154998,352,882,14.77,54.69,28.45
3.8747952190137744,936,665,11.48,45.31,130.64
3.875797656726802,376,383,3.07,12.78,467.02
3.878422605228133,988,582,72.12,287.08,111.41
3.879631757181571,373,13,23.97,98.82,185.17
3.8808914564603167,651,714,8.10,30.37,41.16
3.881177058511124,564,743,23.88,99.97,286.85
3.881933040984297,341,460,4.80,18.74,126.59
3.8820199956562242,858,814,24.17,95.30,234.81
3.8825253781502886,855,215,317.53,1270.26,376.83
3.8829485987804837,398,26,20.06,79.06,224.92
3.883143474075586,914,539,3.00,13.05,519.65
3.8831904965475648,260,211,21.57,86.65,167.26
3.886217935210387,5,988,4.94,19.04,292.02
3.8868910027409176,858,433,18.75,76.55,66.53
3.88800312592629,462,333,5.77,23.34,88.36
3.891253811168909,3,735,12.77,51.15,108.37
3.8915022761118405,19,752,12.63,50.88,194.75
3.8923894547477804,613,492,7.07,29.35,70.79
3.892585715472931,374,305,70.70,284.00,297.00
3.89383742308514,812,417,0.03,0.24,27.78
3.8941391090058914,861,130,137.20,556.79,2366.19
3.8950651533662053,451,332,5.02,20.24,71.60
3.8956689041420454,168,563,24.08,98.34,127.63
3.8970849609918154,409,861,0.00,0.00,556.79
3.8975140588474555,24,249,21.81,86.75,189.98
3.8979617664905937,846,958,11.17,44.41,83.64
3.8993244801798297,264,383,4.26,18.61,471.28
3.8993633569728225,710,760,0.34,0.72,105.87
3.8999288199545257,22,595,43.67,180.58,128.34
3.9001704556181847,359,521,18.38,73.31,87.67
3.9002550050152047,911,553,6.69,25.77,70.04
3.900474392064123,836,108,12.53,51.26,1202.23
3.901531913457952,687,491,5.28,19.99,94.29
3.9016339280626604,345,866,10.57,46.32,70.27
3.903438315892073,900,372,9.71,38.19,82.21
3.9054395946154954,9,187,22.37,88.20,427.16
3.905779728696502,925,985,29.01,115.40,80.24
3.911718645519894,721,130,8.48,33.23,2374.67
3.9118514638993664,652,826,11.99,47.46,68.97
3.912049100917571,908,923,22.04,87.56,69.36
3.91216334899123,760,114,21.25,84.62,325.77
3.9126840794243796,487,492,16.66,69.41,87.45
3.9168686357318667,419,354,14.04,55.74,188.61
3.917378407425466,135,563,16.04,65.43,143.67
3.9199675866127737,354,435,37.11,151.50,528.24
3.920673676078241,948,321,6.16,24.67,32.37
3.922105978133132,409,218,0.00,0.00,36.92
3.922114458714894,150,130,19.44,77.43,2394.11
3.923510862939887,667,341,1.12,4.18,19.86
3.926667324927426,192,270,16.83,72.13,94.34
3.9271962327532908,210,739,15.71,66.39,111.37
3.929213851193382,223,130,4.81,18.20,2398.92
3.9296254584337813,913,861,0.76,3.61,557.55
3.9306965413247696,352,108,11.40,43.29,1213.63
3.930800339289666,624,458,0.75,3.43,72.87
3.9322481286984576,385,108,1.44,5.15,1215.07
3.934891987071286,20,138,20.97,85.74,83.83
3.937042430832535,574,985,14.01,56.22,94.25
3.938238591042084,196,855,13.00,53.75,1283.26
3.9416448757351095,637,98,23.49,93.11,192.40
3.9421136532288807,789,259,19.54,79.67,720.54
3.942862382193581,351,634,33.56,133.40,470.14
3.942888750978171,91,377,14.17,55.90,176.92
3.9430669821526294,76,743,12.57,51.52,299.42
3.9431751866278475,179,862,29.31,113.87,143.06
3.947028405003831,43,654,14.41,60.19,181.34
3.9489255698577814,404,872,0.04,0.00,111.77
3.9491951493172266,854,578,32.17,128.44,529.54
3.949340563106462,405,787,15.59,63.35,146.23
3.951012640038745,933,777,19.25,78.72,127.65
3.951633544860452,672,501,2.90,11.33,120.89
3.9545172943939257,667,92,0.81,3.37,223.24
3.9545432439035384,401,349,3.34,13.95,115.16
3.9547265808667063,812,211,0.04,0.20,167.30
3.9577205018263273,709,501,9.73,39.22,130.62
3.959932025904943,954,669,5.41,20.60,100.72
3.960009926375948,894,255,26.00,101.01,61.77
3.9616244980422817,673,234,6.75,26.57,20.41
3.961874025960676,795,117,12.74,51.03,48.50
3.9627728976732515,830,18,8.78,36.66,102.31
3.9628489835226937,489,656,10.72,41.84,36.91
3.9635540977085775,150,855,15.33,62.10,1298.59
3.9670091470151623,598,434,20.16,79.80,99.54
3.967367528492542,862,581,28.58,114.48,84.64
3.9678884780078056,227,952,13.59,56.83,205.94
3.968400065323981,204,129,22.79,93.18,554.62
3.968559381434996,773,675,12.92,55.28,175.99
3.9689829092854922,562,380,14.52,57.15,69.29
3.9693306887840243,630,270,19.41,80.86,113.75
3.969339730447798,215,952,74.63,302.20,280.57
3.9695167092121535,961,888,14.76,61.16,121.02
3.9695651712400197,63,65,17.50,68.65,169.32
3.9697697587117964,527,49,0.13,0.37,41.32
3.9699714809807243,100,887,5.57,23.78,108.58
3.970370609849947,622,474,2.81,10.55,152.23
3.97179945038899,755,722,9.83,39.55,135.87
3.976596844924613,150,985,12.53,49.57,106.78
3.9769772899024094,986,988,7.88,30.99,299.90
3.9772148522369006,275,259,20.96,85.36,741.50
3.9782282490880547,369,108,13.10,50.93,1228.17
3.9785735693787587,284,272,34.96,137.55,171.74
3.9798580834193173,520,60,17.97,70.91,121.53
3.9815021987790766,190,114,10.56,42.92,336.33
3.981869635023331,31,466,1.21,4.11,81.04
3.9861706084219053,622,701,2.48,8.07,364.22
3.986332081652338,398,971,16.05,63.01,236.09
3.9877621822744205,444,657,7.84,33.02,134.62
3.988141787323567,122,248,17.05,69.53,292.01
3.988229706964095,202,560,11.36,45.35,1401.97
3.988357504470114,696,354,12.17,48.23,163.67
3.988431162271568,672,64,2.60,8.73,53.13
3.9888408655666394,438,50,26.68,102.57,157.83
3.9899716814819186,69,617,13.08,50.71,55.11
3.9907232860496746,162,113,9.81,40.61,135.14
3.991379646790595,41,311,47.23,186.08,172.80
3.9917652822261767,405,790,12.85,50.50,140.22
3.991797364884866,241,108,6.29,25.36,1234.46
3.9922284853023062,404,538,0.00,0.00,67.66
3.9944039768283512,336,890,9.14,37.64,71.89
3.994568971101546,402,224,52.27,212.89,146.79
3.9958113864309657,915,108,0.89,3.26,1235.35
3.9972036610803716,924,870,20.40,79.60,57.57
3.9972843174330586,296,846,0.36,1.53,44.77
3.9973637956172756,723,992,3.47,13.03,48.70
4.00013634720667,61,643,20.43,81.22,56.50
4.000397601142911,240,300,27.02,109.88,76.69
4.0004631188307815,386,1,13.45,52.83,76.64
4.002682577492764,985,580,21.97,84.81,166.97
4.003282726820302,99,839,14.88,59.33,58.52
4.004080028081846,399,253,13.75,53.97,113.75
4.004233236796331,704,861,18.97,72.75,576.52
4.004264410409008,296,560,0.31,1.22,1402.28
4.00713248475154,347,114,19.33,78.89,355.66
4.007500331982304,404,915,0.00,0.00,3.26
4.008006123721268,891,862,12.42,51.39,126.90
4.009205875436946,409,769,0.00,0.00,56.82
4.0112468632491165,446,464,8.96,37.25,107.12
4.012949559857384,64,658,10.58,42.55,136.72
4.01352237855637,231,359,19.68,79.76,92.99
4.014022670440384,878,130,10.60,43.19,2409.52
4.016120873038719,948,560,4.93,19.74,1407.21
4.016220659558835,613,766,5.86,23.49,487.32
4.017180064073874,178,402,8.21,33.44,221.10
4.017934980567521,622,855,1.56,6.51,1300.15
4.020270977239738,368,828,10.46,40.84,55.30
4.023698809436808,965,108,15.86,64.65,1251.21
4.023708352357297,169,647,5.44,21.09,94.46
4.0249356608809235,189,333,16.46,63.47,104.82
4.025726406894003,99,547,11.76,47.57,197.15
4.025734930423277,485,855,27.22,111.05,1327.37
4.026179842037682,267,855,42.64,168.25,1370.01
4.026917528404735,590,950,8.76,34.71,262.65
4.026962876472602,668,394,19.17,76.04,120.35
4.027568226338189,344,259,31.80,126.93,773.30
4.030614642572403,767,338,21.07,85.53,103.75
4.031617031676735,751,873,20.22,79.78,392.26
4.0333761604916045,531,734,19.73,77.33,113.36
4.034917761003127,409,130,0.00,0.00,2409.52
4.035673921471678,978,501,18.82,77.93,149.44
4.037971660322763,936,862,8.54,36.77,135.44
4.038569430943572,900,712,7.86,30.33,291.60
4.038726160382652,816,40,9.17,38.68,109.17
4.03938345550911,20,967,17.09,68.65,110.45
4.0403686325112425,331,820,16.62,66.00,179.00
4.040492138384267,140,22,20.33,82.77,200.91
4.0425543502647505,76,913,10.46,41.06,14.07
4.042985213324318,369,211,10.29,40.64,177.59
4.044400034440211,906,598,15.63,64.60,95.43
4.046257514627376,672,732,1.54,7.19,72.86
4.048256001254823,222,233,12.37,48.59,101.25
4.048804637595895,918,259,30.00,121.58,803.30
4.050184851059472,411,230,72.66,290.64,122.80
4.050884537776782,815,446,9.75,39.61,47.00
4.051231621997642,548,468,8.02,32.24,79.15
4.051831255323796,947,472,35.18,137.02,119.63
4.053574293904695,85,332,14.06,57.07,85.66
4.055099455098386,82,240,17.24,67.28,127.12
4.0564715230767705,790,754,27.78,112.44,53.97
4.056851220887166,663,861,16.66,65.86,593.18
4.057318242071072,390,401,17.18,67.77,31.13
4.057742484564173,652,560,9.47,37.99,1416.68
4.058934114047606,430,542,11.54,45.06,58.26
4.060410426056133,511,578,10.89,44.48,540.43
4.061526913176882,963,618,26.60,108.32,783.06
4.061582422320203,710,678,0.08,0.64,72.29
4.063587110199264,128,734,24.57,96.84,137.93
4.064205085488707,845,662,6.37,26.00,107.87
4.065394846299032,980,991,2.00,8.36,51.32
4.066072557723853,12,721,12.57,51.18,45.80
4.067700286586912,392,851,12.01,47.64,120.10
4.068506376570147,590,430,6.74,27.97,51.80
4.06874011850164,590,860,5.62,22.35,42.34
4.069900712719967,980,20,1.53,6.83,70.18
4.070625450802959,321,560,6.35,26.02,1423.03
4.070902070361248,976,855,12.23,51.94,1382.24
4.072083768214259,701,189,73.30,290.92,136.77
4.072941543931143,838,202,31.35,126.41,76.70
4.0740117208147,393,534,11.86,46.66,110.78
4.075106780562931,96,577,17.72,71.47,99.09
4.0777437246062345,259,439,162.13,641.17,494.03
4.0786688250945815,398,862,12.90,50.11,148.34
4.0801044543777785,941,560,15.24,60.34,1438.27
4.080379553592697,120,971,13.97,54.08,250.06
4.080639723087621,5,435,3.71,15.33,531.95
4.080830359085366,92,698,44.40,178.84,172.06
4.080957027490834,881,22,16.52,66.05,217.43
4.081888330291013,936,130,7.25,29.52,2416.77
4.082657330723562,67,590,15.53,61.32,37.88
4.084603929396821,147,291,32.99,132.83,96.70
4.086267951276911,495,130,24.15,99.17,2440.92
4.086396050839433,543,898,2.52,8.97,94.19
4.08929788509648,385,234,0.91,4.24,21.32
4.089437524675531,401,130,6.21,24.92,2447.13
4.090004509733975,805,855,25.29,106.71,1407.53
4.090200799594185,435,265,105.96,425.99,256.76
4.090719477753027,73,259,22.82,90.02,663.99
4.092692163091244,261,896,10.89,42.12,91.62
4.092930524060764,451,670,4.43,15.81,150.64
4.093444653559281,71,333,14.18,58.43,119.00
4.093551039985652,479,430,5.46,21.22,57.26
4.093593221404442,348,325,10.37,41.81,254.60
4.093689533533368,177,861,2.73,11.99,595.91
4.094870861958289,531,114,15.10,62.23,370.76
4.095173474372823,815,960,8.14,31.47,74.84
4.096771771289347,527,580,0.06,0.31,167.03
4.098662866404286,532,491,30.64,121.61,124.93
4.098762803787672,896,637,18.31,73.31,111.42
4.098900689927775,29,861,8.01,32.55,603.92
4.099701285231313,354,712,33.74,129.93,325.34
4.100962774999073,809,84,3.44,14.61,375.91
4.101764221250879,24,82,17.32,69.43,84.60
4.101913572849566,624,806,0.69,2.74,116.24
4.1042379691029,372,22,15.83,66.38,233.26
4.104448654267694,812,560,0.06,0.14,1438.33
4.104504898189376,233,732,19.66,81.59,92.52
4.105173540366299,668,613,15.04,61.00,38.53
4.106676421888507,882,855,5.35,23.10,1412.88
4.1067319917947165,558,546,9.91,39.94,42.39
4.107726715233229,155,816,8.68,34.93,47.36
4.108318111122187,747,560,15.78,65.28,1454.11
4.108436704075688,279,956,11.63,46.67,62.24
4.1084509397635305,972,862,23.33,91.76,171.67
4.110561170727603,409,920,0.00,0.00,128.41
4.11440390572462,440,129,11.86,47.14,566.48
4.116565415616615,404,713,0.00,0.00,20.21
4.117531887344471,654,856,36.64,144.70,68.33
4.117608574618006,430,397,11.43,45.83,209.05
4.118699065422417,521,22,17.90,69.77,251.16
4.119000951720063,927,22,19.79,80.39,270.95
4.11965015014702,947,619,26.89,110.13,126.94
4.119979232966174,348,855,8.62,33.19,1421.50
4.120899312108607,425,65,10.01,40.41,179.33
4.122224006856232,245,872,10.78,43.88,122.55
4.123238980751133,433,831,13.58,52.95,169.22
4.123503120379585,936,839,5.83,23.69,64.35
4.123664156190566,764,318,4.03,15.66,439.57
4.128014810703803,47,41,21.90,85.72,207.98
4.131701653498042,954,142,4.23,16.37,48.04
4.131958192613807,169,736,4.36,16.73,163.49
4.132026978209651,215,150,60.50,241.70,110.07
4.13224659365052,519,130,10.31,38.88,2457.44
4.132446740358704,667,791,0.59,2.78,68.83
4.133168321260878,444,305,6.55,26.47,303.55
4.134294148133651,385,501,0.80,3.44,150.24
4.13525445395357,564,26,19.57,80.40,244.49
4.135369846151672,971,82,49.55,200.51,134.15
4.135804816469957,244,88,20.12,79.93,137.83
4.1362943122981495,801,130,16.22,64.67,2473.66
4.137733397295486,480,634,13.90,54.22,484.04
4.137776902010827,372,108,12.90,53.48,1264.11
4.142001179694897,465,458,11.88,47.30,84.75
4.143147582118035,350,785,12.45,49.46,133.63
4.143201227838812,297,798,18.40,74.71,90.24
4.144719008193431,143,998,18.82,74.78,20.65
4.144774012124447,544,43,10.77,40.37,70.96
4.144854694479018,715,616,16.09,64.92,86.94
4.145484722185428,753,130,5.06,21.67,2478.72
4.150082860062976,940,662,31.99,127.13,139.86
4.15047543749805,251,803,11.61,46.20,124.05
4.152991788663862,719,808,11.53,46.22,83.10
4.153674345322761,328,698,22.60,91.73,194.66
4.153689070708361,424,418,25.01,97.88,240.14
4.153830047836681,911,108,5.42,20.35,1269.53
4.155233044914549,784,955,0.38,1.53,231.16
4.155624571245815,994,98,1.12,4.48,193.52
4.155719833354179,911,130,4.35,16.00,2483.07
4.156834805855114,264,874,3.63,14.98,77.13
4.1575170497456595,809,872,2.78,11.83,125.33
4.157667018042573,188,862,13.63,54.40,185.30
4.158186537513356,404,130,0.00,0.00,2483.07
4.158915104528392,241,887,5.17,20.19,113.75
4.159658514555826,533,805,22.78,86.47,129.49
4.160090205270754,529,160,8.18,32.74,61.79
4.160968736000694,500,923,16.91,69.29,86.27
4.161153267084409,617,625,10.83,44.28,107.94
4.161227723968819,667,902,0.54,2.24,143.12
4.161877569985652,948,814,4.00,15.74,238.81
4.16451625999866,208,980,17.03,68.51,23.86
4.164747609707122,600,433,43.52,174.00,96.47
4.16501004023232,667,130,0.46,1.78,2483.53
4.165641512685827,169,850,3.39,13.34,103.54
4.166767190148938,131,237,17.74,72.21,62.89
4.169366931973346,874,374,15.96,61.17,299.96
4.169779489985393,667,904,0.36,1.42,10.23
4.172208282685719,17,199,38.85,152.78,124.38
4.174218401073594,246,277,8.44,35.36,70.26
4.17444265767672,387,815,5.68,21.36,37.15
4.1749472370882454,399,117,11.09,42.88,59.59
4.174986305730255,60,129,24.96,96.57,591.44
4.176331942180224,721,631,9.20,36.60,171.40
4.177842740869415,62,682,10.13,40.11,157.07
4.177847774066775,264,65,3.04,11.94,182.37
4.178367612859515,245,390,8.84,35.04,76.61
4.179778154687003,686,536,24.97,94.73,140.31
4.179870296711034,352,231,8.98,34.31,88.74
4.182039888029214,318,634,88.19,351.38,572.23
4.18369055828085,787,143,29.22,117.01,104.00
4.183790253103912,612,578,10.29,40.11,550.72
4.183826931844504,549,259,19.39,77.64,683.38
4.1850713042247545,866,259,14.97,55.30,698.35
4.187720499286025,922,569,21.59,86.71,121.78
4.1884891325653975,832,950,22.23,90.41,284.88
4.18938603775403,260,460,17.12,69.53,143.71
4.189527914795487,396,791,11.58,48.95,80.41
4.19377386348755,974,971,16.07,64.06,216.58
4.193774126818088,860,260,8.11,34.23,77.64
4.1944367574488455,800,500,3.25,13.17,72.54
4.195488000844634,968,22,27.05,107.07,298.00
4.1974743845763465,16,411,25.78,97.41,316.42
4.197481786448621,124,728,32.71,125.29,117.51
4.197609583230304,667,130,0.32,1.10,2483.85
4.199385601638811,341,383,3.98,15.88,475.26
4.199805102776272,563,177,29.25,114.42,41.24
4.199959631484158,292,606,15.87,65.77,117.88
4.199992814327377,603,560,13.71,54.17,1467.82
4.200088649222536,507,584,9.32,39.51,46.80
4.2003377802230455,699,759,25.17,98.94,158.46
4.2017872001103385,742,501,4.03,16.59,154.27
4.201934723741643,393,766,9.44,37.22,496.76
4.201984340529899,326,383,14.52,58.18,489.78
4.202378399320175,174,278,27.18,112.63,68.05
4.20252140303142,957,634,23.82,97.08,596.05
4.20410870247202,334,130,57.69,227.01,2541.54
4.207463283424589,356,207,17.55,67.76,164.45
4.20818918764313,812,855,0.02,0.12,1421.52
4.209993685994333,409,947,0.00,0.00,110.13
4.2111843322810545,404,694,0.00,0.00,115.45
4.212158091500012,812,817,0.04,0.08,77.19
4.212221439343756,650,199,17.69,72.35,142.07
4.212910927001564,710,871,0.12,0.52,62.87
4.213408039505688,80,377,20.42,80.41,197.34
4.214020006901479,700,259,30.35,121.51,728.70
4.215094384337905,296,869,0.28,0.94,51.29
4.21671128035072,575,177,7.57,31.28,48.81
4.217647868438297,488,823,15.25,60.48,101.58
4.2177417603955165,103,279,14.10,56.75,60.77
4.220575432740998,409,267,0.00,0.00,168.25
4.220962800876236,885,171,21.00,81.47,104.46
4.223052173276813,667,325,0.19,0.91,254.79
4.225535126518521,177,752,9.33,39.48,204.08
4.226413400972132,723,108,2.67,10.36,1272.20
4.22767309976078,835,22,15.11,58.87,313.11
4.22823790567493,356,265,13.99,53.77,270.75
4.228480145633017,742,270,3.18,13.41,116.93
4.228981348849211,712,389,65.46,259.88,103.93
4.2293010246027265,339,388,3.86,13.53,84.51
4.230171937380928,320,383,3.71,15.84,493.49
4.232261160505432,234,20,3.90,17.42,74.08
4.232695297126983,946,855,8.11,31.99,1429.63
4.232841324905042,747,409,13.38,51.90,13.38
4.233487760250878,212,862,15.66,63.80,200.96
4.234019824208346,404,477,0.00,0.00,494.03
4.235458111197369,929,193,8.54,33.29,320.54
4.236190534523103,938,477,4.04,16.24,498.07
4.237859120083355,865,648,19.28,77.84,208.68
4.241572074790097,401,26,4.99,19.93,249.48
4.2443459100399314,539,143,102.23,417.42,206.23
4.245783786740111,781,559,16.65,63.00,140.85
4.24907349623034,786,78,24.12,95.02,104.39
4.249798538382207,357,402,18.40,70.88,239.50
4.250207873045209,276,944,27.50,109.85,185.61
4.252033048951607,55,311,4.67,18.42,177.47
4.254598466080731,804,877,19.14,73.75,72.70
4.254655227647443,667,716,0.17,0.74,88.21
4.258361453671245,600,259,35.67,138.33,764.37
4.25856277164799,101,371,10.01,39.28,131.14
4.259746234522189,221,34,12.64,50.59,77.22
4.261261975124514,252,130,11.09,43.09,2552.63
4.261395767580742,751,130,16.08,63.70,2568.71
4.261753936329164,429,31,5.79,24.67,9.90
4.263093236153237,197,675,11.63,49.74,187.62
4.264153088665967,283,65,26.12,104.51,208.49
4.26526375902391,721,398,7.45,29.15,57.56
4.265686305226107,432,816,6.41,24.52,53.77
4.265917777575676,692,624,19.99,81.87,22.73
4.266125986600517,660,193,21.37,81.64,341.91
4.267954467420468,567,578,17.40,72.20,568.12
4.268130181404247,551,88,10.11,40.80,147.94
4.269029247340646,234,479,3.69,13.73,24.91
4.269454610444405,326,402,12.53,45.65,252.03
4.275340345881175,402,439,49.77,202.26,543.80
4.275746425453145,451,678,3.11,12.70,75.40
4.279340128065011,956,560,12.02,50.22,1479.84
4.279491325702088,966,757,18.16,70.11,109.96
4.2815401874613865,694,425,23.30,92.15,63.71
4.283284328819004,691,578,8.63,35.11,576.75
4.285215504263814,713,383,3.91,16.30,497.40
4.285218559561754,361,766,6.52,26.15,503.28
4.285429502913183,692,855,16.00,65.87,1445.63
4.285445708731646,631,304,34.09,137.31,111.91
4.285857519381483,493,164,37.82,154.82,133.53
4.286068280101423,35,820,18.10,71.96,197.10
4.28613469862707,409,872,2.92,10.46,128.25
4.286639348635304,30,618,21.49,83.19,804.55
4.289727739318061,954,933,3.26,13.11,81.98
4.2900183472830395,927,194,16.24,64.15,122.73
4.291910221347643,648,649,41.43,167.25,182.42
4.292733208180005,900,126,6.01,24.32,46.82
4.293007499959442,562,130,11.41,45.74,2580.12
4.293032714274636,973,158,5.37,20.72,106.17
4.293582815659619,43,108,14.66,56.30,1286.86
4.295100848572445,296,278,0.17,0.77,68.22
4.297929190176497,667,321,0.18,0.56,26.20
4.298466461183029,622,678,1.23,5.28,76.63
4.299466010802972,183,247,7.84,32.78,87.22
4.300336238087387,529,614,6.08,26.66,124.74
4.300914375150305,502,64,9.84,41.84,52.39
4.303006637041597,116,108,15.56,61.53,1302.42
4.3035471588824405,22,560,62.20,250.91,1542.04
4.304637269275284,136,560,8.89,36.70,1550.93
4.30566006837592,698,468,38.09,156.57,117.24
4.3080285674771375,802,486,8.36,32.77,235.90
4.311002988829073,23,609,4.98,21.04,120.15
4.311697696506398,325,84,52.05,202.74,427.96
4.313664086482745,572,855,29.55,116.33,1475.18
4.3158316058044415,905,712,24.01,96.53,283.89
4.317417781122372,105,6,16.84,66.38,107.95
4.318249925152468,445,146,21.68,86.55,114.34
4.319270897721115,642,730,19.25,75.43,168.29
4.320343115366053,666,47,17.30,68.61,103.02
4.323185868327715,229,56,13.01,50.59,203.77
4.323961512690954,308,988,16.15,64.95,316.05
4.324924084661847,180,194,6.42,24.96,129.15
4.3255690562090985,628,739,23.73,97.97,135.10
4.3272640498063675,676,509,8.35,31.78,99.71
4.327359193664978,290,571,10.87,43.08,61.77
4.327622034281081,603,895,11.18,42.99,37.53
4.329873750135582,710,705,0.10,0.42,374.08
4.330238466251784,554,618,8.14,33.02,812.69
4.330795047119386,560,654,312.85,1238.08,457.55
4.331744890173561,720,549,15.44,58.16,93.08
4.331920033390847,78,600,20.69,83.70,159.02
4.333212450902414,395,872,18.06,72.58,146.31
4.334055588333994,667,269,0.14,0.42,84.27
4.336208450028787,571,701,12.21,49.56,303.13
4.336902088988252,624,705,4.58,18.15,378.66
4.337067271495617,575,980,6.30,24.98,30.16
4.338046899486608,478,766,18.73,71.70,522.01
4.338857327689293,430,855,9.26,36.57,1484.44
4.339642182757734,94,545,10.45,42.46,72.66
4.345580262067866,446,855,9.17,37.83,1493.61
4.345758123956294,558,130,8.21,31.73,2588.33
4.346005389384162,313,869,16.04,63.67,67.33
4.349314876233058,472,452,23.02,96.61,67.75
4.350847063137781,291,680,19.17,77.53,193.81
4.35093927487604,919,130,43.20,171.02,2631.53
4.353567496535007,582,862,23.01,88.40,223.97
4.354062978360524,221,113,10.12,40.47,145.26
4.3550695412819875,234,919,2.78,10.95,173.80
4.355781588359824,527,666,0.03,0.28,68.64
4.35662935177032,809,60,2.44,9.39,99.01
4.356998041561844,780,212,21.72,88.22,85.52
4.3629793189024895,511,509,8.81,35.67,108.52
4.364850500360175,710,257,0.06,0.36,53.23
4.366717433490947,725,738,17.36,73.61,154.71
4.3683023833374275,305,267,60.20,243.35,228.45
4.368858946535084,626,50,12.10,48.79,169.93
4.369000584577261,672,759,1.35,5.84,159.81
4.370061108187953,812,338,0.02,0.06,103.77
4.3709302386502475,992,413,9.84,38.86,107.56
4.371373156717072,112,560,27.28,109.63,1265.36
4.37162539487695,984,478,21.11,83.73,92.81
4.371642779103064,761,458,29.68,114.74,114.43
4.372476455598119,388,382,16.14,68.37,49.72
4.374905242446685,426,855,9.85,41.39,1503.46
4.376255798171184,15,259,14.89,59.94,779.26
4.377157304658036,78,489,16.65,67.05,58.49
4.377284103803953,858,108,15.37,61.18,1317.79
4.378281026171855,416,847,8.06,32.69,55.40
4.37845706308128,404,882,0.00,0.00,23.10
4.382206535278733,512,860,8.71,36.51,42.94
4.384265268950154,540,805,1.30,4.32,130.79
4.388158267450322,844,862,5.80,24.03,229.77
4.388196498848199,466,129,16.54,64.50,607.98
4.388496783437317,830,847,7.19,29.47,62.59
4.388736867929579,478,248,18.73,74.08,310.74
4.389561236129869,862,897,46.34,183.43,98.53
4.389968389826043,170,860,14.25,55.86,57.19
4.393347051949489,235,262,14.62,60.62,148.40
4.395996065408389,612,816,8.13,31.98,61.90
4.396132523906311,63,561,13.45,55.20,56.80
4.396599483921362,627,477,6.96,29.41,505.03
4.398386856249383,527,130,0.03,0.25,2631.56
4.400787780512051,433,270,19.93,76.54,136.86
4.401062352480407,681,914,13.91,54.43,26.96
4.401406816514312,786,873,19.01,76.01,411.27
4.401537786856774,415,346,14.58,59.58,51.47
4.402589858558984,261,392,8.58,33.54,56.22
4.403647934069762,929,654,6.42,26.87,463.97
4.403955035554004,672,47,1.02,4.82,104.04
4.4045686554446455,375,354,12.39,51.57,142.32
4.404900471416094,234,927,2.30,8.65,66.45
4.4081432812397,29,596,6.39,26.16,44.89
4.408265739192578,667,855,0.07,0.35,1503.53
4.408510980936818,911,247,3.42,12.58,90.64
4.409961015257604,964,317,3.02,11.41,105.45
4.409972119467252,710,793,0.08,0.28,99.37
4.410287003145825,846,977,8.91,35.86,248.26
4.410824725177274,378,977,28.52,113.70,276.78
4.410939375916146,667,269,0.09,0.26,84.36
4.412071245211671,826,421,13.57,55.40,89.33
4.412775937312058,41,712,41.32,166.66,325.21
4.412913187977219,161,10,14.29,56.08,97.03
4.414789533632717,449,267,14.59,57.57,243.04
4.415162430566338,712,588,65.06,260.15,137.99
4.416750430959398,821,955,18.14,71.88,249.30
4.417198531111859,699,831,20.07,78.87,189.29
4.418186871675989,748,388,12.12,49.39,80.49
4.418501247807229,190,536,8.32,34.60,148.63
4.422003696991067,11,517,5.12,21.30,251.19
4.422428143198758,225,503,9.91,39.96,69.31
4.422534562263201,878,259,8.76,34.43,788.02
4.4244078591100955,326,752,9.01,36.64,213.09
4.4252743017214975,229,855,9.95,40.64,1513.48
4.425593678437862,404,413,0.00,0.00,107.56
4.426377270328495,904,518,2.24,7.99,66.14
4.429765980065993,567,259,14.69,57.51,802.71
4.431893747549854,171,187,21.19,83.27,448.35
4.432799858547971,662,862,28.01,111.85,211.44
4.433223717044935,173,141,8.88,35.31,83.51
4.433489477290985,853,282,25.48,106.01,165.68
4.433620729110983,591,862,14.40,55.98,225.84
4.434848727450301,710,108,0.06,0.22,1317.85
4.436076144000877,467,554,2.97,12.37,35.99
4.436698293444431,754,654,10.58,43.39,474.55
4.438039678457844,501,887,31.28,122.99,145.03
4.43816845087791,264,310,2.37,9.57,48.19
4.440526016416591,298,108,15.65,66.09,1333.50
4.4409916024105955,788,105,14.73,57.89,81.11
4.44129120549883,955,638,48.89,200.41,105.34
4.442665382262748,994,65,0.75,3.73,209.24
4.443644704382333,202,901,15.12,61.58,95.30
4.445337117998188,456,72,6.95,28.26,31.34
4.445340329805392,282,223,32.93,132.75,51.13
4.447560833166771,812,571,0.03,0.03,49.59
4.447816371603553,610,936,7.81,32.45,31.50
4.448147249651077,417,757,5.63,22.15,115.59
4.450210908598357,933,165,16.44,65.54,97.10
4.4509515247432345,784,560,0.28,1.25,1265.64
4.452785616936425,919,961,34.04,139.76,95.20
4.45323859547273,998,764,4.03,16.62,19.69
4.453441968948686,41,307,33.66,133.00,93.52
4.453789237461908,255,855,13.06,48.71,1526.54
4.45461215873999,555,401,14.18,53.33,34.11
4.455964275915508,694,117,18.57,73.58,78.16
4.456478581815253,196,654,10.81,42.94,485.36
4.457003594654475,264,777,1.75,7.82,129.40
4.4575716197080855,891,712,10.43,40.96,270.58
4.4576898013915764,161,72,12.20,43.88,43.54
4.458264937557264,847,879,11.99,50.60,88.43
4.459501779447279,836,889,10.63,40.63,76.88
4.460266947215537,739,766,27.10,108.00,549.11
4.461034793094567,713,556,3.48,12.82,153.94
4.461176177178731,667,732,0.02,0.24,92.54
4.4618414825352755,298,402,13.39,52.70,215.65
4.462321489566625,691,843,7.06,28.05,69.70
4.462361535376997,224,362,30.66,116.13,141.64
4.462736747396829,812,326,0.01,0.02,36.65
4.463540418377606,974,211,12.63,51.43,190.22
4.4654245624585585,947,618,22.02,88.11,834.71
4.465751577248491,290,193,8.40,34.68,350.31
4.4666981855054475,540,108,0.91,3.41,1334.41
4.4685155340751725,826,701,10.90,44.50,314.03
4.471981261647383,526,201,7.33,31.18,14.55
4.474722424129145,865,73,16.62,61.22,106.64
4.476626374731778,32,660,26.58,100.37,108.22
4.477068686907183,131,73,14.23,57.98,120.87
4.477201983275476,584,397,9.15,37.65,218.20
4.48026842892382,800,107,2.61,10.56,62.85
4.480613164817422,274,35,10.85,44.67,82.81
4.481925098452736,569,259,24.44,97.34,827.15
4.4826937744518744,632,258,15.35,64.43,66.03
4.484091696622141,948,150,3.15,12.59,113.22
4.485254680398427,26,392,50.18,199.30,106.40
4.490379777497792,874,22,12.08,49.09,262.99
4.49231794563387,213,862,22.50,88.45,248.34
4.492983421574268,552,953,15.66,65.61,581.77
4.493131412467443,116,820,12.35,49.18,209.45
4.4939704869382675,460,344,29.65,114.06,156.58
4.49426362827478,777,366,26.59,102.81,60.45
4.494979702083689,574,108,11.25,44.97,1345.66
4.495030111988467,167,409,14.65,56.63,25.11
4.49612382400065,693,757,10.44,41.97,126.03
4.496732165277602,936,443,6.35,25.15,105.84
4.497380474617003,409,259,4.66,20.45,831.81
4.4974695424629125,934,329,9.04,37.60,49.54
4.49921897658739,456,458,5.70,22.56,120.13
4.499334777312644,946,388,6.39,25.60,86.88
4.499892617025704,216,81,21.07,84.19,150.64
4.500772989239968,133,108,17.98,70.91,1363.64
4.501420779551258,332,473,16.99,68.67,116.72
4.502773941704547,405,785,10.09,40.41,143.72
4.504141939451595,661,999,10.67,42.72,112.48
4.504369203847333,29,695,5.64,20.52,46.43
4.505414812101377,203,953,15.99,64.26,597.76
4.505569382998572,248,311,62.56,248.18,240.03
4.50678908598574,948,477,2.56,10.03,507.59
4.5074597061608515,20,165,15.44,58.64,112.54
4.50786395757326,527,968,0.07,0.18,107.14
4.509372121986484,345,17,8.84,37.48,161.62
4.510988821693767,86,118,21.06,81.39,118.28
4.511870167648538,779,547,10.23,40.62,207.38
4.512448614603238,472,888,19.72,76.89,140.74
4.5126746957368375,981,477,4.45,16.31,512.04
4.512921639886529,910,123,5.19,20.75,85.35
4.514643133660222,288,338,14.94,59.36,118.71
4.515551635259483,884,130,12.96,55.59,2644.52
4.515687276532091,989,863,18.95,76.32,60.88
4.515800867479805,319,418,13.83,50.35,253.97
4.516725274429068,501,130,24.32,98.67,2668.84
4.517173925352724,798,612,18.24,72.00,50.22
4.517333629448006,255,486,9.61,39.10,245.51
4.517438859352335,294,942,9.27,38.16,51.90
4.5197410297524305,391,905,46.50,186.33,143.03
4.521724267444433,723,950,2.20,8.16,287.08
4.522637271622184,630,612,16.00,64.86,66.22
4.522849640743714,9,618,17.71,70.49,852.42
4.522934666956354,941,76,11.90,48.44,52.96
4.523660358030597,34,638,15.13,62.09,120.47
4.523794690272972,111,477,16.51,66.79,528.55
4.524239788428478,427,981,9.58,39.52,25.89
4.525130238115874,173,299,7.13,28.18,106.64
4.525253091661458,944,129,36.55,149.06,644.53
4.526867251342565,749,108,7.32,29.72,1370.96
4.52781668053921,957,430,19.61,77.47,56.18
4.528029350525352,529,920,5.61,21.05,134.02
4.530051641979979,809,351,1.73,7.66,135.13
4.530514482827485,615,902,18.74,76.73,161.86
4.530693728951133,592,99,38.41,153.70,85.98
4.531431027250353,126,670,9.17,37.65,159.81
4.531458086774917,675,971,37.22,150.40,253.80
4.532331739236695,178,122,6.78,26.66,76.31
4.53300100239435,226,560,21.24,85.35,1286.88
4.534079936137676,812,855,0.01,0.01,1526.55
4.537054981204559,865,669,11.67,49.55,112.39
4.5373131550155,120,967,11.33,42.75,121.78
4.5376600598226915,875,453,12.91,51.41,178.87
4.537847656242447,927,176,13.45,53.00,103.87
4.538006829556186,432,863,4.91,19.61,65.79
4.53803285604603,366,623,12.01,48.44,73.97
4.5389375470580955,906,187,12.63,51.97,460.98
4.5396624905253935,598,486,19.36,76.07,264.87
4.540242950747439,527,418,0.03,0.15,254.00
4.5409400930495885,981,620,4.59,21.30,48.42
4.541029538730992,648,129,33.92,133.33,678.45
4.541150224138417,687,332,3.82,16.17,72.49
4.541496513117158,342,758,8.64,35.82,215.41
4.542740092027928,915,820,0.71,2.55,210.16
4.542977784614343,34,383,12.70,49.39,510.10
4.5435153004079805,952,969,56.54,224.03,133.17
4.544272058511365,404,134,0.00,0.00,200.65
4.546720125067306,579,457,24.22,94.17,117.82
4.546778792323803,464,988,21.23,85.89,337.28
4.54876612011441,856,911,13.01,55.32,25.59
4.549292669034219,947,193,17.65,70.46,367.96
4.550580865298111,805,254,26.63,104.16,115.29
4.551321425109184,898,621,18.46,75.73,156.59
4.552755833194777,338,872,23.86,94.85,170.17
4.553906723283339,777,560,21.12,81.69,1308.00
4.554273729038526,577,796,20.37,78.72,117.20
4.558923528089623,99,445,16.84,69.14,103.39
4.559125331539713,271,187,10.62,40.89,471.60
4.559338364204255,369,13,7.56,33.08,192.73
4.560675008210649,891,392,8.06,32.90,114.46
4.561232362775257,406,708,50.30,207.51,148.62
4.561599923476369,637,122,22.15,89.27,98.46
4.561838713795183,613,851,7.25,31.28,127.35
4.5652622565551155,376,965,2.35,10.43,67.00
4.566265079004827,603,854,8.55,34.44,136.99
4.566852303445791,175,435,17.17,70.64,443.16
4.567122397118722,872,766,34.09,136.08,583.20
4.568988534751146,409,855,4.35,16.10,1530.90
4.569525438624562,511,718,6.93,28.74,158.18
4.569731188579721,691,873,5.49,22.56,416.76
4.573078209206718,578,12,114.13,462.62,165.31
4.5733622957541336,672,694,0.94,3.88,74.52
4.575106504562512,409,753,2.82,13.28,24.49
4.577809903521511,948,172,2.06,7.97,92.14
4.5783175651859676,202,114,12.23,49.35,382.99
4.578669468510826,514,578,28.38,112.39,491.00
4.579048715085514,330,988,12.40,46.04,349.68
4.579162180605464,827,21,14.95,58.60,116.71
4.579309605071559,620,193,10.46,37.96,378.42
4.579744738294439,581,27,16.59,68.05,82.60
4.584006933895912,526,108,6.28,24.90,1377.24
4.584412628740082,837,593,5.15,22.05,58.83
4.585328534651744,896,832,14.38,58.93,104.79
4.588289691425342,501,927,19.35,79.32,72.35
4.5911490219703115,747,22,10.42,41.48,273.41
4.591650089342682,87,988,8.26,32.99,357.94
4.591789497711195,403,560,23.63,96.04,1331.63
4.592536497118521,526,705,4.68,20.22,383.34
4.593395152867221,700,393,24.29,97.22,61.51
4.593698111328985,261,130,6.75,26.79,2675.59
4.593793831938138,166,199,10.97,42.89,153.04
4.594675733309066,117,415,15.53,62.63,75.11
4.594699925986865,197,335,9.92,39.82,74.85
4.5948069504282945,398,805,11.40,46.16,115.56
4.597166873415847,543,634,1.92,7.05,597.97
4.598100308187889,164,104,26.38,107.15,74.94
4.598446562530859,99,610,13.00,56.14,45.45
4.598479480605422,543,594,1.57,5.48,94.63
4.598785135855376,158,334,21.31,84.86,248.32
4.599278788730236,161,290,8.65,35.23,43.33
4.599320334638237,553,713,13.92,56.12,26.74
4.601275264336193,998,269,3.40,13.22,87.76
4.601479405769428,921,855,14.58,59.17,1545.48
4.601581201222869,2,730,3.62,13.94,171.91
4.601983732589019,993,735,13.93,54.92,122.30
4.602060736284649,782,383,15.61,61.89,525.71
4.602680239916074,262,866,29.56,118.84,84.86
4.603409031489819,142,94,9.60,38.44,52.06
4.6049878734473975,682,259,31.20,125.87,863.01
4.606142339400176,914,118,5.55,21.41,123.83
4.606965019951585,225,861,7.88,32.08,611.80
4.607425507461941,914,69,4.29,17.12,55.00
4.609137312712708,361,873,5.44,20.71,422.20
4.611079801997147,104,546,14.95,59.99,57.34
4.61118562992875,742,108,2.73,10.68,1379.97
4.611862595278868,404,766,0.00,0.00,583.20
4.613325224321899,977,458,55.36,221.42,175.49
4.6149663545195905,681,130,10.87,43.56,2686.46
4.616047906292624,378,452,22.78,90.92,90.53
4.617034064005001,245,757,7.46,27.58,133.49
4.617153608736336,824,705,15.20,62.06,398.54
4.619914963994708,852,42,28.48,115.36,123.21
4.622397934350576,555,938,10.52,42.81,26.76
4.623477011867186,630,289,12.77,52.09,141.49
4.62485792074603,449,794,11.57,46.00,82.99
4.6270333567738735,213,645,17.32,71.13,52.18
4.628086556750411,667,114,0.03,0.21,383.02
4.6285959658595965,241,662,4.19,16.00,116.04
4.629968847018892,433,108,16.05,60.49,1396.02
4.632354279606063,667,663,0.05,0.16,65.91
4.634187177226922,740,311,16.70,73.01,256.73
4.635140199394446,64,477,10.63,41.76,539.18
4.636271834472466,788,134,11.71,46.18,212.36
4.636389074662367,998,48,2.99,10.23,63.51
4.636485186728008,294,918,7.75,30.41,129.33
4.641619933925803,872,702,26.87,109.21,114.85
4.641874017237825,277,267,14.46,55.80,257.50
4.644725331642582,975,130,10.85,41.41,2697.31
4.645305887022101,17,947,32.83,128.79,103.29
4.645700002340799,573,955,17.48,72.21,217.89
4.645951866587129,707,895,9.25,36.70,46.78
4.647279591290372,286,193,11.18,46.90,389.60
4.648938601091365,368,560,7.76,33.08,1339.39
4.649352158873187,719,406,9.01,37.21,216.52
4.651668982953901,23,754,3.95,17.09,47.34
4.65181862259796,443,225,21.57,84.27,53.65
4.652756746636718,621,877,31.67,124.92,104.37
4.654681791480555,598,850,15.73,60.34,119.27
4.655569833346178,323,259,22.24,88.63,885.25
4.656099881451126,28,560,11.28,43.86,1350.67
4.656466832564722,947,267,20.56,82.73,278.06
4.657226424948191,404,263,0.00,0.00,174.03
4.657589829950734,395,560,14.34,58.24,1365.01
4.657602857628729,631,127,27.44,109.87,147.21
4.6583816074794475,662,966,22.86,93.18,92.97
4.6584507789974205,809,84,1.56,6.10,429.52
4.658672005106941,409,664,2.72,10.56,119.53
4.6593150406569235,344,65,31.70,124.88,240.94
4.659370169565745,425,560,13.05,50.66,1378.06
4.660842831831946,953,560,117.65,480.11,1495.71
4.66257208398849,502,560,8.08,33.76,1503.79
4.663060032371547,320,71,3.14,12.70,61.57
4.6637043432385905,330,971,9.06,36.98,262.86
4.664739610777141,115,861,3.57,13.63,615.37
4.665261088452692,201,382,2.63,11.92,52.35
4.665437736751392,409,208,2.09,8.47,70.60
4.666212375576227,747,572,8.60,32.88,124.93
4.666214901910635,569,270,19.10,78.24,155.96
4.666224860083676,973,70,4.20,16.52,107.37
4.667712579671305,178,986,5.35,21.31,36.34
4.668761866471308,795,364,10.43,40.60,72.58
4.670263106049115,784,202,0.29,0.96,49.64
4.670351728931038,372,431,11.24,42.24,55.12
4.67107094074852,120,441,8.65,34.10,103.67
4.672088777681321,504,20,28.89,114.34,87.53
4.673330762045391,872,929,21.75,87.46,48.62
4.674743558497473,401,888,7.22,26.89,147.96
4.67540728458244,956,108,10.43,39.79,1406.45
4.676426642321332,599,763,9.85,40.55,97.37
4.679100824108468,91,501,11.07,44.83,90.39
4.680341813453875,409,555,1.56,6.91,44.37
4.680877775742347,732,130,18.59,73.95,2715.90
4.68174068350452,762,766,12.65,51.51,595.85
4.681887064674811,45,955,10.25,39.86,228.14
4.68200904597307,808,363,16.07,67.03,142.49
4.6845794598473915,527,13,0.05,0.10,192.78
4.684803825914928,2,383,2.92,11.02,528.63
4.684890228823852,810,949,10.63,42.52,251.86
4.685782309059333,667,143,0.05,0.11,206.28
4.685965825280032,960,270,14.66,60.18,170.62
4.688554341669476,247,988,18.05,72.59,375.99
4.688697437712993,825,875,12.71,51.63,64.12
4.6891685130270275,806,744,23.23,93.01,206.70
4.689832906643748,112,108,23.03,86.60,1429.48
4.691134202207744,974,252,10.59,40.84,53.68
4.692053266467195,177,785,8.01,31.47,151.73
4.692479172990271,423,102,25.28,101.35,75.38
4.692965985684788,420,873,24.28,91.88,446.48
4.693143640825615,831,73,37.16,152.13,158.03
4.693509486463117,63,477,11.01,44.19,550.19
4.697728488147933,812,70,0.01,0.00,107.38
4.697906725167659,968,874,21.40,85.74,70.49
4.6979166530287015,74,560,26.24,104.86,1530.03
4.699924558893185,564,189,16.14,64.26,152.91
4.70019926019531,573,955,14.04,58.17,242.18
4.700265224643578,485,193,22.26,88.79,411.86
4.70104299902684,973,710,3.16,13.36,3.38
4.702099187265595,232,151,4.15,16.05,165.50
4.702301063504019,448,108,18.91,72.44,1448.39
4.702458649990941,984,578,16.62,67.11,507.62
4.704042223290118,672,108,0.74,3.14,1449.13
4.70423113510361,851,81,25.28,102.07,175.92
4.705325673587143,220,364,19.53,80.71,92.11
4.706056057808482,687,379,3.08,13.09,36.68
4.706853767757907,630,259,10.93,41.16,896.18
4.7079465741524915,75,130,28.20,116.65,2744.10
4.710130979379729,342,216,7.05,28.77,91.24
4.7111902140144295,112,127,17.14,69.46,164.35
4.712330805473041,79,560,9.89,40.61,1539.92
4.7134704741402125,115,805,2.84,10.79,118.40
4.713616911603253,540,297,0.67,2.74,75.38
4.713686064774596,44,771,3.56,15.17,171.52
4.713725779375908,956,682,7.88,31.91,133.75
4.71429723942929,281,124,12.80,50.88,138.09
4.716326006354479,895,849,9.63,37.15,46.84
4.717646872709363,758,193,43.92,171.49,455.78
4.718511099259013,598,821,12.93,47.41,84.81
4.718563228376719,360,855,4.06,16.98,1549.54
4.720582762876315,167,983,11.32,45.31,132.36
4.7209963454225505,294,13,6.26,24.15,199.04
4.721913563537546,269,84,16.83,70.93,446.35
4.724060943489362,709,855,7.81,31.41,1557.35
4.725410060564596,598,865,9.02,38.39,58.57
4.726275275558892,380,885,14.09,55.20,95.56
4.727117572594139,720,255,11.42,46.74,50.52
4.727622731259589,540,259,0.54,2.20,896.72
4.728448138785293,346,259,9.94,41.53,906.66
4.729377723906289,989,438,15.35,60.97,117.92
4.730363974391311,576,78,8.74,34.31,75.79
4.732046868031246,76,560,10.61,42.35,1550.53
4.732185719486999,801,702,13.00,51.67,127.85
4.73255371321606,849,29,9.72,37.12,30.24
4.733993729774791,830,257,5.96,23.51,59.19
4.734401053360959,834,23,12.51,48.82,29.60
4.735037126749802,948,383,1.50,6.47,530.13
4.736754078329893,62,855,8.22,31.89,1565.57
4.737298562911347,178,130,3.84,17.47,2747.94
4.740077354055257,718,108,30.92,127.26,1480.05
4.740433096164362,409,464,1.27,5.64,87.16
4.74061643010605,618,517,170.42,682.00,421.61
4.743382743805091,867,767,10.32,39.88,95.85
4.743426968318994,983,282,26.17,106.19,158.92
4.7487290240203555,604,430,2.27,9.55,58.45
4.749107902615174,862,855,49.72,198.62,1615.29
4.749390420884585,742,108,2.28,8.40,1482.33
4.752634253989081,784,8,0.22,0.74,75.79
4.754015978169912,802,130,6.73,26.04,2754.67
4.756057012904937,22,967,54.29,219.12,176.07
4.756800877797457,615,312,15.14,61.59,75.54
4.756816264204254,177,193,6.05,25.42,461.83
4.757002647039337,177,365,4.92,20.50,96.62
4.757507202046441,173,723,5.76,22.42,13.92
4.760791021717532,928,383,6.55,25.99,536.68
4.7608589742691425,259,624,181.68,724.98,199.83
4.763656010799676,317,176,21.59,83.86,125.46
4.764162112931975,99,872,10.91,45.23,98.37
4.765422667366575,448,236,14.69,57.75,94.97
4.7656012030963275,659,855,10.37,41.12,1625.66
4.765728910708493,173,712,4.58,17.84,275.16
4.765850404146622,801,358,10.28,41.39,80.59
4.766767740699443,966,369,19.14,73.83,52.22
4.767917045625154,474,343,29.91,122.32,129.72
4.768741969579492,718,855,25.45,101.81,1651.11
4.769108495272397,262,293,23.01,95.83,99.39
4.769418237914689,891,81,6.31,26.59,182.23
4.769817005501357,177,789,4.28,16.22,83.95
4.770656074827602,765,883,23.00,91.07,113.62
4.771921302898018,22,674,44.18,174.94,196.64
4.772913832045803,510,130,3.91,16.72,2758.58
4.7731673566521335,405,909,7.92,32.49,111.92
4.773335378217997,27,746,16.70,65.90,163.32
4.7733795565862485,20,334,16.99,70.54,265.31
4.773865684814841,631,193,22.21,87.66,484.04
4.775000015013896,966,871,14.07,59.76,76.94
4.776444258536059,56,27,40.98,162.79,106.88
4.776680290735074,705,774,80.61,317.93,121.22
4.7782236115803745,512,95,7.03,29.48,47.65
4.7782854623921835,230,788,24.59,98.21,70.77
4.7795465528169006,277,410,11.50,44.30,84.35
4.779622837294384,371,452,26.19,104.95,116.72
4.780174484595724,745,304,19.39,77.97,131.30
4.780552497236407,277,578,8.76,35.54,516.38
4.781568340029546,998,108,2.11,8.12,1484.44
4.781701860388768,885,265,18.82,76.74,289.57
4.783877064122409,9,46,14.03,56.46,118.10
4.784627778480937,858,439,12.05,49.13,555.85
4.786435076425011,418,614,51.87,202.13,176.61
4.788851402403891,17,70,24.15,104.64,131.53
4.78968598773451,667,114,0.01,0.10,383.03
4.792329463661144,882,202,4.66,18.44,54.30
4.79259802031003,345,130,6.99,30.49,2765.57
4.795236280491486,177,947,3.20,13.02,85.93
4.79551211330985,680,640,38.29,155.52,118.89
4.79800600844542,573,376,11.25,46.92,21.68
4.7983547550418475,581,831,13.88,54.17,166.01
4.798588253310223,799,411,16.68,66.13,333.10
4.79888504238614,672,590,0.52,2.62,38.40
4.800233633883775,62,537,6.21,25.68,162.04
4.8004551357048575,672,409,0.51,2.11,6.15
4.805872614149325,904,985,1.62,6.37,86.43
4.806952387260026,113,562,29.27,115.99,75.01
4.808359037832256,821,472,17.18,67.63,94.07
4.809348780711449,989,770,12.43,48.54,133.49
4.811330026498467,972,733,17.68,74.08,48.53
4.811855650978158,968,98,16.87,68.87,210.39
4.8126440077511585,816,411,12.55,49.35,345.65
4.813438462229944,667,517,0.02,0.08,421.63
4.813524372965173,995,259,15.27,63.31,740.25
4.815123403236947,5,108,2.87,12.46,1487.31
4.8152483464822495,783,130,15.89,64.81,2781.46
4.815486057601232,713,844,5.26,21.48,29.29
4.817010085058826,446,795,7.10,30.73,47.70
4.817954626034513,803,861,24.67,99.38,640.04
4.819696298730816,664,861,24.36,95.17,664.40
4.822815907676522,65,232,48.17,192.77,64.22
4.826461221767716,500,998,14.45,58.09,22.57
4.828790332570852,712,134,55.52,219.64,267.88
4.828958568717408,895,988,7.69,29.46,383.68
4.830660502023719,79,457,8.63,31.98,126.45
4.831743357012579,355,823,12.50,51.45,114.08
4.832545349628898,60,26,20.15,78.86,219.45
4.83265399299315,925,156,24.01,91.39,120.73
4.833301397446328,409,87,1.17,4.98,34.16
4.833316452488337,497,785,18.63,77.12,170.36
4.833474985401096,911,930,5.13,20.46,79.49
4.835509609625882,367,862,13.29,52.97,211.91
4.838038751024423,210,868,13.08,53.31,110.77
4.838155527698321,353,825,14.06,54.00,65.69
4.83913156155781,143,373,40.63,165.65,139.45
4.8394004464116644,103,751,10.96,45.79,74.66
4.841577008508343,68,187,18.54,75.08,490.14
4.841938804141112,721,316,6.05,23.10,126.18
4.842121842475964,555,230,9.03,35.34,107.24
4.842677969903528,409,560,1.02,3.96,1551.55
4.842687169790743,332,705,14.59,57.90,332.52
4.844664286591637,419,782,10.94,44.80,72.83
4.845478993732371,673,831,5.98,20.59,171.99
4.846772844873309,911,48,3.92,16.54,67.43
4.847691927380036,173,344,3.62,14.22,128.50
4.849560108530431,553,486,11.48,44.64,276.35
4.849593828964645,391,730,37.41,148.92,209.32
4.850352728354201,624,108,40.42,159.41,1527.73
4.850670458441125,893,600,16.28,64.31,175.30
4.850942761162757,775,855,2.70,10.82,1653.81
4.8521856886433685,177,220,2.59,10.43,83.30
4.8531578945335845,199,341,30.75,122.29,46.63
4.853318567303733,497,630,15.93,61.19,57.09
4.854136457709229,173,129,2.66,11.56,681.11
4.854573829238897,501,335,17.87,72.52,92.72
4.8554603414950845,433,108,12.24,48.25,1539.97
4.856083543972259,511,617,6.27,22.47,50.55
4.856094416928798,553,743,9.16,35.48,308.58
4.858121243309344,43,857,11.50,44.80,92.08
4.85975123162352,174,259,23.44,89.19,763.69
4.8597615235957266,99,181,8.95,36.28,50.03
4.86016317030289,166,108,8.40,34.49,1548.37
4.860381405111113,288,259,12.05,47.31,775.74
4.8619050605439815,600,383,35.21,140.09,571.89
4.862165389169505,772,812,12.05,47.37,12.05
4.862411966628307,102,661,14.90,60.48,57.62
4.8628157332661095,624,267,32.42,126.99,310.48
4.863662883943619,136,967,7.78,28.92,183.85
4.864003504829119,904,839,1.41,4.96,65.76
4.86413546671995,294,396,4.79,19.36,53.74
4.864302940628879,980,859,5.86,24.30,84.86
4.8645476973118145,938,575,5.34,21.42,30.32
4.86539829480041,279,22,11.75,49.02,186.69
4.865920206415148,809,31,1.27,4.83,11.17
4.868125813030835,749,254,6.27,23.45,121.56
4.868970617244189,965,344,13.54,53.46,142.04
4.872231938034161,596,308,8.78,36.11,73.73
4.872350316835399,279,916,9.86,39.16,168.49
4.873601953497543,527,435,0.03,0.07,443.19
4.873960678810393,225,272,10.83,42.82,182.57
4.874665540751835,10,578,18.80,78.23,535.18
4.8751293270257,671,936,19.53,77.57,44.68
4.877345016609771,857,120,18.02,74.06,52.12
4.8783901868497965,13,501,39.60,159.44,112.12
4.878487796850435,527,357,0.02,0.05,70.90
4.878579982533673,385,371,0.73,2.71,105.68
4.879437706173057,883,13,22.56,91.06,182.00
4.879532191218534,915,966,0.51,2.04,60.27
4.883374497388588,404,855,0.00,0.00,1653.81
4.883724645490998,512,129,5.80,23.68,686.91
4.886361855663555,684,855,8.91,36.18,1662.72
4.886421873535118,351,180,26.10,109.03,51.06
4.887768608558615,641,383,12.53,51.27,584.42
4.888113269606571,908,633,17.83,69.73,106.60
4.888306543406125,361,547,4.08,16.63,211.46
4.8888394803439645,504,828,22.83,91.51,78.13
4.8907981664598275,491,831,24.72,100.21,196.71
4.891059498611175,927,333,14.33,58.02,133.33
4.891271992875561,781,517,12.31,50.69,433.94
4.891560368574302,428,420,9.86,40.68,101.74
4.891976918462425,425,618,10.36,40.30,692.36
4.8920375618761165,381,658,6.68,26.12,143.40
4.892277339587275,576,932,7.04,27.27,86.30
4.894002938025187,220,344,16.45,66.85,158.49
4.894113577692648,177,584,1.86,8.57,39.51
4.896686199501904,710,130,0.59,2.79,2782.05
4.897415427680269,790,356,22.41,90.03,76.18
4.897756335305983,12,730,33.04,132.27,242.36
4.8983206615992,158,12,17.34,67.52,149.61
4.8987895883753145,31,13,2.31,8.86,184.31
4.899163538969268,781,798,10.26,40.43,82.26
4.899429769985147,403,477,19.51,76.53,569.70
4.900561168645115,683,990,24.59,103.58,105.20
4.901182512004836,622,130,1.16,4.12,2783.21
4.901600045203927,867,730,8.06,31.82,250.42
4.9016627304258495,376,612,4.13,17.55,70.35
4.9017849378614295,524,314,22.05,87.58,137.82
4.905794586206191,11,749,4.74,16.56,28.19
4.906217848758226,807,325,15.85,63.50,218.59
4.907432593251825,480,656,11.22,43.00,48.13
4.908013414860227,618,56,138.49,553.87,301.28
4.908117431686004,99,605,7.15,29.13,65.29
4.909932667896885,224,855,23.57,92.56,1686.29
4.912921446186994,612,465,13.73,56.62,61.03
4.9130254784112175,2,821,2.37,8.65,70.00
4.915216036606946,916,900,34.08,134.41,58.40
4.91566166433545,9,259,11.26,45.20,787.00
4.916835223119701,444,459,5.07,21.40,21.71
4.917163340143997,108,480,310.33,1238.04,353.33
4.91871363374684,773,942,10.93,44.35,62.83
4.919278039633247,800,371,2.23,8.33,107.91
4.919806699536717,812,406,2.26,9.79,218.78
4.919872879448033,184,748,8.26,32.87,57.65
4.920075030201263,234,134,1.75,6.90,269.63
4.92298917966302,998,360,4.57,18.00,21.55
4.9256938839262565,226,601,17.50,67.85,107.71
4.926250255393811,135,107,12.97,52.46,75.82
4.927846552886666,170,477,10.89,44.97,580.59
4.929077176683166,536,560,30.18,118.45,1581.73
4.929293312756034,75,130,23.37,93.28,2806.58
4.929323945891279,30,678,16.62,66.57,93.25
4.930436426038024,201,816,2.33,9.59,51.68
4.931530202322697,45,578,7.78,32.08,542.96
4.933207243282311,499,608,16.70,66.22,68.62
4.933909620223217,608,893,13.74,54.88,78.05
4.934185600282313,874,782,13.80,56.69,86.63
4.937996682238352,882,28,3.43,15.01,47.29
4.938122521609969,209,774,22.11,87.73,143.33
4.938307014397247,409,642,0.79,3.17,76.22
4.939582749380338,277,524,6.95,28.59,94.53
4.939607297875912,833,22,16.56,69.35,203.25
4.940304266718818,415,491,15.36,59.75,115.57
4.940533064248782,142,666,8.00,30.44,76.64
4.940598900717882,802,262,5.46,20.58,101.29
4.942305971143328,747,709,6.73,26.15,38.14
4.943241960417705,4,855,11.06,42.60,1697.35
4.944604491608736,177,108,1.84,6.73,1239.88
4.944690199005488,228,130,28.66,114.61,2835.24
4.945760726578726,527,259,0.01,0.04,787.01
4.946303407787762,467,486,2.55,9.82,278.90
4.946727811377363,892,517,17.06,70.51,451.00
4.947615601197464,471,759,9.56,38.60,169.37
4.948464058862724,782,560,16.89,69.74,1598.62
4.950344369374981,911,182,3.46,13.08,56.43
4.952861402792196,851,867,20.21,81.86,52.03
4.953521789427901,193,114,96.43,387.61,479.46
4.953756051334129,964,873,2.24,9.17,448.72
4.956799161517751,41,92,26.16,106.84,205.00
4.95690326033382,543,334,1.17,4.31,266.48
4.96048522132121,253,108,23.32,90.43,1263.20
4.961031750153499,366,873,9.14,39.30,457.86
4.962386807677468,0,18,8.68,37.52,110.99
4.966190770669597,415,560,11.40,48.35,1610.02
4.966457375330129,26,370,43.35,176.10,109.29
4.966936949918772,796,568,23.31,93.89,90.99
4.968555121190651,389,130,19.57,84.36,2854.81
4.9691722730298435,228,26,23.27,91.34,199.37
4.970798808378841,557,384,20.49,82.98,213.59
4.971203927697781,494,560,12.82,50.08,1622.84
4.972479926443647,324,230,6.99,26.15,114.23
4.9754834302094375,988,482,76.50,307.18,135.98
4.975514843802181,205,902,25.60,100.24,187.46
4.976152117678701,543,796,0.76,3.55,94.65
4.976310429718789,633,129,21.22,85.38,708.13
4.976541737131743,369,415,9.84,42.38,58.19
4.976714450954824,98,73,41.88,168.51,199.91
4.977038428900872,339,130,2.64,10.89,2857.45
4.977495089309192,504,821,18.26,73.25,88.26
4.977550843263286,575,872,6.16,24.16,104.53
4.977760174607147,244,694,16.02,63.91,90.54
4.979394558378667,823,965,23.64,90.44,77.10
4.980297108779272,381,790,5.15,20.97,95.18
4.980645894504376,395,130,11.92,46.32,2869.37
4.981406764190677,838,105,25.73,100.68,106.84
4.983948219530494,215,174,48.42,193.28,137.61
4.984049312383334,598,173,7.81,30.58,19.37
4.984416049469208,126,592,7.79,29.86,161.49
4.986088626547154,409,594,0.56,2.61,95.19
4.986485507871951,256,35,7.94,30.46,90.75
4.986957282300423,256,383,6.48,23.98,590.90
4.987402720650903,177,269,1.21,5.52,72.14
4.987959754074021,812,769,2.09,7.70,58.91
4.992787923563996,99,130,5.84,23.29,2875.21
4.9949957881581035,107,129,14.89,60.93,723.02
4.996876939876881,697,406,21.06,81.02,239.84
4.9969770742912125,81,108,35.87,146.36,1299.07
4.997012378952894,232,691,13.13,51.09,35.69
4.997274821753063,491,411,22.79,92.78,368.44
4.997570807658734,151,816,32.13,133.37,83.81
4.998976802325066,193,501,77.31,310.30,189.43
5.000080178744487,675,742,29.80,120.60,38.20
5.00030569817873,560,130,325.22,1297.62,3200.43
5.001043720607297,223,812,10.04,41.09,17.74
5.00150776322026,167,310,8.84,36.47,57.03
5.002509826269474,342,169,5.35,23.42,18.69
5.002734579012876,605,438,13.63,51.66,131.55
5.002764455353694,849,634,7.01,30.11,604.98
5.004430552714958,710,374,0.56,2.23,300.52
5.004814749434709,234,100,1.51,5.39,25.29
5.004948830532834,936,117,9.18,35.50,71.81
5.0051969457372785,339,384,2.15,8.74,215.74
5.005292376319434,404,147,0.00,0.00,132.83
5.006691436830036,756,560,13.50,52.65,1311.12
5.008426027496393,961,257,19.13,76.07,78.32
5.010487059343389,137,855,16.04,64.57,1713.39
5.010860309195313,968,855,13.74,55.13,1727.13
5.0128771159951775,502,134,7.00,26.76,276.63
5.013893535154095,44,356,2.94,12.23,79.12
5.014233916049065,707,872,7.05,29.65,111.58
5.014308846288144,446,130,6.21,24.52,3206.64
5.015282750909318,651,482,6.21,24.16,142.19
5.015305325108835,603,560,7.28,27.16,1318.40
5.017301570172604,77,972,11.60,48.83,85.68
5.0183308957774635,803,852,20.02,79.36,135.38
5.018523634825901,603,575,5.68,21.48,29.84
5.019537076317622,259,210,157.25,629.76,210.56
5.0196040375060536,701,274,62.73,251.30,107.40
5.021008772601807,932,724,17.71,68.59,128.30
5.021307779613621,9,334,8.48,36.72,274.96
5.0220603676457705,164,402,20.47,86.68,236.12
5.023234365124033,290,466,8.45,34.88,72.95
5.025983789702219,345,402,6.30,24.19,242.42
5.027002963013277,875,664,13.34,50.78,108.51
5.02729658893774,680,930,30.86,124.66,110.35
5.028910956556782,668,946,12.17,48.83,37.77
5.029507528716688,959,743,27.59,113.06,336.17
5.031959198306039,31,802,1.84,7.02,22.42
5.0321375391186205,816,855,17.12,66.69,1744.25
5.032433888227438,456,872,4.44,18.12,116.02
5.035162390515049,477,514,116.01,464.58,228.40
5.037789885284672,962,672,16.56,63.64,18.67
5.038248914089116,501,232,37.94,151.49,89.03
5.041017380259245,377,162,38.65,158.69,79.26
5.043148100522575,992,369,7.72,31.14,50.10
5.044195682985998,655,507,26.56,108.55,66.07
5.044762706933551,471,754,7.59,31.01,54.93
5.045229467072417,330,712,7.64,29.34,227.28
5.0496657820602175,911,108,2.64,10.44,1301.71
5.0522305876446225,554,855,7.18,28.81,1751.43
5.052370706985176,730,349,51.13,199.29,166.29
5.0532055057772345,404,84,0.00,0.00,446.35
5.053331905465392,872,130,23.15,92.87,3229.79
5.05378472959327,404,694,0.00,0.00,90.54
5.055243512645492,145,560,13.57,56.63,1331.97
5.056527458376315,13,845,35.82,148.49,61.82
5.057337086635877,712,774,45.02,182.26,188.35
5.0615878972590975,188,108,10.80,43.60,1312.51
5.062149375698791,714,901,8.11,33.05,103.41
5.066187204779184,502,941,5.43,21.33,53.87
5.067846357828436,969,402,26.01,107.16,268.43
5.068962004726643,749,193,5.64,22.55,315.94
5.071389664802412,53,752,18.94,78.96,232.03
5.072600814289249,787,624,23.96,93.05,150.95
5.072627306174205,563,130,22.35,92.07,3252.14
5.07286207589346,295,839,4.77,17.90,70.53
5.073514646526429,544,28,7.88,32.49,55.17
5.07534648873483,364,560,18.36,73.75,1350.33
5.076578116934109,799,540,13.49,52.64,15.69
5.080060319122397,173,792,3.89,15.48,69.38
5.082468857378106,1,108,15.20,61.44,1327.71
5.082866664476491,224,618,18.19,74.37,572.06
5.082876001806133,37,771,14.26,53.40,185.78
5.083354334800122,180,743,10.22,40.84,346.39
5.0843296249860215,812,351,3.99,13.75,113.02
5.085117230041947,401,190,5.35,21.54,39.95
5.085685684341527,8,560,14.93,60.86,1365.26
5.086022894993235,249,684,38.43,151.55,74.61
5.0864088189633945,107,370,12.06,48.87,121.35
5.0864868831250085,606,701,23.83,94.05,275.13
5.087129855124605,113,443,23.26,92.73,107.53
5.087656299073233,386,479,10.76,42.07,35.67
5.08811484699365,953,165,96.26,383.85,208.80
5.090754041056395,404,130,0.00,0.00,3252.14
5.091296897208289,827,855,11.94,46.66,1763.37
5.09172102257114,909,119,23.05,88.87,120.54
5.092244139433882,982,130,28.88,112.50,3281.02
5.092723085160316,857,301,14.53,59.53,141.05
5.093579136063445,132,484,15.60,63.36,143.84
5.09405441513576,146,449,22.76,91.58,68.76
5.094503724681541,177,284,1.17,4.35,138.72
5.094725035021533,101,770,7.74,31.54,141.23
5.095544243795202,431,872,11.02,44.10,103.89
5.0963429031368275,743,13,69.80,276.59,218.29
5.097150429165361,99,113,4.53,18.76,97.26
5.097642141427113,305,578,49.33,194.02,592.29
5.0981222351185185,144,182,24.57,95.76,81.00
5.098911309522741,119,759,23.96,96.58,193.33
5.09894097107126,470,609,35.48,141.81,155.63
5.099885086734633,215,691,38.42,154.86,74.11
5.1017210786940534,218,740,7.52,29.40,80.53
5.101953981904137,647,61,19.00,75.46,100.22
5.102481230062299,619,430,24.80,102.14,83.25
5.103311203350994,360,601,4.00,17.55,111.71
5.105142134266587,389,352,16.90,67.46,51.21
5.105213432127484,7,861,17.45,69.28,681.85
5.105952705902607,937,309,11.72,48.89,275.75
5.106279977994484,257,393,15.49,62.83,77.00
5.1075063884646195,126,267,6.26,23.60,316.74
5.109675302657191,18,560,22.32,88.67,1387.58
5.110188761436132,154,84,31.70,128.16,478.05
5.112137793676112,399,108,8.67,34.21,1336.38
5.112298316534484,393,576,15.54,61.46,42.81
5.113325026509479,867,32,10.65,41.38,111.02
5.113795621131684,467,452,1.93,7.89,118.65
5.114485818185523,393,406,11.94,49.52,251.78
5.115379760335039,915,214,0.42,1.62,43.60
5.11699961400873,866,560,17.01,67.85,1404.59
5.117476481124615,173,855,2.94,12.54,1766.31
5.119521751792271,404,394,0.00,0.00,120.35
5.120446454961046,580,570,33.26,133.77,84.33
5.120610118392025,627,130,5.45,23.96,3286.47
5.121362475094963,932,648,14.36,54.23,147.69
5.1213804111682935,275,463,17.13,68.23,117.13
5.1220034727826285,954,263,2.51,10.60,176.54
5.122715822818316,667,130,0.02,0.06,3286.49
5.124356949087012,317,332,17.15,66.71,75.05
5.125936530709071,376,130,3.21,14.34,3289.70
5.1280328366922046,146,130,18.12,73.46,3307.82
5.1294940650507534,806,578,18.86,74.15,611.15
5.130812327477587,879,862,17.87,70.56,229.78
5.133347363020786,404,108,0.00,0.00,1336.38
5.133409667514369,651,812,4.93,19.23,18.68
5.1350287091470195,11,283,3.09,13.47,107.60
5.139038706834334,606,580,18.87,75.18,152.64
5.139376328320947,446,873,4.70,19.82,462.56
5.139840588981101,218,916,6.16,23.24,140.57
5.140033927493676,409,698,0.47,2.14,157.04
5.141160532833409,933,13,12.86,52.68,231.15
5.141487792493969,301,259,28.15,112.90,657.91
5.141710920504506,308,971,15.31,58.42,278.17
5.1418957883759955,39,826,15.11,59.88,59.61
5.1420820813626,775,665,2.10,8.72,132.74
5.142602045198886,624,855,30.44,120.51,1796.75
5.1434466931345675,784,713,0.09,0.65,21.57
5.147239519725517,400,187,18.92,74.44,509.06
5.147270336323375,420,785,21.03,80.71,191.39
5.147554920940766,248,359,49.42,198.76,142.41
5.14774339135276,667,922,0.00,0.06,86.71
5.147835095400283,672,862,3.74,14.93,233.52
5.148238807367485,962,711,12.37,51.27,85.80
5.150915722477745,382,98,10.00,42.35,178.51
5.151236647596793,914,199,3.14,13.98,125.43
5.152402697339999,549,744,18.90,74.18,225.60
5.153158323405008,687,634,2.86,10.23,607.84
5.15330766724034,669,569,22.59,89.80,100.83
5.153612765255057,784,953,0.11,0.54,383.96
5.157359708948996,527,592,0.03,0.01,161.52
5.158457816194154,489,187,11.46,47.03,520.52
5.161146850643727,656,760,10.01,38.12,94.63
5.163920021197715,359,134,28.40,114.01,305.03
5.16417709387001,929,855,9.66,38.96,1806.41
5.165830426805499,404,458,0.00,0.00,175.49
5.165925749315003,347,413,15.30,63.59,122.86
5.166419513635369,127,334,33.19,131.16,308.15
5.16664418611015,622,311,0.78,3.34,257.51
5.167903057190769,39,322,12.57,47.31,127.41
5.1684433930959,816,308,13.36,53.33,71.78
5.169232151801476,860,130,11.03,46.16,3318.85
5.169604819999801,952,108,44.74,179.29,1381.12
5.170467395671828,735,477,23.98,98.32,488.56
5.171198292497909,245,394,5.60,21.98,125.95
5.171617539590658,932,637,10.60,43.63,99.87
5.172268956303767,430,514,16.83,66.42,245.23
5.174892976823089,115,74,2.20,8.59,107.06
5.1749245378221875,168,705,19.72,78.62,352.24
5.175822760399401,486,773,55.86,223.04,100.21
5.176070358079615,296,354,0.16,0.61,142.48
5.177243848485051,409,108,0.44,1.70,1381.56
5.177727735413091,69,872,11.37,43.63,115.26
5.182313929510292,502,411,4.33,17.00,372.77
5.1826802405255545,915,130,0.25,1.37,3319.10
5.183241765320199,905,130,28.96,114.07,3348.06
5.184349299177411,667,94,0.01,0.05,52.07
5.185548849055897,654,955,98.06,387.30,340.24
5.1857815263931135,654,108,77.30,310.00,1458.86
5.18659636962078,31,855,1.29,5.73,1807.70
5.187397047154924,628,817,19.93,78.04,97.12
5.188157096191504,565,477,18.98,78.42,507.54
5.188763560878202,17,650,21.04,83.60,93.39
5.191731133714538,73,288,40.41,159.50,87.72
5.192465326506538,23,418,5.95,23.65,208.08
5.19341593135587,117,129,14.24,57.57,737.26
5.194142462758539,720,411,9.57,37.17,382.34
5.1942875742017405,771,27,37.47,148.31,144.35
5.194451244949003,405,397,6.20,26.29,224.40
5.195419627349316,875,179,10.35,40.43,124.22
5.195638396398509,827,197,10.04,36.62,49.86
5.196854633964722,570,592,16.77,67.56,178.29
5.20102090099096,381,324,4.33,16.64,30.48
5.201085296693186,495,562,20.14,79.03,95.15
5.202083571093783,225,237,8.79,34.03,71.68
5.202926043657072,566,302,13.82,55.23,116.87
5.205449298977535,815,243,7.24,29.91,100.45
5.206970612119158,985,884,17.76,68.67,73.35
5.207331839955884,800,666,1.77,6.56,78.41
5.2074416671358525,274,855,21.67,85.73,1829.37
5.209970393637885,989,207,9.69,38.85,174.14
5.210020540244749,409,358,0.32,1.38,80.91
5.215449944069648,942,855,12.46,50.37,1841.83
5.21557050966725,58,71,20.52,79.36,82.09
5.215849245320711,409,648,0.28,1.10,147.97
5.216849653564159,300,560,15.24,61.45,1419.83
5.216953418528658,980,430,4.72,19.58,71.14
5.218021321460574,238,58,13.06,50.92,92.42
5.218073951158231,672,507,2.90,12.03,68.97
5.219813223299667,330,734,6.02,23.32,143.95
5.2198173156561225,732,259,15.07,58.88,672.98
5.2232594546470335,278,693,13.71,54.51,55.68
5.2235623273462775,385,16,0.63,2.08,98.04
5.224967691847223,882,675,3.07,11.94,123.67
5.225166260520588,322,259,25.42,101.99,698.40
5.226062690194629,343,259,25.87,103.85,724.27
5.226386600452862,432,378,4.05,15.56,94.97
5.230130686254304,372,860,8.36,33.88,54.52
5.230867808293895,865,752,11.87,46.70,243.90
5.231337953640993,409,855,0.21,0.89,1842.04
5.231543969955544,757,413,27.75,105.74,150.61
5.232178493062854,784,136,0.07,0.47,28.99
5.233758536805388,195,435,26.79,106.87,469.98
5.235278539454465,379,165,7.24,29.44,216.04
5.235510410775674,783,270,12.74,52.07,183.36
5.235621791726539,750,955,19.38,76.50,359.62
5.237156301170026,688,371,11.36,42.11,119.27
5.238572347251445,667,383,0.00,0.05,590.90
5.241288181803803,496,406,25.10,99.89,276.88
5.242450162222068,672,130,2.46,9.57,3350.52
5.242875366135092,166,65,6.88,27.61,199.65
5.244185626712792,778,679,10.78,40.13,63.96
5.244368065725987,727,919,24.20,94.65,163.96
5.245200986607009,667,504,0.01,0.04,73.26
5.247388595844137,225,102,7.05,26.98,67.53
5.24742331966888,749,578,4.16,18.39,615.31
5.248590881053702,622,560,0.70,2.64,1420.53
5.249192274026361,598,225,6.07,24.51,33.05
5.249471470003942,177,383,0.92,3.43,591.82
5.250723365420188,260,447,15.72,61.92,104.32
5.252339046350018,975,866,7.34,34.07,75.19
5.253719921377192,184,988,6.47,26.40,313.65
5.254257454267501,409,580,0.21,0.68,152.85
5.254651002597319,543,193,0.66,2.89,316.60
5.259326773847096,730,396,40.24,159.05,93.98
5.260187349387222,312,667,15.28,60.26,15.32
5.261885361399755,764,557,3.95,15.74,86.93
5.261932309774576,641,953,10.55,40.72,394.51
5.2622348869812825,489,332,9.01,38.02,84.06
5.262262206358085,213,324,14.43,56.70,44.91
5.26245059796615,43,855,9.50,35.30,1851.54
5.263038192002538,322,855,20.71,81.28,1872.25
5.263479795045053,5,757,2.30,10.16,108.04
5.264088953607269,702,579,25.45,102.40,119.62
5.264535470993037,526,430,3.94,16.28,75.08
5.264728200636706,554,482,5.48,23.33,147.67
5.267266524674266,865,288,9.30,37.40,97.02
5.267279224161923,988,540,63.96,249.69,79.65
5.268061773903914,543,32,0.68,2.21,111.70
5.26825306488541,557,187,17.66,69.27,538.18
5.269902640792822,715,912,13.20,51.72,85.29
5.2703844030217715,874,932,11.03,45.66,54.66
5.27589246784287,72,866,8.41,35.13,83.60
5.276123757815684,215,588,31.26,123.60,169.25
5.2779898347605325,121,639,19.74,80.26,85.25
5.278028074073379,595,84,25.77,102.57,503.82
5.2815193212341445,240,456,25.46,101.66,43.58
5.281889298624166,55,873,3.53,14.89,466.09
5.282271531636692,732,820,11.99,46.89,222.15
5.284663328801609,500,472,11.52,46.57,105.59
5.2853716528267345,131,108,11.71,46.27,1470.57
5.28551257627817,195,41,21.67,85.20,128.51
5.286968341462539,905,267,22.21,91.86,338.95
5.287990494097219,658,773,28.77,114.63,128.98
5.289503457379492,197,260,10.21,39.65,72.13
5.2898130960800085,604,501,1.92,7.63,153.41
5.290351250505145,691,22,14.95,59.16,218.20
5.290517599877797,968,381,11.05,44.08,27.69
5.292547546008027,627,759,4.51,19.45,197.84
5.294238971327189,672,65,1.81,7.76,201.46
5.294711082829617,717,534,20.64,78.42,131.42
5.295486882779832,639,199,17.04,68.21,142.47
5.300214365393354,672,882,1.68,6.08,13.62
5.300471206757548,318,383,69.84,281.54,661.66
5.300788970075463,667,173,3.02,12.30,15.56
5.30184409893071,938,736,4.33,17.09,167.82
5.302382590869606,58,560,18.65,73.77,1439.18
5.302401891543954,714,811,6.59,26.46,67.78
5.302851221985754,778,796,8.03,32.10,102.68
5.3045534558669125,838,865,19.82,80.86,57.22
5.305751450373519,265,187,58.29,231.28,596.47
5.308998918256809,765,492,17.96,73.11,105.41
5.309715968998049,414,732,18.85,77.73,65.74
5.3105360258443985,131,862,9.27,37.00,242.79
5.313001579394419,918,397,25.45,103.88,249.85
5.313634551812707,448,165,11.57,46.18,227.61
5.315012193053107,558,801,5.92,25.81,47.31
5.317251382091678,416,193,6.43,26.26,323.03
5.318055093773226,409,329,0.12,0.56,49.66
5.319614286434386,573,651,9.44,37.48,28.67
5.320224491109871,776,130,10.86,45.83,3361.38
5.321875950284094,117,950,11.48,46.09,298.56
5.322637545631851,41,720,25.81,102.70,62.98
5.323145309069068,453,698,36.01,142.86,193.05
5.323898455740981,514,130,49.09,196.14,3410.47
5.325891802550434,505,446,17.22,69.45,37.04
5.325947113302533,964,259,1.52,7.65,725.79
5.327110818490307,405,595,4.98,21.31,107.55
5.327274594350262,622,315,0.38,2.26,85.24
5.332001078972363,245,222,4.47,17.51,53.06
5.332199736367983,528,388,13.91,51.40,100.79
5.332827156618074,216,929,18.25,72.99,57.21
5.334046132965152,567,740,11.46,46.05,91.99
5.334327162587639,621,337,25.52,99.40,99.23
5.335190311178119,179,862,24.66,99.56,267.45
5.335977119791225,404,843,0.00,0.00,69.70
5.336464311327735,615,648,12.08,49.51,160.05
5.336985366977098,913,130,2.77,11.30,3413.24
5.337662161954619,658,549,22.75,91.88,96.93
5.338293842279817,742,578,7.98,30.22,623.29
5.338643967811825,477,133,101.65,405.89,172.56
5.339063216303364,299,611,21.33,85.31,48.21
5.339250120033527,444,855,4.38,17.02,1876.63
5.339450144428834,763,888,19.12,78.25,167.08
5.340402879262347,197,771,7.76,31.89,156.07
5.340768676519484,211,640,38.36,151.86,157.25
5.341871410310758,348,522,6.83,26.36,111.19
5.342101585178003,259,755,142.65,583.14,182.20
5.345060244149248,539,862,83.33,334.09,350.78
5.347667124850707,24,130,13.83,55.60,3427.07
5.347809731535415,789,896,17.19,66.76,76.12
5.351038046570232,292,983,13.74,52.03,119.93
5.351065598176402,890,454,14.10,57.79,85.74
5.352177579730927,425,259,7.69,32.61,590.83
5.353269956274266,775,77,1.52,7.20,50.35
5.354510321960145,317,818,12.70,54.01,54.16
5.355084617911968,202,187,10.76,43.54,607.23
5.355464276631674,749,828,3.66,14.73,81.79
5.356126597370154,225,606,6.68,26.37,81.86
5.357627241985721,159,130,21.65,86.78,3448.72
5.358498930544638,960,311,12.16,48.02,269.67
5.358689315294244,409,723,0.09,0.47,14.01
5.35935899565439,980,108,3.88,15.70,1474.45
5.359548894214358,5,465,1.81,8.35,62.84
5.36111381485083,181,779,9.46,40.57,50.08
5.361212134800403,624,564,23.61,96.90,87.87
5.361816965158727,392,578,23.73,90.73,647.02
5.361973429646275,298,727,10.54,42.16,105.19
5.362425916593649,998,284,3.60,14.40,142.32
5.363910986286184,812,344,3.82,14.86,162.31
5.364971673326004,258,578,13.02,53.01,660.04
5.365398404015711,798,446,16.51,65.75,53.55
5.36629621748767,626,820,10.65,38.14,232.80
5.367433884981672,527,397,0.00,0.01,249.85
5.367571973531883,712,397,37.26,145.00,287.11
5.368966536879891,234,878,1.02,4.37,35.45
5.374440436245461,849,168,6.07,24.04,84.69
5.374503694065418,74,458,21.88,85.18,197.37
5.376506827602811,932,560,10.87,43.79,1450.05
5.378009974031476,766,560,116.03,479.82,1566.08
5.379214925916449,103,737,9.14,36.65,81.17
5.379540585755322,805,862,23.96,94.44,374.74
5.3801588500999555,369,675,10.10,40.00,133.77
5.381548957869063,158,964,13.70,53.82,21.35
5.384620884511939,100,643,5.07,20.22,61.57
5.3847997396629035,960,135,9.80,38.22,62.26
5.388350610082702,83,901,51.07,204.45,154.48
5.388518977724336,374,233,59.38,241.14,140.97
5.389768313066861,678,230,18.44,74.81,132.67
5.390154993003963,264,470,1.55,6.27,143.36
5.390500956759779,548,477,6.60,25.64,412.49
5.393488696792126,32,384,22.33,89.37,238.07
5.396142591193783,164,894,17.61,69.07,118.62
5.396468868607029,811,204,13.54,54.24,106.72
5.397202419065981,837,622,4.60,17.45,6.86
5.398359426293255,814,985,47.16,191.65,115.83
5.398695920517762,639,953,13.43,54.78,407.94
5.3989911831455295,626,415,7.95,30.19,66.14
5.400535701428931,287,861,23.19,96.51,705.04
5.4005562573380645,264,28,1.33,4.94,56.50
5.400834648088816,872,402,24.12,91.14,292.55
5.400877572471602,323,259,17.92,70.71,608.75
5.402126975542051,672,855,1.21,4.87,1877.84
5.402176809916982,489,619,7.72,30.30,109.86
5.403589399422288,56,465,60.03,241.25,122.87
5.404615626227351,764,213,3.30,12.44,60.00
5.405348733562652,872,56,18.18,72.96,259.43
5.40558570930085,166,574,5.49,22.12,50.46
5.405675667058293,409,22,0.09,0.38,218.29
5.407171835818025,38,982,23.66,92.27,136.16
5.407221814554058,672,743,1.02,3.85,277.61
5.408454086898115,929,814,11.73,45.48,203.38
5.410038678600989,148,108,24.55,95.68,1499.00
5.413957003301731,750,593,15.74,60.76,74.57
5.414676767726481,928,947,4.78,21.21,90.71
5.415346044331218,71,223,16.34,65.75,57.43
5.415703191967076,333,454,27.63,105.70,113.37
5.41685205389197,255,738,10.19,40.33,164.90
5.417359752019602,564,309,17.11,70.76,292.86
5.4185630792949215,357,225,14.71,56.19,41.08
5.419141626309198,22,618,43.22,175.07,615.28
5.419475468933977,18,130,17.18,71.49,3465.90
5.419596759547549,640,596,31.26,125.99,67.37
5.421126421728162,103,438,7.11,29.54,138.66
5.421311848027527,781,317,7.53,32.90,61.54
5.424833750004551,234,184,0.89,3.48,27.29
5.427973454824079,998,950,2.98,11.42,301.54
5.431456424175161,848,730,10.26,41.49,169.31
5.431499315226275,667,855,2.47,9.83,1880.31
5.432754239589579,617,477,10.02,40.53,422.51
5.435092819533628,206,130,10.70,44.36,3476.60
5.435727539377257,354,130,28.69,113.79,3505.29
5.436455202810125,604,108,1.54,6.09,1500.54
5.438708889445642,828,130,16.94,64.85,3522.23
5.440391290130055,244,259,13.01,50.90,621.76
5.440494943304149,18,109,14.42,57.07,25.25
5.440859914260265,753,343,4.89,19.60,108.74
5.442797702204562,961,881,15.08,60.99,81.13
5.443655720332859,405,285,4.09,17.22,217.29
5.443729306206001,401,477,4.33,17.21,426.84
5.446899792309554,972,22,16.86,68.82,191.93
5.446979611993271,864,862,11.21,43.56,385.95
5.448706439163562,710,259,0.47,1.76,622.23
5.449276384736307,599,234,8.59,31.96,12.07
5.4505697377725975,788,839,14.50,56.27,85.03
5.451889911683278,414,55,16.08,61.65,30.97
5.452266258323782,231,855,17.60,71.14,1897.91
5.452330380682099,956,108,6.36,25.55,1506.90
5.45267975626729,417,108,4.38,17.77,1511.28
5.454252162148896,341,360,9.91,36.72,27.46
5.456432134158317,676,872,6.20,25.58,79.16
5.457174348011823,524,774,19.50,75.03,207.85
5.458896059830548,911,130,2.02,8.42,3524.25
5.465052569011733,409,903,0.10,0.28,135.78
5.465154492760397,210,560,42.36,168.20,1608.44
5.466336212470886,667,855,2.04,7.79,1899.95
5.466660757077921,637,674,19.91,79.96,216.55
5.467963750158688,548,680,5.13,20.51,129.79
5.471937528506817,687,730,2.31,7.92,171.62
5.472364376182733,70,107,26.12,105.41,74.99
5.474649213264397,178,855,3.44,14.03,1903.39
5.474922672381791,799,248,10.54,42.10,209.30
5.475487534741373,806,84,14.86,59.29,518.68
5.478748474739659,812,855,3.05,11.81,1906.44
5.479488754825306,799,656,8.65,33.45,46.77
5.480637294520436,553,384,7.17,28.31,245.24
5.481099489838212,82,176,27.47,106.68,152.93
5.481276822628289,713,557,4.65,16.92,73.92
5.485249798140943,463,202,22.38,94.75,65.92
5.485496000539787,627,78,3.89,15.56,79.68
5.486105596049039,36,936,14.61,56.50,50.11
5.486170263782302,306,424,22.20,91.10,120.08
5.487309214163712,171,130,16.59,66.68,3540.84
5.487392170693191,151,849,26.32,107.05,50.36
5.488613927380174,205,217,20.23,80.01,184.33
5.4887089028691936,721,130,4.65,18.45,3545.49
5.490814374568391,33,28,17.33,70.41,73.83
5.491040169996044,323,592,14.26,56.45,192.55
5.493457391630131,809,710,1.09,3.74,2.85
5.495489355216388,790,462,19.08,76.10,42.42
5.496845176958528,187,460,120.38,486.85,234.44
5.4977141648904135,174,130,27.46,110.15,3572.95
5.499676549924091,812,866,2.27,9.54,85.87
5.501507656199198,406,315,55.50,221.38,140.74
5.5018803675010455,524,134,14.96,60.07,319.99
5.503255479810326,651,560,5.95,22.72,1614.39
5.504413921449828,360,59,5.65,21.81,95.01
5.504795606779243,573,267,7.68,29.80,346.63
5.505006717196569,882,418,2.73,10.89,210.81
5.50518720321463,313,209,12.51,51.16,100.24
5.50774529376878,177,108,0.81,2.62,1512.09
5.507919710934051,654,871,62.92,247.08,139.86
5.507955741300326,427,411,7.51,32.01,389.85
5.508083670718907,696,873,9.98,38.25,476.07
5.508617341738411,913,304,2.22,9.08,133.52
5.508832675703969,193,189,64.58,258.45,217.49
5.508972599517804,255,130,7.93,32.40,3580.88
5.509150151025485,954,757,2.18,8.42,110.22
5.509294834304164,936,637,10.25,39.86,90.21
5.510765838447183,876,270,3.81,14.18,187.17
5.510901733481958,45,130,6.59,25.49,3587.47
5.511046568394656,433,120,9.62,38.63,61.74
5.511310453960265,773,211,25.68,103.30,177.54
5.511356815221597,66,633,18.29,75.84,103.67
5.5114820190670555,218,240,4.88,18.36,106.54
5.512246810289406,644,949,6.02,26.52,257.88
5.513439807364288,913,530,1.88,7.20,96.06
5.514929587126362,710,517,0.55,2.30,451.55
5.516388353863239,502,995,3.17,13.83,66.48
5.518539814835106,356,988,16.11,63.01,265.80
5.518703248533035,676,578,5.12,20.46,665.16
5.519664013375825,802,578,4.40,18.02,669.56
5.521119848062606,231,743,14.75,56.39,292.36
5.52115308385018,980,982,3.06,12.64,139.22
5.521296751422596,653,658,13.76,57.65,105.64
5.521610734364825,672,757,0.72,3.13,110.94
5.523165702322851,761,130,22.50,92.24,3609.97
5.524069486323869,757,769,22.04,88.90,80.95
5.52492050094129,387,658,4.05,17.31,109.69
5.525461579334787,405,847,3.42,13.80,54.02
5.526432227438697,872,22,16.14,63.02,208.07
5.527944226400339,607,259,27.16,109.66,649.39
5.5286501958289165,294,130,4.18,15.18,3614.15
5.529791444093197,897,168,20.24,78.29,104.93
5.5305218563482565,462,130,8.30,34.12,3622.45
5.533183312992076,646,500,20.22,78.81,66.79
5.534605495251353,904,945,0.73,4.23,184.10
5.540289301877795,613,313,6.18,25.10,57.34
5.5408128824062635,419,787,8.25,36.55,101.30
5.540928649724285,256,446,5.13,18.85,58.68
5.541226115998471,936,560,7.97,31.89,1622.36
5.542362290882102,863,952,13.40,52.39,192.69
5.542870877646174,548,560,4.07,16.44,1626.43
5.543273850711159,2,81,1.66,6.99,148.02
5.543475399017671,784,406,0.09,0.38,221.47
5.5438307126639925,18,855,11.73,45.34,1918.17
5.544219049919592,539,190,66.64,267.45,106.59
5.544458676324532,401,908,3.32,13.89,73.05
5.54583975450514,812,649,1.76,7.78,184.18
5.547899248305525,402,766,58.80,233.75,538.62
5.547977718724608,202,187,13.16,52.76,500.01
5.548210683957194,402,130,46.66,187.09,3669.11
5.54864501104066,807,824,12.84,50.66,74.90
5.5493635799291825,934,866,7.79,29.81,93.66
5.549597918283201,177,947,0.44,2.18,91.15
5.550348983042159,498,307,10.84,45.02,104.36
5.551231634536293,448,560,8.93,37.25,1635.36
5.551881281120598,385,303,0.44,1.64,45.98
5.552531041677893,948,801,1.12,5.35,48.43
5.552910127300487,319,701,10.35,40.00,285.48
5.553884063344359,975,508,6.49,27.58,86.37
5.55419507016574,154,83,25.61,102.55,230.06
5.555192136716287,661,924,11.26,46.36,90.86
5.558025012344381,667,295,1.57,6.22,19.47
5.558895159428692,38,371,18.49,73.78,137.76
5.559037699860891,310,279,11.38,45.65,50.54
5.559326290063587,201,952,1.89,7.70,194.58
5.560674649918017,325,569,44.78,173.81,145.61
5.560965140977494,463,108,18.67,76.08,1530.76
5.562966929969057,427,103,6.04,25.97,35.58
5.564563996475365,989,114,7.79,31.06,487.25
5.568222466191778,439,293,111.65,444.20,211.04
5.569712926466095,639,265,10.73,44.05,242.01
5.56990642312391,613,22,5.30,19.80,213.37
5.5708786342626,978,108,15.93,62.00,1546.69
5.571307823644363,206,128,8.76,35.60,105.60
5.571324775765778,782,861,14.17,55.57,719.21
5.574117014716431,965,824,15.10,62.00,90.00
5.5755089513393346,628,953,15.70,62.34,423.64
5.5774515735536285,687,384,1.52,6.40,246.76
5.578146907401967,303,212,9.03,36.95,94.55
5.5807897995415665,169,862,3.34,15.35,389.29
5.582569184722081,708,560,29.14,119.48,1664.50
5.58304853204461,122,333,20.03,78.43,125.73
5.583883922341428,277,465,5.99,22.60,128.86
5.591618079232963,802,444,3.50,14.52,20.52
5.591639529508412,531,331,12.36,49.87,78.36
5.59173380948885,257,794,12.45,50.38,95.44
5.591793508086888,409,56,0.05,0.23,259.48
5.592408658607774,803,860,15.73,63.63,70.25
5.592643616118176,634,114,121.61,486.23,608.86
5.593002175213633,955,468,73.08,286.54,190.32
5.5931753072484,409,278,0.02,0.21,54.53
5.593472968639713,623,325,14.62,59.35,188.43
5.5947056301693765,918,130,19.97,83.91,3689.08
5.601858054726705,795,74,9.49,38.21,94.67
5.602810416779782,809,766,0.61,3.13,539.23
5.602816290494136,23,855,4.80,18.85,1922.97
5.603337234000473,354,218,23.54,90.25,41.90
5.604054876135329,296,477,0.13,0.48,426.97
5.604246203683747,758,573,35.57,135.92,65.37
5.604764895734299,404,715,0.00,0.00,51.72
5.6058155335796656,666,562,16.04,62.37,111.19
5.606782044227934,970,375,21.79,87.55,73.36
5.607972700764264,409,831,0.04,0.17,196.75
5.60852769554445,382,130,8.13,34.22,3697.21
5.6094825349593735,927,472,11.48,46.54,117.07
5.611064323921156,564,727,14.00,56.76,119.19
5.612207909661578,853,130,21.37,84.64,3718.58
5.612882168153732,533,334,18.01,68.46,326.16
5.613419203397843,927,374,9.88,36.66,251.02
5.614774633102477,385,540,0.29,1.35,79.94
5.6154631133012245,945,855,36.55,147.55,1959.52
5.6159971588483035,624,560,20.16,76.74,1684.66
5.61862822761811,615,351,10.00,39.51,123.02
5.618796208761957,311,977,54.53,215.14,275.95
5.620717254297812,980,701,2.44,10.20,287.92
5.622827195606183,622,22,1.30,5.56,214.67
5.623393899469602,100,386,3.83,16.39,45.90
5.624841186347929,863,654,10.53,41.86,257.61
5.626650516326973,273,259,25.76,103.32,675.15
5.627491910435172,954,412,1.67,6.75,81.60
5.628051959883262,207,712,34.80,139.34,179.80
5.629582229302278,370,433,24.21,97.14,62.84
5.633745997397935,6,852,22.11,85.84,157.49
5.634713294187116,798,849,13.12,52.63,63.48
5.636121409052593,244,188,10.26,40.64,53.86
5.638899508676064,379,48,5.78,23.66,73.21
5.640804395233009,446,493,11.99,46.69,166.81
5.641287110905144,710,130,0.43,1.87,3719.01
5.641737257579017,304,778,26.60,106.92,58.70
5.642460909258596,975,144,5.40,22.18,101.16
5.642640554072416,847,691,11.04,42.98,70.20
5.643492175769211,837,219,3.12,14.33,80.68
5.64352861966064,101,988,6.30,25.24,272.10
5.645972721529553,180,757,8.09,32.75,96.99
5.64671192553218,950,676,60.81,240.73,81.27
5.648681172046546,507,783,13.87,55.10,65.94
5.648743785531431,409,560,0.04,0.13,1684.70
5.6500142227690935,347,962,12.87,50.72,64.14
5.651464140488885,279,315,9.72,40.82,150.46
5.654174584218897,396,766,18.96,75.02,558.19
5.654183864903096,980,634,1.99,8.21,488.22
5.654629709597387,501,692,30.47,122.94,96.34
5.655513410921625,507,974,11.28,43.82,52.12
5.655570707739365,595,303,22.07,85.48,59.02
5.655653992966652,672,141,0.61,2.52,84.12
5.656799577155161,613,305,4.11,15.69,198.13
5.656893748046787,747,402,4.78,21.37,191.87
5.657267805844574,686,815,18.87,75.86,48.78
5.657519960808159,809,108,0.70,2.43,1547.39
5.657842499460561,86,855,16.20,65.19,1975.72
5.6591294638013165,341,452,7.12,29.60,125.77
5.659194781088068,713,130,3.32,13.60,3722.33
5.665301014319943,808,108,13.86,53.17,1561.25
5.66837827258794,598,325,5.39,19.12,193.82
5.670250262645255,553,888,5.55,22.76,172.63
5.670379373359213,409,560,0.02,0.11,1684.72
5.670537344295987,393,667,10.02,39.50,16.24
5.67099194617848,999,26,22.45,90.03,221.82
5.671738947760795,248,573,41.52,167.78,106.89
5.6726554683242885,3,187,10.20,40.95,510.21
5.674905168962176,419,466,7.45,29.10,80.40
5.677662797446002,299,463,17.36,67.95,93.44
5.677917101952835,906,270,10.07,41.90,197.24
5.679250625494465,682,966,27.64,106.11,87.91
5.67938385359489,462,364,6.68,27.44,80.43
5.680379445313691,661,783,9.27,37.09,75.21
5.6809202412751985,189,537,43.03,174.46,205.07
5.6823307253127995,526,618,3.38,12.90,618.66
5.6824580957303334,166,855,4.24,17.88,1979.96
5.686194828165813,775,108,1.39,5.81,1562.64
5.686396835491101,334,102,66.28,259.88,133.81
5.687043361777543,499,649,13.28,52.94,197.46
5.687254800831951,672,228,0.53,1.99,91.87
5.688716202463807,599,657,6.14,25.82,140.76
5.691744085815757,278,477,10.91,43.62,437.88
5.6923010615223,870,187,10.85,46.72,521.06
5.693245264650731,99,584,3.77,14.99,43.28
5.6937030217907205,696,59,7.76,30.49,102.77
5.694879936786042,40,474,21.21,87.96,143.53
5.695076108735232,424,523,23.17,96.91,116.13
5.697324036787881,859,562,16.63,68.23,127.82
5.6996064160715,706,988,8.11,32.46,280.21
5.70022917227427,144,560,20.85,80.31,1705.57
5.702567131159954,527,60,0.00,0.01,78.86
5.7028377933450205,604,108,1.25,4.84,1563.89
5.703138381643163,385,60,0.19,1.16,79.05
5.703210317349816,755,383,35.35,146.85,697.01
5.705761656873332,988,231,55.64,224.57,112.03
5.7061557819194215,808,466,10.83,42.34,91.23
5.706236256664459,179,752,19.65,79.91,263.55
5.708011737222554,342,855,4.33,19.09,1984.29
5.708930888432425,97,589,30.72,122.90,116.51
5.7126782545656,710,980,0.39,1.48,8.60
5.714100294301778,895,13,5.56,23.90,236.71
5.715080186292787,606,79,16.75,65.11,48.73
5.717579395246833,336,794,7.13,30.51,102.57
5.718385760528271,360,581,4.11,17.70,58.28
5.718505721410993,810,267,8.65,33.87,355.28
5.718565982309139,875,408,8.26,32.17,134.96
5.719010367919949,710,78,0.28,1.20,79.96
5.720207503737358,849,146,12.81,50.67,86.27
5.72287270978893,821,950,17.27,70.99,258.00
5.723655603673086,998,225,2.51,8.91,43.59
5.724051152995454,759,384,39.96,157.88,286.72
5.7246914116635175,766,861,112.57,445.62,831.78
5.7257135115069735,661,743,7.40,29.69,299.76
5.725835927518236,754,536,10.85,44.08,129.30
5.726572773801207,783,130,15.54,59.67,3737.87
5.726584130535237,427,98,5.10,20.87,183.61
5.728074301962612,882,130,2.37,8.52,3740.24
5.728578181385343,419,734,5.32,23.78,149.27
5.729071682317436,137,618,12.86,51.71,631.52
5.72913392134202,202,391,10.47,42.29,159.39
5.731983309386113,157,406,16.83,66.01,238.30
5.7334837380828825,167,793,7.18,29.29,106.55
5.733695810356158,333,560,25.00,100.73,1730.57
5.73459622492698,403,672,15.32,61.21,17.31
5.734855197629406,739,765,21.78,86.22,94.89
5.735312915331197,710,130,0.19,1.01,3740.43
5.738672933869426,716,563,17.50,70.71,109.57
5.738846051700037,404,202,0.00,0.00,42.29
5.738910934937647,618,283,125.31,506.21,232.91
5.741128084709847,404,820,0.00,0.00,232.80
5.741530939399447,933,872,10.53,42.15,73.55
5.741719776153288,872,911,14.36,59.19,22.78
5.7424504806667125,527,47,0.01,0.00,104.05
5.743017727408434,661,103,6.25,23.44,41.83
5.743259724954397,240,950,21.45,85.09,279.45
5.744140556829716,19,187,9.71,41.17,530.77
5.746220641006971,738,418,32.37,132.53,243.18
5.74761091309891,437,618,19.81,76.86,526.02
5.7479046362077835,428,47,8.25,32.43,112.30
5.748052936093312,760,560,19.43,75.20,1750.00
5.748174753848289,759,309,32.67,125.21,325.53
5.75052695521837,100,74,3.20,13.19,97.87
5.75301303543113,936,148,6.92,24.97,102.60
5.755757817364604,177,464,0.39,1.79,87.55
5.756652138461316,577,398,16.06,62.66,62.22
5.757266228559842,407,217,8.81,34.01,193.14
5.7584067175140055,2,240,1.20,5.79,86.29
5.759779648927226,826,579,12.20,47.41,131.82
5.759859885242293,100,781,2.82,10.37,35.72
5.759972416715998,877,865,20.99,83.38,78.21
5.7619129715340165,812,193,1.34,6.44,259.79
5.763880835115686,104,328,12.32,47.67,104.05
5.765017330540138,155,918,6.53,28.40,90.44
5.767972075232045,759,130,25.35,99.86,3765.78
5.7690994472025094,891,955,5.35,21.24,291.89
5.769649473302474,912,855,17.56,67.73,2001.85
5.770034180990237,950,130,55.37,224.08,3821.15
5.771104784550224,90,912,15.99,63.97,83.72
5.771223170282463,126,629,4.58,19.02,93.54
5.771499403834822,812,195,1.25,5.19,86.45
5.7731502475270275,558,139,4.97,20.84,144.33
5.773588841686782,49,501,7.68,33.64,130.62
5.773740502870514,367,955,10.22,42.75,302.11
5.7746100377482605,357,348,10.71,45.48,37.07
5.77596699665257,745,326,15.49,62.48,52.14
5.77652483677605,784,585,0.10,0.28,145.11
5.7766205027511885,82,402,21.67,85.01,213.54
5.776968034005375,409,263,0.03,0.08,176.57
5.777235238725598,755,371,29.80,117.05,167.56
5.777310950330232,902,74,37.68,149.78,135.55
5.778800272122759,193,384,51.35,208.44,338.07
5.780505231150266,87,752,6.48,27.68,270.03
5.784046778995004,793,263,21.41,85.14,197.98
5.785200430121267,139,555,29.07,115.26,64.41
5.785379439316514,915,162,0.28,1.09,79.54
5.786968778217595,742,648,5.96,24.26,166.01
5.787099656157488,590,822,7.43,30.97,83.25
5.790205392585385,823,130,17.95,72.49,3839.10
5.790542038783546,45,982,5.36,20.13,144.58
5.791407878851345,387,855,3.71,13.60,2005.56
5.791630597530264,680,988,25.82,103.97,250.39
5.792656716154546,77,710,10.57,39.78,11.58
5.793349929423119,658,559,22.51,87.18,163.36
5.794707723426601,48,945,14.28,58.93,161.83
5.796510284327253,255,771,6.68,25.72,162.75
5.798435777981385,548,259,3.36,13.08,678.51
5.798739099143842,152,634,15.91,63.55,504.13
5.799534757731105,190,949,21.97,84.62,279.85
5.799573965452371,650,225,19.19,74.20,62.78
5.799848943289387,507,732,8.53,35.29,74.27
5.802110306722119,435,860,93.83,376.15,164.08
5.802140143468598,826,831,9.41,38.00,206.16
5.802378137790175,385,743,0.27,0.89,300.03
5.80434653472562,471,634,6.18,24.83,510.31
5.80438601488178,181,301,8.04,32.53,120.94
5.804769075952745,436,669,16.09,63.30,105.89
5.804772391565351,649,921,38.98,158.48,98.15
5.80734900535157,337,267,20.09,79.14,375.37
5.807558424868888,526,698,2.82,10.08,195.87
5.8105860862625835,323,108,10.96,45.49,1574.85
5.810857770256962,61,130,20.68,79.54,3859.78
5.811905807638183,834,735,10.03,38.79,108.35
5.814001036937017,226,446,13.51,54.34,60.20
5.814089794246669,952,374,39.25,155.33,290.27
5.815222261391424,895,603,4.72,19.18,26.20
5.816081222757605,245,130,3.47,14.04,3863.25
5.8162818989822975,985,862,22.80,93.03,412.09
5.817907139424502,914,615,2.91,11.07,42.42
5.818246790381585,427,977,4.14,16.73,280.09
5.819758441180914,60,862,16.07,62.98,428.16
5.820873385596931,63,634,8.91,35.28,519.22
5.823649946392261,145,917,10.89,45.74,106.73
5.82376283506148,810,855,6.63,27.24,2012.19
5.823960767777221,959,861,23.59,89.47,855.37
5.825704734999289,177,309,0.35,1.44,325.88
5.829074007011471,941,194,11.22,42.65,140.37
5.829624228293427,12,657,30.47,119.14,171.23
5.8331652355438015,396,757,15.38,59.64,112.37
5.838227920990992,457,766,24.56,101.89,470.18
5.838242753685654,201,218,1.43,6.27,43.33
5.838454105294256,502,987,2.85,10.98,117.83
5.841461606685878,275,757,12.98,55.25,125.35
5.844016291179483,292,702,10.67,41.36,113.07
5.844863516160652,101,627,5.38,19.86,20.94
5.845452614029746,216,546,14.51,58.48,71.85
5.847273802394123,260,907,14.45,57.68,68.38
5.848180148323436,646,705,15.74,63.07,367.98
5.8482998050135375,341,514,6.02,23.58,202.16
5.848404978909226,691,757,14.04,56.16,139.39
5.849331172458104,853,334,17.25,67.39,277.13
5.850554521889254,417,578,3.69,14.08,673.25
5.850959265763797,706,645,6.44,26.02,58.62
5.852307697274234,405,130,3.08,10.72,3866.33
5.853256339311111,566,510,10.31,44.92,27.03
5.853832029160959,874,869,9.99,35.67,77.32
5.854503774420383,307,278,20.51,83.85,64.13
5.856222805125657,404,47,0.00,0.00,112.30
5.85923733074168,977,488,55.49,224.60,115.97
5.860031436021035,91,478,8.82,36.01,82.90
5.86029888926516,11,374,2.98,10.49,293.25
5.863924813698965,346,686,8.51,33.02,84.37
5.864325409083483,723,284,2.74,11.27,145.06
5.865021877556789,712,861,35.73,144.07,891.10
5.865103297634145,445,821,19.94,83.45,90.93
5.867415133646915,605,486,10.80,40.86,233.84
5.8678392761260145,405,688,2.30,8.42,44.41
5.868073790061244,418,560,48.58,194.60,1798.58
5.869385561597084,969,270,21.70,85.46,218.94
5.8700723261635215,672,383,3.76,13.55,700.77
5.870640317845245,998,962,1.93,6.98,66.07
5.871027549397293,612,766,12.05,44.57,482.23
5.872297722596018,667,320,3.13,13.11,15.83
5.872299713153033,31,766,1.20,4.53,483.43
5.873397870882336,432,270,3.10,12.46,222.04
5.873696049064737,594,911,18.84,76.35,41.62
5.87496550229377,5,619,1.73,6.62,111.59
5.876037206480499,236,776,19.15,75.82,64.98
5.877185399358533,910,985,4.36,16.39,97.39
5.878364434907995,426,905,8.40,32.99,100.26
5.878504144585584,926,108,8.30,32.37,1583.15
5.8790078642804415,941,750,8.29,34.36,69.05
5.8790767457097886,681,855,8.73,34.83,2020.92
5.879329212356904,245,391,2.82,11.22,162.21
5.879575787032755,667,578,2.53,10.58,675.78
5.879701696008816,15,181,12.15,47.79,44.68
5.880160304153979,998,108,1.55,5.43,1584.70
5.882648805371449,31,888,0.79,3.74,173.42
5.883353632368019,177,889,0.29,1.15,77.17
5.8846403714713755,593,301,14.80,59.77,135.74
5.886482757366104,550,742,19.06,76.80,43.32
5.888394383901179,234,907,2.48,9.59,70.86
5.888535701044383,430,889,14.74,60.34,91.91
5.890217482548417,390,33,15.96,60.65,86.37
5.891879521470989,257,828,9.91,40.47,74.76
5.892664798939134,713,613,2.76,10.84,18.45
5.892794339634813,229,108,8.24,32.40,1592.94
5.893620335691224,461,108,16.35,64.43,1609.29
5.8937395287484176,10,231,15.61,62.62,127.64
5.894018781898987,182,524,16.47,64.53,76.54
5.8945335495763835,235,984,12.03,48.59,79.14
5.894812284929312,914,624,2.16,8.91,78.90
5.895497384845015,255,861,5.03,20.69,896.13
5.897849149894405,804,861,14.73,59.02,910.86
5.898200166297072,945,53,33.08,128.75,112.04
5.9011690585659435,872,259,12.07,47.12,690.58
5.901381025135331,527,259,0.00,0.00,690.58
5.902745014508402,87,891,5.34,22.34,26.58
5.9028552628948265,190,297,16.60,68.02,91.98
5.90288957198018,163,667,15.99,63.56,26.57
5.903091263933866,501,17,26.43,104.19,110.03
5.903307143983087,409,19,0.03,0.05,41.20
5.904034439800527,737,995,16.53,64.64,83.01
5.905673544754204,527,954,0.00,0.00,6.75
5.906142862469908,781,981,7.14,28.58,28.44
5.906452548473564,517,123,90.31,361.24,175.66
5.9065855544147325,413,31,30.24,120.37,33.98
5.907131789594946,723,22,2.37,8.90,217.04
5.907264386238529,784,868,0.06,0.22,110.83
5.908053981485546,337,108,15.78,63.36,1625.07
5.911740758596262,800,836,1.35,5.21,41.98
5.911958899978515,672,129,2.76,10.79,740.02
5.9121279427155375,695,753,9.37,37.06,28.97
5.912636959962571,117,701,9.14,36.95,297.06
5.913001552164083,856,698,10.83,44.49,206.70
5.91375473742567,630,129,11.26,45.83,751.28
5.913778172672442,884,59,14.40,58.95,117.17
5.91478072011702,787,657,20.12,81.18,191.35
5.916401309245031,672,410,1.93,8.86,86.28
5.916823971036922,393,701,7.89,31.61,304.95
5.916895776190578,461,469,13.01,51.42,125.55
5.917468579648555,954,759,1.32,5.43,101.18
5.918382354361116,990,130,21.50,83.70,3887.83
5.9187028037031855,381,902,5.41,22.28,155.19
5.918791054350442,209,832,19.90,80.34,124.69
5.919071411199326,617,108,8.31,32.22,1633.38
5.921019647225995,304,6,21.35,85.57,107.19
5.921050998236226,48,899,11.84,47.09,74.78
5.922556692162173,757,855,27.98,111.41,2048.90
5.923474779696207,776,406,12.49,52.49,250.79
5.9237542853290615,787,161,16.42,64.76,51.65
5.925035874098792,543,555,0.39,1.82,64.80
5.9255956670836305,943,945,15.00,59.69,143.75
5.928976247195766,721,841,3.84,14.61,64.42
5.929556448931633,710,281,2.50,9.08,53.38
5.929633110432817,385,964,0.10,0.79,21.45
5.930258367197721,733,612,10.26,38.27,54.83
5.930754482985976,812,222,1.08,4.11,54.14
5.932210553648021,19,84,8.18,33.02,526.86
5.932282421198812,648,790,33.83,132.18,109.93
5.932784167762361,294,222,3.03,12.15,57.17
5.933133312596876,844,705,5.77,23.52,373.75
5.933147847525078,407,695,7.16,26.85,44.22
5.933611346188788,729,454,16.05,61.06,129.42
5.93396934257061,912,720,16.71,67.01,79.69
5.935050353835521,768,260,17.86,70.62,75.54
5.9350918350119795,123,852,35.86,139.80,193.35
5.9352306931751455,213,477,11.76,48.24,449.64
5.935249295874683,39,85,9.63,37.68,66.70
5.935748589893575,898,597,14.81,60.92,106.16
5.9376226744084235,943,22,12.57,47.12,229.61
5.938689070110843,390,538,11.95,48.70,79.61
5.940120235065102,355,769,10.32,41.13,91.27
5.943105608553083,953,623,83.82,339.82,143.17
5.944676605918713,748,84,11.66,45.99,538.52
5.945177533963429,609,656,30.52,125.11,77.29
5.946102613394983,476,22,11.49,45.72,241.10
5.94958039526197,232,108,18.36,70.67,1651.74
5.950863595208764,527,435,0.00,0.00,376.15
5.9530381766385805,434,477,20.85,78.69,470.49
5.955572542359214,441,130,20.80,82.87,3908.63
5.956267440621961,947,904,18.29,72.86,22.52
5.957062259611804,342,804,4.06,15.03,63.08
5.95805413966718,82,869,16.52,68.49,93.84
5.960075997262447,21,333,23.07,93.64,123.80
5.960363883811301,731,494,27.70,108.69,77.78
5.9622494858026,365,606,19.69,76.93,84.80
5.962662735294936,215,988,24.64,98.96,275.03
5.96516771472441,577,560,12.36,50.30,1810.94
5.96538854507732,431,954,8.43,35.67,13.86
5.967706507946542,867,318,8.37,33.01,289.91
5.968167353287443,542,240,11.83,46.43,98.12
5.968725242171569,103,953,8.17,33.66,347.99
5.969740527523003,527,129,0.00,0.00,751.28
5.970304536902714,562,130,25.48,102.34,3934.11
5.970370855708673,607,253,22.32,87.34,112.75
5.971007852306145,875,955,6.52,25.65,308.63
5.971950641305147,834,477,7.67,31.12,478.16
5.972209713546275,517,812,72.67,288.57,76.78
5.972283158139913,364,117,16.71,63.72,53.66
5.973061722024793,710,862,1.68,7.40,429.84
5.973893426850624,366,130,7.86,31.44,3941.97
5.974885301688327,71,130,13.19,52.56,3955.16
5.977474405486837,439,966,89.04,355.16,176.95
5.977915287000117,809,824,0.43,2.00,90.43
5.97804016765733,556,249,30.51,123.43,182.06
5.978199158561423,877,828,16.72,66.66,91.48
5.978496312441339,168,613,21.24,83.69,39.69
5.979948308764987,440,335,9.54,37.60,102.26
5.981973932522997,891,930,5.32,21.26,115.67
5.984438599189897,970,159,17.72,69.83,104.50
5.985059739254176,155,701,5.57,22.83,310.52
5.985492416770373,24,698,11.32,44.28,218.02
5.9859722667375435,809,873,0.40,1.60,476.47
5.989229463157541,695,919,8.81,35.41,172.77
5.990228630510918,994,130,0.72,3.01,3955.88
5.990484486104781,3,530,8.05,32.90,104.11
5.990500740832755,667,704,5.19,21.38,77.94
5.99462037959271,767,862,19.51,76.34,449.35
5.99716555688976,882,828,1.75,6.77,93.23
5.997397251079284,155,843,4.21,18.62,73.91
5.997952184495782,734,186,30.57,118.70,117.21
5.999232976334355,56,564,51.81,207.67,108.57
6.002358993832942,409,5,0.00,0.05,6.62
6.004063111691003,384,705,67.45,270.62,441.20
6.004837028770331,409,599,0.01,0.04,25.83
6.004953782109684,742,409,8.95,34.37,8.99
6.005359749367306,973,22,2.72,10.64,243.82
6.006054217530945,62,757,5.22,20.46,116.63
6.007693667202016,665,655,26.77,105.97,135.32
6.007809974364034,871,855,28.23,111.63,2077.13
6.008183592052497,597,259,20.64,85.52,711.22
6.010245341226012,15,248,9.62,38.17,177.40
6.010933763038485,382,618,6.39,27.83,532.41
6.011729595165826,402,410,43.20,170.34,129.48
6.013290388165592,409,166,2.05,6.94,19.93
6.014062016254085,344,560,32.36,129.95,1843.30
6.014192547908449,562,338,19.77,82.57,114.62
6.014632128251474,238,929,9.89,41.03,55.37
6.0166316519847225,873,119,95.24,381.23,191.82
6.017697925191747,295,995,4.00,15.47,87.01
6.020329316966819,20,407,14.24,56.30,41.09
6.021243321173774,546,997,14.29,57.56,88.76
6.021676101818848,903,641,26.59,109.19,67.31
6.021876672135604,105,259,21.60,85.24,732.82
6.022048486754497,610,344,8.63,36.82,138.58
6.022052150955113,592,634,39.27,153.28,558.49
6.023317801005872,37,701,10.72,42.68,321.24
6.024471167126182,190,743,13.44,54.58,313.47
6.024536229933371,255,411,3.91,16.78,393.76
6.025701843841671,153,560,21.80,88.67,1865.10
6.025768623349441,467,861,1.43,6.46,912.29
6.025787336070086,632,860,13.00,51.43,177.08
6.026274569385986,549,759,18.69,78.24,119.87
6.027073830576193,72,192,6.96,28.17,79.09
6.02825099602428,949,108,55.69,224.16,1707.43
6.0294920778392305,256,855,3.87,14.98,2081.00
6.029871103018422,404,175,0.00,0.00,70.64
6.0304321107124395,467,705,1.22,5.24,442.42
6.0329105753504475,833,614,13.78,55.57,190.39
6.033607897695708,354,336,17.75,72.50,48.26
6.036998836039005,576,862,8.54,34.27,457.89
6.037135558739617,285,6,43.74,173.55,150.93
6.0376948487247475,913,538,1.33,5.87,80.94
6.0409874301241935,173,210,3.00,12.56,171.20
6.042002848002431,324,561,9.17,35.74,65.97
6.04437016867777,41,639,20.80,81.90,64.85
6.044785477433332,980,171,1.44,7.16,68.12
6.048679338057211,613,267,7.58,32.11,382.95
6.049721956301764,121,344,16.45,63.81,155.03
6.050279613004701,381,291,4.56,17.72,82.09
6.055227742665326,467,153,1.03,4.21,89.70
6.056515438664856,210,475,33.82,137.38,112.97
6.0565623190741595,871,560,22.06,89.57,1887.16
6.060396411316006,738,411,26.26,106.27,420.02
6.063200030880332,955,192,62.03,246.60,141.12
6.0638955906486345,836,330,8.53,33.45,31.85
6.064767296596928,539,33,52.76,214.69,139.13
6.065347964915053,498,888,9.07,35.95,182.49
6.0678155324219585,177,719,0.25,0.90,37.46
6.070101491657378,640,337,25.41,100.58,88.77
6.070284649422762,998,278,1.15,4.28,65.28
6.070783761792618,764,56,2.81,9.63,210.48
6.071304108379373,234,130,2.11,7.48,3957.99
6.071775626184334,836,950,6.36,27.09,230.44
6.074039374515781,346,126,6.76,26.26,25.78
6.074942607753183,432,895,2.28,10.18,21.46
6.075726473374207,620,806,7.44,30.52,66.73
6.07712929593476,787,57,13.36,51.40,46.44
6.078086036330479,248,862,35.22,142.18,493.11
6.079115872737327,985,852,20.59,76.80,213.94
6.079815400322436,184,950,5.64,21.65,236.08
6.080833557560016,645,689,11.98,46.64,91.75
6.0811731411237115,188,130,10.64,43.22,3968.63
6.082762642786743,436,506,12.41,50.89,90.32
6.083561153919637,566,618,8.81,36.11,541.22
6.08564468244901,998,578,0.76,3.52,676.54
6.085877787432278,667,565,4.19,17.19,82.61
6.088074068203756,980,879,1.69,5.47,72.25
6.088136816887429,41,872,16.52,65.38,63.64
6.088261053670764,404,855,0.00,0.00,2081.00
6.088359247893946,189,701,34.63,139.83,355.87
6.088538099774903,853,634,13.31,54.08,571.80
6.089092155857426,177,988,0.24,0.66,275.27
6.089517710296934,864,435,9.02,34.54,385.17
6.089630085462665,834,618,6.41,24.71,547.63
6.089796910645239,409,383,1.52,5.42,702.29
6.09018109251706,443,722,20.89,86.64,156.76
6.09162861234369,76,677,8.47,33.88,88.57
6.091779566305759,373,695,28.93,110.52,64.34
6.092150770720805,866,982,18.95,74.71,163.53
6.092902094604699,936,108,4.74,20.23,1712.17
6.0930197338910235,576,734,7.16,27.11,125.86
6.096518990990156,409,263,1.22,4.20,199.20
6.09652858116048,404,129,0.00,0.00,751.28
6.098470081697598,921,560,19.39,78.76,1906.55
6.100947721453694,161,130,10.81,40.84,3979.44
6.105356048682953,18,160,9.25,36.09,71.04
6.107810264979332,189,855,28.13,111.70,2109.13
6.108181178841552,982,477,33.03,130.50,511.19
6.109746922671074,494,705,15.10,62.68,457.52
6.11061173676598,880,606,15.96,63.78,100.76
6.112547588641311,421,309,18.09,71.24,343.97
6.113311686187652,320,861,3.54,12.29,915.83
6.1135505563739905,938,394,3.27,13.82,129.22
6.117326749535376,517,130,58.14,230.43,4037.58
6.117611643617813,883,7,18.39,72.67,87.67
6.118552912201461,381,902,3.66,14.06,158.85
6.119020386633507,910,553,3.47,12.92,26.23
6.119223808535262,712,451,28.97,115.10,41.67
6.1193503298121135,241,560,3.23,12.77,1909.78
6.121104602641962,35,9,18.51,72.24,55.23
6.125508588609528,45,874,3.98,16.15,39.65
6.126369303033371,856,267,9.14,35.35,392.09
6.126881274086886,844,173,5.06,18.46,17.62
6.12691966491467,900,130,11.90,46.50,4049.48
6.12727758099301,703,22,19.15,73.88,262.97
6.129549026479331,598,348,3.92,15.20,40.99
6.130444525904937,914,486,1.81,7.10,235.65
6.130458761977519,644,82,5.61,20.91,74.10
6.130616898929164,353,578,11.27,42.73,687.81
6.130662460557707,386,277,9.49,36.41,32.09
6.131237919152955,545,259,14.77,57.89,747.59
6.131390378226012,600,304,27.10,112.99,112.67
6.1318677399131705,31,158,6.61,27.37,60.43
6.132815387906993,245,296,2.37,8.85,2.85
6.13639212779845,565,705,16.50,66.11,474.02
6.1387405407379365,451,792,8.17,33.50,77.55
6.139217135898074,409,649,0.92,3.28,159.40
6.139520382297763,264,977,1.11,3.83,225.71
6.14024637613601,968,47,8.55,35.53,120.85
6.140922119010099,755,84,24.66,92.39,563.18
6.141162055031847,522,22,21.94,89.25,284.91
6.14670193863153,570,65,13.35,54.21,214.81
6.14743487099378,789,60,13.33,53.43,76.31
6.147446178712901,429,108,4.73,19.94,1716.90
6.148415061140401,279,139,8.24,32.58,123.50
6.148979747134922,591,580,10.79,45.19,163.64
6.150427687832345,35,130,14.53,57.71,4064.01
6.1505481101886765,475,999,23.20,89.77,113.23
6.15540294034737,297,347,18.75,73.23,69.47
6.157744959166937,193,130,41.95,166.49,4105.96
6.160465709486176,302,536,23.50,93.37,152.80
6.16067851246648,672,402,1.96,6.90,172.30
6.160813963760458,797,267,12.44,50.36,404.53
6.161591984712608,218,855,8.45,34.88,2117.58
6.163020401869172,409,483,0.63,2.65,118.26
6.163034872751923,173,988,3.34,14.28,278.61
6.1640136949199205,760,344,15.29,59.91,170.32
6.16491823795251,641,903,12.47,54.84,121.66
6.166859065966533,710,971,1.49,5.91,279.66
6.166878194689474,723,560,1.86,7.04,1911.64
6.166929848976523,65,114,42.36,172.45,651.22
6.169049486045028,967,947,36.21,147.64,109.07
6.169240521486746,527,606,0.00,0.00,100.76
6.169851071545629,379,130,4.95,18.71,4110.91
6.171756585322161,498,752,7.07,28.88,277.10
6.173181024219833,356,419,12.46,50.55,36.24
6.1732535565982705,939,62,7.80,32.70,28.26
6.173261259638756,79,477,9.89,38.84,521.08
6.173340777791523,76,88,7.04,26.84,154.98
6.17338881192363,34,556,9.56,39.83,132.99
6.1755538467501,801,743,9.24,39.19,322.71
6.1773199759704,526,734,2.45,7.63,128.31
6.179234421993034,979,108,18.09,72.01,1734.99
6.179611692915045,667,99,3.75,13.44,18.74
6.17963617808734,656,560,15.28,62.01,1926.92
6.18023545402419,967,249,29.51,118.13,211.57
6.1804417189379945,221,374,8.32,32.15,301.57
6.181217562601622,667,616,2.86,10.58,89.80
6.181857605256903,605,406,8.24,32.62,259.03
6.182096907120637,950,259,46.54,189.54,794.13
6.1870461828800245,802,130,2.89,11.63,4113.80
6.188670042062232,624,691,15.65,63.25,71.81
6.189526362830543,640,458,19.83,80.75,217.20
6.190245486140888,490,259,16.29,63.96,810.42
6.190704419247201,419,333,6.96,29.28,130.76
6.191066366350066,996,249,21.56,88.77,233.13
6.191550566934787,955,926,48.74,197.86,81.11
6.191962640680572,963,855,21.00,87.32,2138.58
6.1922085070957635,77,873,8.55,31.23,389.78
6.1922238829181175,812,368,15.27,61.51,48.35
6.196124527249038,729,690,12.01,49.05,49.15
6.2006010361386465,935,537,10.51,40.59,215.58
6.204468177577302,911,849,8.54,33.08,59.21
6.204615171782519,148,325,20.12,82.48,213.94
6.205208571105968,874,130,8.25,31.40,4122.05
6.205738280983086,861,680,182.81,733.02,286.78
6.205997890501104,609,592,25.01,100.10,178.29
6.2061052590641985,385,318,0.12,0.67,290.03
6.206739311777985,91,65,7.17,28.84,179.62
6.206987048375856,848,259,8.29,33.20,818.71
6.209449282426808,68,89,15.39,59.69,82.77
6.209595127026139,715,159,10.37,41.35,114.87
6.210340323814803,177,254,0.12,0.54,121.68
6.211319352955424,196,681,8.67,34.27,43.50
6.21263414796511,188,618,8.47,34.75,556.10
6.213558583086655,432,430,2.07,8.11,62.41
6.217803850125165,645,273,9.02,37.62,112.34
6.217810632187492,647,22,14.83,60.63,299.74
6.217911509677022,964,383,4.46,16.99,706.75
6.219746067795406,675,560,26.89,106.88,1953.81
6.2207276589249,390,477,9.99,38.71,531.07
6.222207430354235,578,618,137.88,549.93,693.98
6.22328318235366,240,701,19.10,79.02,374.97
6.224010250636727,655,804,27.04,108.28,90.12
6.224487643326288,404,458,0.00,0.00,217.20
6.226323209028696,409,406,0.39,2.26,259.42
6.226503342138736,894,491,23.75,94.87,116.53
6.227586935893054,197,17,6.43,25.46,116.46
6.228705081669766,775,855,1.03,4.78,2139.61
6.229348370053804,468,453,37.78,152.54,180.64
6.231972526225455,754,855,8.65,35.43,2148.26
6.233789552987514,878,353,7.39,28.06,50.12
6.234554382032848,339,65,1.93,6.81,181.55
6.234766405856262,237,192,13.90,57.78,155.02
6.236345098831713,324,560,7.31,28.43,1961.12
6.237143811788767,43,464,7.14,28.16,94.69
6.2380417940078825,636,560,18.16,70.95,1979.28
6.238063845177145,405,862,1.70,6.72,494.81
6.23863554810784,605,855,6.48,26.14,2154.74
6.239850745801435,282,284,31.62,127.30,176.68
6.2406607720708,697,637,16.73,64.29,106.94
6.241178868612848,105,561,16.75,68.49,82.72
6.241284523492425,279,284,6.06,26.52,182.74
6.241488115019364,393,741,6.54,25.07,47.62
6.241799369756968,602,713,8.93,38.16,19.77
6.2419366930856555,225,439,13.01,49.77,368.17
6.243332256342425,72,201,5.97,22.20,12.24
6.2439603413844855,152,909,13.13,50.42,102.00
6.246070667771946,643,210,12.13,49.44,149.51
6.248382251735137,409,333,0.50,1.76,131.26
6.250321142955979,366,180,6.25,25.19,39.00
6.251977504397902,784,371,0.09,0.13,167.65
6.252200621835072,409,877,0.35,1.41,67.01
6.252361368119161,364,130,13.10,50.62,4135.15
6.252750145164743,784,536,0.03,0.10,152.83
6.253229035974456,225,60,9.88,39.89,86.19
6.2540581234520065,896,944,15.70,60.42,164.76
6.257732832116086,483,383,22.84,95.42,729.59
6.2607178246909445,660,855,20.93,87.29,2175.67
6.261042258434831,759,154,22.83,97.04,125.38
6.262088069638018,342,227,2.87,12.16,59.70
6.262879769079777,491,435,24.07,92.46,409.24
6.264186672458002,710,789,1.04,4.87,54.47
6.264196180885852,769,810,18.58,72.69,45.82
6.2664538984870575,388,10,19.08,81.71,81.70
6.266551535399404,61,172,15.09,64.45,107.23
6.26714791447928,894,855,18.84,76.03,2194.51
6.268369325560009,837,855,2.92,11.41,2197.43
6.268384205229439,321,451,5.09,21.11,38.59
6.272106263860274,425,875,6.69,25.92,32.34
6.272321955807948,875,888,6.08,26.26,188.57
6.2724085650493535,491,470,18.39,74.07,161.75
6.275375652744983,287,855,19.22,77.29,2216.65
6.27552687272793,914,259,1.28,5.82,819.99
6.276789412613039,784,374,0.04,0.06,301.61
6.277041825948691,422,188,18.29,74.40,53.04
6.277230226310055,472,333,22.78,94.29,154.04
6.277527281516861,339,348,1.47,5.34,42.46
6.278053333354803,582,538,17.50,70.90,98.44
6.280019867513994,446,930,12.00,48.20,127.67
6.283028398335277,613,873,6.04,26.07,395.82
6.28573433602214,355,233,8.05,33.08,149.02
6.285783421930699,667,257,2.13,8.45,42.60
6.285806616379189,697,305,12.74,51.55,210.87
6.286851501990343,705,133,94.96,379.06,267.52
6.290123108015534,492,187,21.31,84.10,552.08
6.29168714236218,337,351,17.24,71.53,140.26
6.291829214368947,445,384,16.35,67.10,286.97
6.29323482699023,597,563,16.67,68.85,126.24
6.293525039206243,790,369,22.16,87.77,62.16
6.297913059701905,801,65,7.90,31.29,189.45
6.29940977329463,624,446,12.73,50.52,60.93
6.299787252938411,31,766,5.21,22.16,488.64
6.302051283458169,543,496,0.36,1.46,100.25
6.302062796790636,404,326,0.00,0.00,52.14
6.3044239320697155,357,785,8.53,36.95,199.92
6.304523136993603,278,130,12.74,52.54,4147.89
6.3047634024039265,500,618,13.22,53.57,707.20
6.30702236007367,954,807,3.01,10.85,53.67
6.307388735427153,723,694,1.25,5.79,91.79
6.313659556299341,0,560,7.59,29.93,1986.87
6.314375715175766,851,600,16.21,65.65,129.20
6.314480392550048,409,130,0.27,1.14,4148.16
6.315254550950597,533,352,13.34,55.12,64.55
6.315729792577508,650,374,15.62,58.58,317.23
6.31866269957774,409,108,0.15,0.99,1735.14
6.319325242704855,812,565,12.13,49.38,78.24
6.3204995401670825,430,241,12.47,49.94,25.24
6.323901038906007,100,458,1.89,8.48,219.09
6.324082049620442,581,477,12.12,46.16,543.19
6.325045374292515,610,932,7.42,29.40,51.21
6.3257893339993485,672,560,1.41,5.49,1988.28
6.327167806851595,345,569,5.15,19.04,150.76
6.32787610014853,566,26,7.62,28.49,229.44
6.329726929197433,773,113,20.22,83.08,117.48
6.3317699992187135,413,108,24.84,95.53,1759.98
6.3319461101120496,837,130,2.34,9.07,4150.50
6.332208097917116,173,103,2.90,11.38,36.56
6.333259663269105,998,587,0.76,2.76,113.77
6.3347219379306425,101,341,3.67,16.19,27.25
6.335044014336547,632,919,9.74,41.69,182.51
6.335398476829013,703,504,14.73,59.15,87.99
6.335706945099758,816,771,10.35,42.98,173.10
6.338029611926309,586,878,8.71,32.66,36.77
6.339623251738294,589,888,22.38,94.13,210.95
6.339963900324635,134,587,64.51,255.48,178.28
6.341261066710782,706,560,5.49,20.53,1993.77
6.341365435709632,47,618,24.47,96.38,731.67
6.341880899838838,258,555,10.64,42.37,75.44
6.342311708584046,413,560,18.49,77.04,2012.26
6.3434262352541335,782,162,11.93,43.64,91.47
6.3443934022634805,124,114,26.92,111.17,678.14
6.344623362507263,134,857,51.23,204.25,110.76
6.344716303520213,148,873,16.98,65.50,412.80
6.345085037311091,797,854,9.92,40.44,146.91
6.34752281001129,893,560,16.03,62.02,2028.29
6.348326363831002,346,712,5.12,21.14,120.22
6.349930156515965,389,855,13.75,53.71,2230.40
6.35055896268465,447,258,20.04,84.28,62.41
6.351265467498963,980,266,1.09,4.38,52.71
6.351726512263645,234,360,1.33,6.15,19.03
6.352446316710338,45,743,3.57,12.58,326.28
6.35281139693959,136,949,5.79,23.20,229.95
6.353732753284542,915,438,0.23,0.86,138.89
6.354205149860759,608,334,11.16,43.72,288.29
6.355233041539737,181,486,8.53,36.15,244.18
6.356322939753754,575,964,5.75,24.09,22.74
6.358138925962287,527,636,0.00,0.00,70.95
6.35945330529024,401,951,2.86,11.03,53.82
6.360780377778583,606,187,20.48,80.28,572.56
6.364296559024536,866,984,15.43,59.28,94.57
6.365208940173724,78,438,16.19,63.77,155.08
6.366998224960189,767,698,15.10,61.24,233.12
6.367859221769746,604,741,1.05,3.79,48.67
6.367948985342047,904,886,4.64,17.88,61.96
6.3684277538572145,95,75,9.75,37.90,103.03
6.370601042822206,540,466,15.65,64.29,106.88
6.370947895695591,915,108,0.21,0.65,1760.19
6.371053087900781,980,108,0.96,3.42,1761.15
6.371391548243578,659,640,8.05,33.07,88.80
6.371607147694737,66,722,15.00,60.84,171.76
6.372300785257927,315,270,30.40,120.06,252.44
6.37329740768025,57,774,8.89,37.55,216.74
6.374216159564812,396,238,11.71,47.93,52.74
6.375203138086486,183,268,6.42,26.36,62.53
6.37550921026331,564,325,21.51,87.06,235.45
6.3770500764571265,654,201,51.35,206.26,63.59
6.377896131045679,919,410,36.72,145.79,166.20
6.377946784427472,916,854,28.02,112.55,174.93
6.381493933072486,235,974,10.25,38.34,62.37
6.383514086495461,326,713,10.79,41.35,30.56
6.384906364552551,122,259,16.10,62.33,836.09
6.385681435173444,812,909,9.54,39.84,111.54
6.387938172511968,417,855,2.93,11.15,2233.33
6.388645882949049,94,113,9.89,42.18,127.37
6.3900436179871605,207,657,27.90,111.44,219.25
6.3905797002317,445,855,13.86,53.24,2247.19
6.390914613705739,667,578,1.65,6.80,551.58
6.392684073200652,274,338,16.15,69.58,130.77
6.393687458080554,462,552,5.37,22.07,70.98
6.393904512194793,667,934,1.39,5.41,31.20
6.394695019292892,654,940,40.73,165.53,167.86
6.3948628948827935,5,161,1.32,5.30,42.16
6.39488821452644,821,560,18.19,72.74,2046.48
6.39589035118903,622,750,1.14,4.42,70.19
6.3961019436964675,74,712,26.49,109.06,146.71
6.397609070524988,373,560,22.40,88.12,2068.88
6.399418942998641,571,806,9.81,39.78,76.54
6.400144492078008,815,13,9.80,38.98,246.51
6.401057671045168,480,259,70.13,283.20,906.22
6.401956569292204,523,311,23.41,92.72,238.55
6.403725686566558,625,422,21.70,86.24,96.10
6.408806708535368,770,237,28.63,112.60,86.41
6.40888712906287,637,514,21.45,85.49,223.61
6.411332829086463,810,855,8.99,36.83,2256.18
6.413132548870638,624,193,9.95,40.57,176.44
6.416284439751666,544,396,6.59,25.90,54.52
6.418854066318276,409,401,0.19,0.80,11.22
6.422291243582344,51,295,30.85,123.73,46.32
6.422362114874647,237,87,17.37,69.04,39.71
6.422802888185685,773,855,16.40,66.68,2272.58
6.4231125634515935,377,757,30.27,128.42,146.90
6.42439004210484,624,879,8.18,32.39,80.43
6.426942637721076,118,142,24.16,99.67,54.60
6.4272049703905925,388,492,16.66,65.05,100.76
6.430993866758746,689,151,17.78,73.97,124.83
6.431357078719581,409,607,0.15,0.65,87.49
6.4360383378622705,653,108,11.15,46.50,1772.30
6.437295653167378,984,771,19.10,75.47,192.20
6.439140953704589,620,330,6.14,24.38,37.99
6.440215500917034,33,949,28.40,110.73,258.35
6.441374659276519,18,60,7.21,28.88,93.40
6.443218945531973,245,980,1.87,6.98,5.29
6.444039496357185,269,674,14.33,57.81,230.88
6.4440658500186805,802,704,2.16,9.47,80.10
6.445844080543419,862,134,98.14,396.67,302.39
6.446395218602657,612,456,11.20,43.63,54.78
6.446966515986158,955,901,39.84,158.02,194.32
6.447697256894813,430,207,9.98,39.96,121.42
6.4502097067825614,990,409,16.21,67.49,16.86
6.45289613048664,438,334,30.47,124.61,318.76
6.453310304836773,708,97,24.57,94.91,147.47
6.453545248821137,942,268,10.07,40.30,72.60
6.454558930508974,453,411,36.63,144.01,456.65
6.454748873946555,812,831,8.00,31.84,214.16
6.4600601007597,196,529,6.64,27.63,27.69
6.461364024618001,527,108,0.00,0.00,1772.30
6.462749013560002,114,7,134.80,543.34,222.47
6.46276380744284,302,577,18.61,74.76,68.91
6.462955174826168,523,86,18.54,74.18,83.73
6.463306197607238,409,461,3.20,13.66,54.62
6.463309056927392,156,425,23.86,96.87,49.78
6.4654122588491605,540,232,12.74,51.55,83.41
6.466162574708155,645,147,7.29,30.33,140.12
6.466862526162727,409,47,2.59,11.07,98.97
6.467283977988639,781,600,5.88,22.70,135.08
6.467747031020709,530,968,20.64,83.47,56.17
6.469273277041742,115,847,1.86,6.73,44.84
6.469994322787532,914,705,1.22,4.60,380.28
6.473224164545028,578,917,108.45,443.13,215.18
6.474827169318925,672,589,1.05,4.44,95.18
6.474907610228861,853,213,11.14,42.94,59.38
6.4768003818774185,454,130,25.83,103.59,4176.33
6.4783764318195916,195,477,17.48,68.97,560.67
6.478653995008045,80,855,15.93,64.48,2288.51
6.478654346756228,223,698,10.68,46.75,243.80
6.479514643028987,76,413,5.78,21.06,82.82
6.479903225046703,780,560,17.53,70.69,2086.41
6.483822967139904,784,84,0.02,0.04,563.20
6.486203992408981,985,21,14.62,62.18,108.26
6.4866044496824316,891,465,4.27,16.99,133.13
6.4869628258185905,510,669,5.53,21.50,111.42
6.490658863297766,625,467,16.81,69.43,21.02
6.491084378114273,721,578,3.00,11.61,446.13
6.492006754390576,636,394,14.12,56.83,143.34
6.492029022917616,630,735,9.18,36.65,117.53
6.492158603399519,637,942,16.72,68.77,57.02
6.4921650555913715,146,33,17.86,68.41,128.59
6.493891772499429,899,92,14.57,60.21,219.57
6.495957068396783,199,263,28.59,113.88,227.79
6.496536177947438,767,618,12.00,49.24,743.67
6.497841431164896,738,259,21.29,84.98,927.51
6.498111310238662,430,905,8.13,31.83,108.39
6.49943328524225,995,560,17.13,69.88,2103.54
6.502250890050622,957,378,15.70,61.77,110.67
6.502501883230193,364,728,9.69,40.93,127.20
6.5059776102236455,401,723,2.08,9.14,7.87
6.508002349471047,609,700,20.21,79.89,117.43
6.508203792222093,670,284,31.73,128.08,214.47
6.508798121290353,218,560,6.94,27.94,2110.48
6.5113830257415755,550,130,14.90,61.90,4191.23
6.511415913360322,103,952,7.12,29.44,162.45
6.5134353795817805,949,224,51.55,206.80,125.92
6.51351187188727,684,999,14.99,59.62,128.22
6.513655741460711,878,202,7.10,29.67,49.39
6.513934772728525,802,895,1.88,7.59,23.34
6.516393536681422,383,13,147.66,581.93,394.17
6.517908240468694,195,701,13.51,55.46,388.48
6.519364967601239,784,147,0.00,0.04,140.12
6.521029137378036,104,129,9.64,38.03,760.92
6.521071034123636,746,810,33.04,130.28,69.87
6.5222118529096,225,383,7.71,32.18,589.64
6.5238727506866265,232,130,16.52,66.89,4207.75
6.524760029349901,533,560,11.20,43.92,2121.68
6.525141033642471,853,130,8.45,34.49,4216.20
6.525148568667312,667,130,1.01,4.40,4217.21
6.526750192400417,804,560,18.13,71.99,2139.81
6.528810835545212,373,319,18.32,69.80,58.32
6.529825471730301,385,9,0.14,0.53,55.37
6.530146151940799,134,159,59.03,243.36,173.90
6.5311544115362326,385,618,0.09,0.44,743.76
6.5318143443862065,387,309,2.91,10.69,346.88
6.532147610599985,409,832,2.25,8.82,126.94
6.532927424856922,456,284,10.65,44.13,225.12
6.533282342774986,82,560,15.25,58.85,2155.06
6.534806846785928,228,560,17.83,74.04,2172.89
6.535201978913042,181,411,7.10,29.05,463.75
6.537208411136362,794,103,20.88,81.69,50.32
6.537364423565495,712,241,28.73,117.98,53.97
6.538120196222385,859,453,13.57,54.66,157.58
6.538603850213453,376,130,2.80,11.54,4220.01
6.540938303039273,904,505,3.82,14.06,73.27
6.544209226085162,438,187,23.85,100.76,596.41
6.544613967104661,667,855,0.83,3.57,2289.34
6.544961908940823,604,93,0.64,3.15,66.45
6.545180566241597,966,691,35.64,141.31,107.45
6.545403234951098,681,84,8.26,35.24,571.46
6.54550624260617,232,149,13.60,53.29,329.90
6.547779307786824,914,931,0.92,3.68,61.08
6.54826867432683,61,861,12.50,51.95,745.52
6.551302238188672,497,259,11.53,49.66,939.04
6.551396049090545,982,227,25.88,104.62,85.58
6.552254376093053,492,295,20.70,80.06,67.02
6.552668932190402,31,953,4.48,17.68,352.47
6.5534950776645005,123,258,28.32,111.48,90.73
6.553522375140648,784,259,0.02,0.02,939.06
6.554004472573191,645,698,6.32,24.01,250.12
6.555906682773389,740,383,18.25,73.74,607.89
6.555923871737339,171,555,13.96,54.16,89.40
6.557828870338081,226,759,11.30,43.04,108.34
6.5583806774127265,366,486,5.01,20.18,249.19
6.558698587662187,888,60,41.84,169.11,135.24
6.560286490494831,651,381,4.59,18.13,18.65
6.56173042547218,501,466,20.77,83.42,127.65
6.5631087534609325,94,120,8.29,33.89,70.03
6.563569797186556,586,912,6.92,25.74,73.93
6.565303380498646,233,146,30.05,118.97,98.46
6.567599781697367,527,873,0.00,0.00,412.80
6.567766236758084,407,84,8.10,32.99,579.56
6.568701111807585,365,422,15.28,61.65,111.38
6.568719272961974,734,417,26.12,102.19,37.27
6.569906957705991,708,103,19.02,75.89,69.34
6.570096300975468,558,536,3.96,16.88,156.79
6.5703047336196105,356,224,9.92,40.63,135.84
6.570308240035855,66,523,12.90,47.94,87.08
6.57088444910143,975,811,4.24,17.94,58.48
6.571679491418276,304,397,23.44,89.23,310.55
6.572840208699443,916,612,23.13,89.42,66.76
6.572990546592548,634,681,115.34,456.46,150.58
6.575202585985004,623,254,28.96,114.21,150.64
6.575476855323137,786,122,15.97,60.04,78.30
6.5777672577798905,714,745,5.37,21.09,67.85
6.578849953233656,45,264,2.70,9.88,6.53
6.579293536322237,396,988,11.04,43.48,289.65
6.581809740585837,94,495,6.63,27.26,85.66
6.5830082479032335,491,893,15.22,58.85,77.24
6.584157523701456,141,112,16.60,67.52,86.06
6.584327472062173,419,141,5.86,23.42,73.38
6.58549538258213,696,681,5.77,24.72,156.35
6.585710121419102,190,413,11.11,43.47,93.93
6.586534784135288,416,618,5.33,20.93,749.09
6.587041069215448,655,661,21.45,86.83,44.89
6.587204017283023,153,169,17.30,72.40,32.65
6.587977263997406,303,45,11.66,47.36,21.54
6.588015078570738,915,129,0.12,0.53,761.04
6.5912044611326825,710,22,1.05,3.82,300.79
6.59539406227907,828,672,18.48,74.75,22.92
6.595437105402033,390,356,7.99,30.72,48.62
6.5955509267592785,928,785,4.20,17.01,204.12
6.5968241414872155,80,240,13.17,51.31,92.19
6.597694668603107,296,477,0.67,2.18,561.34
6.5978708603911285,764,311,2.08,7.55,240.63
6.597958915886392,710,988,0.79,3.03,290.44
6.5993214742266435,600,259,27.10,107.98,966.16
6.600107273895405,30,64,13.51,53.06,55.27
6.60023777328255,31,267,3.43,14.25,407.96
6.6003081572003,370,540,19.31,77.83,70.86
6.600987976241728,409,22,1.67,7.15,302.46
6.601521462251325,223,130,9.53,37.22,4229.54
6.602360494170826,626,855,5.95,24.24,2295.29
6.603119767542209,339,259,1.17,4.17,967.33
6.604209785961238,940,108,34.27,133.59,1806.57
6.6048730961562825,109,267,5.38,19.87,413.34
6.608766395784674,332,251,16.07,67.99,62.27
6.610929087194238,852,108,43.15,170.79,1849.72
6.613927564729009,194,417,28.43,111.94,65.70
6.614585845067223,102,712,26.91,106.90,144.89
6.615132378977069,0,918,6.23,23.70,96.67
6.617718579897648,543,560,0.31,1.15,2173.20
6.62129318409465,522,477,17.43,71.82,578.77
6.621507328427168,632,374,8.37,33.32,325.60
6.622020490228362,171,411,10.75,43.41,474.50
6.624211969711213,598,187,2.99,12.21,599.40
6.62440560444483,908,665,14.82,58.23,120.79
6.624945362221398,614,776,38.94,151.45,91.43
6.625460628619203,667,766,0.66,2.91,489.30
6.625690577827677,890,71,11.82,45.97,64.38
6.626619569852262,812,101,6.42,25.42,22.61
6.626857188015035,667,270,0.63,2.28,253.07
6.6269549144685245,981,517,5.54,22.90,235.97
6.627133919396252,727,855,24.06,95.13,2319.35
6.6292874977329515,31,867,2.84,11.41,35.85
6.630946428631333,876,346,2.71,11.47,23.85
6.631149496704997,941,870,7.08,27.28,53.80
6.631642097607086,100,663,1.65,6.83,67.56
6.634249826316829,913,584,1.11,4.76,44.39
6.6359041572860376,390,855,6.25,24.47,2325.60
6.636072292269888,404,877,0.00,0.00,67.01
6.636337342699246,937,310,9.43,39.46,55.08
6.636872546064774,75,483,19.77,83.26,115.19
6.637167040230939,809,877,0.24,1.36,67.25
6.637328195203609,667,280,0.39,1.89,72.60
6.638925979004938,429,13,3.93,16.01,398.10
6.639127341076051,205,560,16.56,63.45,2189.76
6.639726161433214,498,855,5.45,23.43,2331.05
6.641756536693078,667,281,0.44,1.45,53.82
6.641975514077709,578,630,89.51,356.62,126.16
6.644298552004535,741,265,10.10,38.57,252.11
6.644671842252351,604,240,0.56,2.59,92.75
6.644750520735227,540,652,14.06,56.80,52.05
6.644920880301897,404,435,0.00,0.00,409.24
6.645979323625854,768,854,13.96,56.66,188.89
6.646694740287524,633,462,21.20,82.47,43.27
6.647524688722809,719,578,7.04,30.42,363.66
6.648186759568484,17,855,23.41,93.05,2354.46
6.648629289918243,856,779,6.94,28.41,57.02
6.649356357906915,481,425,20.39,79.61,70.17
6.649861410605655,261,383,5.55,21.24,613.44
6.650334561885461,511,906,4.64,17.83,46.54
6.6517346774646695,964,703,4.60,18.14,63.75
6.652109850287977,866,794,12.25,47.03,93.94
6.652734659353659,624,618,6.87,25.52,755.96
6.652873009937477,518,331,13.05,53.09,91.41
6.655350463847968,628,305,12.55,49.79,223.42
6.656302718216116,672,951,4.77,18.15,58.59
6.657073077583824,876,953,2.23,9.24,354.70
6.658024235970194,458,612,44.04,175.05,110.80
6.658953031846313,887,955,29.30,115.73,187.32
6.661704747042774,837,942,1.86,7.21,58.88
6.661916396283968,201,648,12.87,50.72,145.05
6.663814025220357,62,129,5.67,22.59,766.71
6.664180886809881,819,130,7.60,30.29,4237.14
6.664785713051531,342,666,2.47,9.69,64.84
6.665488140924166,46,560,23.40,94.70,2213.16
6.665807511093881,48,711,9.72,37.37,95.52
6.666294095910991,918,759,20.13,76.54,128.47
6.66742766815528,537,578,42.77,172.81,406.43
6.670293189155991,598,862,2.26,9.95,398.93
6.6726096271041895,980,578,1.03,4.26,407.46
6.673258579621784,489,187,6.49,23.81,605.89
6.67356243081821,535,129,20.57,83.72,787.28
6.673669160298509,941,296,5.58,21.70,7.76
6.674485385096142,105,60,13.56,54.93,148.80
6.67566528520222,532,364,24.41,97.20,65.34
6.679975619335794,260,98,15.20,60.34,198.81
6.6800508790485935,346,657,4.65,19.20,223.90
6.6806954451814295,519,333,7.65,31.23,161.69
6.681260628634821,779,496,11.34,45.68,111.59
6.682528890794869,539,693,42.33,172.36,98.01
6.685392704695539,794,51,18.40,75.54,142.13
6.686478196726363,18,646,5.49,23.39,68.56
6.687927172278437,130,712,844.86,3392.28,989.75
6.690270611503658,891,187,3.14,13.85,609.03
6.695582455865124,691,969,21.26,86.19,106.72
6.696456566514262,250,766,10.19,39.94,499.49
6.697042049001794,638,383,23.98,96.49,637.42
6.698882289101434,728,766,25.18,102.02,524.67
6.699113806076535,356,861,9.89,38.73,755.41
6.699126927180986,543,618,0.20,0.95,756.16
6.700208006169316,756,985,11.22,41.43,73.40
6.700236870681059,527,108,0.00,0.00,1849.72
6.7011488027612405,226,67,8.64,34.40,69.96
6.702540378203544,89,849,16.17,66.60,75.38
6.702719916856667,151,729,25.08,99.75,74.13
6.703178029978064,857,569,22.16,88.60,172.92
6.7078536484984275,923,855,17.84,68.43,2372.30
6.707945263296139,446,339,12.13,48.80,16.30
6.708012262071108,189,741,21.67,90.03,60.24
6.709365615753325,294,560,2.15,10.00,2215.31
6.709401892814001,365,949,12.50,49.15,219.30
6.711108635149408,641,560,10.82,44.02,2226.13
6.713234615315763,409,803,1.50,5.65,65.13
6.714951382390349,264,335,1.30,5.23,103.56
6.715124691662584,40,295,17.47,70.49,84.49
6.717356322752913,889,814,18.48,73.43,221.86
6.7185819718650155,608,727,8.29,35.43,103.42
6.720410806585917,202,411,10.04,39.35,484.54
6.720764890841533,96,698,14.96,56.51,265.08
6.722119096434102,644,486,4.03,16.88,253.22
6.72303970422414,789,108,11.44,43.03,1861.16
6.723118524220602,809,108,0.32,1.04,1861.48
6.723466335439551,920,333,26.30,107.72,187.99
6.724706447572296,237,705,14.04,55.00,394.32
6.725081801629212,620,289,5.04,19.34,146.53
6.725932285703667,913,191,0.97,3.79,46.50
6.7278098316324435,466,873,25.69,101.96,438.49
6.729265597183739,781,130,4.40,18.30,3396.68
6.729505590491392,451,85,8.10,30.49,74.80
6.7327297121461,786,427,12.28,47.76,29.01
6.7329921114866975,922,63,17.10,69.61,52.38
6.734834763487861,590,40,6.43,24.54,76.92
6.736101367634497,955,409,36.42,150.90,42.07
6.736419558372931,525,688,16.00,64.07,60.41
6.737752265603423,178,555,3.04,10.99,92.44
6.7389220491927855,980,130,0.83,3.43,3397.51
6.740143961414062,232,486,10.40,42.89,263.62
6.741922993469952,767,915,9.77,39.47,10.30
6.745361235406282,335,376,20.79,82.77,32.33
6.746479401820299,852,705,33.03,137.76,427.35
6.746574305888447,214,130,8.81,34.79,3406.32
6.747944889044437,384,249,57.79,229.18,290.92
6.749595112447367,943,923,9.41,37.71,77.84
6.74994488794295,694,133,18.53,73.26,286.05
6.750696411712681,760,843,12.19,47.72,86.10
6.751728816507231,456,560,9.08,35.05,2235.21
6.754188605014766,59,343,23.46,93.71,132.20
6.755039029899157,622,344,0.93,3.49,171.25
6.755283782394818,100,22,1.45,5.38,303.91
6.756091977867078,91,560,6.07,22.77,2241.28
6.757737070319531,804,824,14.06,57.93,104.49
6.758350622665523,44,46,2.69,9.54,97.39
6.758531433069713,359,556,22.89,91.12,155.88
6.760588534574625,434,543,16.12,62.57,17.07
6.760990439886128,809,162,0.20,0.84,91.67
6.76202817853199,64,386,10.74,44.53,47.15
6.762445487297815,5,255,1.01,4.29,17.79
6.762761901359568,82,374,11.72,47.13,337.32
6.763583356657104,622,108,0.69,2.80,1862.17
6.763690323315162,812,696,5.54,19.88,30.26
6.766783979385674,409,618,8.84,33.23,765.00
6.766826147637863,892,110,13.66,56.85,113.66
6.767018131392882,638,618,19.07,77.42,784.07
6.768146287856926,667,383,0.32,1.13,637.74
6.7691537438546625,667,301,0.21,0.92,135.95
6.770053269937696,896,955,11.91,48.51,162.81
6.771776609498409,385,511,0.10,0.34,17.93
6.77178352309425,456,778,6.92,28.13,65.62
6.7733309747591814,465,701,26.88,106.25,415.36
6.773566119925731,250,883,8.07,31.87,80.74
6.7739325685479805,710,252,0.65,2.38,54.33
6.7757284404820535,924,685,17.93,72.93,44.00
6.7759344910699175,447,701,16.60,67.68,431.96
6.776358013366986,476,855,9.17,36.55,2381.47
6.777835012665982,660,108,18.26,69.03,1880.43
6.778257840747283,90,485,13.12,50.85,101.91
6.779008853478829,309,317,70.13,276.75,131.67
6.7827978654022845,357,63,7.41,29.54,59.79
6.783278923248778,5,855,0.84,3.45,2382.31
6.783441927257746,714,918,4.07,17.02,80.61
6.78462529131522,233,26,24.20,94.77,253.64
6.784635990633035,330,755,7.47,30.52,99.86
6.786194835081439,691,944,17.31,68.88,182.07
6.7869896671809595,764,309,1.38,6.17,278.13
6.788454564994147,539,267,33.44,138.92,446.78
6.78857882015017,637,411,13.90,54.87,498.44
6.788612289692989,752,550,56.07,221.03,117.97
6.793322855250158,858,872,10.15,38.98,73.79
6.79378315961586,856,908,5.61,22.80,63.84
6.7949145883441915,323,122,9.25,36.24,87.55
6.799987819825401,467,428,4.55,16.47,36.98
6.8025129245509435,998,275,0.60,2.16,55.85
6.804955817833822,533,855,9.00,34.92,2391.31
6.808493302235856,735,734,23.34,94.19,125.53
6.810636705993647,837,578,1.30,5.91,408.76
6.811597405215052,226,107,7.03,27.37,82.02
6.8149636535026,393,855,5.11,19.96,2396.42
6.815412939279673,183,592,5.31,21.05,183.60
6.816413966031882,570,84,11.19,43.02,590.75
6.819825961752723,812,399,4.10,15.78,38.31
6.8204532037670385,381,712,3.89,14.76,993.64
6.820550198717955,513,665,21.78,89.01,142.57
6.821222628648094,676,463,16.62,64.65,110.06
6.822220906259077,966,824,28.41,112.90,132.90
6.824124079532127,571,368,7.50,32.28,55.85
6.824419206886729,498,482,4.66,18.77,152.33
6.8265076352722645,201,766,10.50,40.22,535.17
6.828048398333426,478,955,16.90,66.00,179.71
6.828260451573624,430,977,6.63,25.20,232.34
6.828514160665595,687,739,1.22,5.18,87.44
6.8289142026958585,325,257,46.53,188.92,89.13
6.831715158647664,613,309,5.02,21.05,283.15
6.832694530751576,419,292,4.90,18.52,46.26
6.83278189697269,432,538,1.63,6.48,100.07
6.836836524202697,845,309,11.87,49.95,295.02
6.837112052401624,612,73,22.04,88.76,181.54
6.837418182670142,246,458,6.74,28.62,181.79
6.838938316342318,267,311,90.10,356.68,330.73
6.840311984415871,372,814,6.48,27.40,228.34
6.840315152141988,129,972,156.29,630.99,225.11
6.8409787824024475,435,877,80.44,328.80,147.69
6.841522252966393,966,263,22.14,90.76,249.93
6.843651967843309,915,37,2.05,8.25,44.73
6.8438427457535775,438,578,20.37,80.39,429.13
6.84461315723525,882,54,1.41,5.36,52.81
6.845130006762819,984,98,15.67,59.80,214.48
6.846014366309711,492,177,15.51,64.55,16.05
6.846284011476221,246,985,5.48,23.14,78.88
6.846751289101514,612,516,17.20,71.56,124.96
6.848750475652976,633,415,16.38,66.09,82.52
6.849403550447845,196,465,5.89,21.74,112.14
6.851640408561324,775,298,0.90,3.88,43.06
6.852323475790758,397,995,61.98,248.57,131.86
6.852557948040522,809,884,0.18,0.66,59.13
6.854554097058795,710,701,0.55,1.83,432.51
6.8550390015359985,527,712,0.00,0.00,993.64
6.8565932652445865,42,214,23.80,99.41,58.59
6.857091192463848,910,749,2.54,10.38,17.27
6.857714269702517,721,955,2.34,9.27,182.05
6.858707263382435,540,141,11.34,45.46,84.72
6.8597453575873075,956,529,5.22,20.33,32.91
6.861196041918928,296,102,1.59,6.17,108.49
6.862365377363622,816,671,8.46,34.52,86.03
6.862461885371394,749,108,3.58,13.69,1884.01
6.862715949581895,985,301,15.67,63.21,151.62
6.865296622405473,181,949,5.66,23.39,224.96
6.86578830882026,527,855,0.00,0.00,2396.42
6.867236832259679,390,942,4.51,19.96,63.39
6.869021309495944,923,130,15.90,61.94,3422.22
6.869478612782067,604,477,0.50,2.09,579.27
6.870464745820482,856,694,4.56,18.24,77.82
6.87339897148359,409,560,6.92,26.31,2248.20
6.874862353341354,905,388,20.93,87.46,85.98
6.875746135018751,907,84,14.31,56.55,605.06
6.877178687958189,596,713,13.37,54.00,43.93
6.877997140925398,631,955,17.25,70.41,199.30
6.878694146865858,173,384,2.30,9.08,231.48
6.87923030047777,449,130,13.72,55.04,3435.94
6.879623719339345,800,80,0.87,4.34,52.18
6.880301939360418,713,128,8.75,35.18,114.35
6.880396957320809,710,840,0.38,1.45,92.52
6.883404241452734,910,705,1.96,8.42,429.31
6.883735076757847,256,560,3.05,11.93,2251.25
6.883812313474632,543,486,3.26,13.81,266.88
6.885305577464071,583,302,8.24,31.91,83.00
6.885653107556977,79,26,7.76,31.08,261.40
6.885686421478294,948,950,1.15,4.20,190.69
6.8864304313024105,719,162,6.03,24.39,97.70
6.887031415619548,417,477,13.11,52.59,592.38
6.887272130159094,99,812,3.62,15.12,19.40
6.887537506484719,317,592,26.59,105.08,210.19
6.888146129633451,496,634,22.21,89.38,478.67
6.888828691326816,90,63,9.83,41.02,69.62
6.888974630075632,534,130,25.79,105.63,3461.73
6.8906081466390425,674,177,46.01,184.87,62.06
6.891366752408554,768,501,11.25,45.41,94.67
6.892512067173671,150,851,22.58,90.64,88.23
6.892893198480029,389,855,10.79,42.92,2407.21
6.892982124339562,947,187,21.56,87.51,630.59
6.893151433021199,34,855,8.23,31.60,2415.44
6.893240879414228,809,578,0.17,0.49,429.30
6.8965864706581925,93,415,12.87,53.58,95.39
6.89751343731991,41,662,12.69,52.69,105.87
6.897840258791067,685,980,8.85,35.15,12.28
6.900817579134455,838,48,16.52,64.34,53.89
6.901010094011687,544,96,5.01,20.89,61.52
6.90242586969297,954,134,2.01,8.84,245.37
6.902678694435048,16,977,19.93,78.11,252.27
6.903210856804145,201,676,8.13,32.09,72.78
6.903559471563794,404,907,0.00,0.00,56.55
6.904752047294739,795,943,7.91,30.30,45.62
6.905130962356153,973,972,2.01,8.63,227.12
6.905142896070199,837,634,1.21,4.70,479.88
6.90667029876341,749,156,2.99,10.70,99.86
6.90936245832418,99,319,3.30,11.82,61.62
6.909896473234376,884,228,11.65,47.48,85.69
6.910310256216259,667,904,0.14,0.78,14.20
6.9121005930165555,527,698,0.00,0.00,265.08
6.913222073757681,987,944,22.92,94.91,204.99
6.914623255259071,319,364,12.16,49.46,77.50
6.916782648076978,515,592,9.04,32.89,219.23
6.918326605776788,982,537,21.27,83.35,194.08
6.918374168407208,881,192,16.63,64.50,171.65
6.9195330129846955,12,435,23.91,95.23,352.71
6.921276135752808,398,506,11.86,50.36,102.18
6.9226373924028355,466,762,20.26,81.70,71.77
6.92297476179935,533,449,6.94,27.98,61.98
6.923064064662515,687,125,1.11,4.07,58.28
6.92331399258592,404,406,0.00,0.00,259.42
6.9236056955174785,949,770,45.14,179.82,157.74
6.92406396942911,985,954,12.71,50.50,21.55
6.9243438171116924,66,914,9.51,38.43,13.19
6.9244183744738335,863,618,8.48,33.38,792.55
6.925316238891595,598,108,2.02,7.93,1886.03
6.926285550489991,577,971,14.03,54.88,293.69
6.9285156942042745,404,383,0.00,0.00,637.74
6.929384388924183,763,132,15.59,62.66,78.95
6.929906528624217,671,477,17.64,68.39,610.02
6.930302277157825,974,65,12.47,49.90,201.92
6.930411987973477,550,637,24.61,93.36,79.48
6.9315388111621825,411,955,99.61,398.83,298.91
6.931677037011667,981,315,4.71,18.19,124.77
6.9330533755888855,235,898,7.63,30.71,68.55
6.933286778353909,638,691,15.26,62.16,84.14
6.933528712850815,622,531,0.65,2.15,50.52
6.934170747314388,516,201,24.91,100.05,57.00
6.934219703471365,409,154,5.13,21.18,130.51
6.938250222894872,388,458,17.08,68.90,198.87
6.93926655803942,876,240,1.78,7.46,94.53
6.941768763796403,177,685,12.68,49.38,47.83
6.942987536930695,949,180,36.17,143.65,75.17
6.9441912148310845,575,377,4.88,19.21,133.30
6.944396436251979,46,130,19.74,77.65,3481.47
6.944505542962089,136,578,4.41,18.79,433.71
6.944676837411415,913,730,0.72,3.07,172.34
6.947651707648245,467,862,3.31,13.16,402.24
6.950705167244406,404,458,0.00,0.00,198.87
6.951236304514799,913,104,0.60,2.47,38.63
6.953886936489171,2,553,1.12,4.67,27.35
6.955132013687825,180,103,15.03,60.14,84.37
6.956200152089526,151,436,19.96,79.79,70.85
6.957386866507063,134,828,49.44,195.93,124.19
6.957615548533829,662,766,21.00,84.87,556.17
6.958659056578324,142,540,11.28,43.32,56.74
6.963891273930598,230,444,26.45,106.22,46.97
6.964455745316402,667,560,0.16,0.62,2251.41
6.964862437206588,439,383,73.25,294.92,710.99
6.965195606809426,404,3,0.00,0.00,32.90
6.965599250258916,234,344,1.21,4.94,172.46
6.967389440223666,727,873,19.92,83.50,458.41
6.969153043536208,809,631,0.07,0.42,70.48
6.969943354581856,527,405,0.00,0.00,6.72
6.970117547227446,710,682,0.18,1.27,106.29
6.971307902445787,737,130,13.31,51.33,3494.78
6.971813798328727,246,938,4.59,18.55,18.41
6.972484867489539,145,207,8.94,36.80,130.36
6.972680193858079,875,766,5.24,21.02,561.41
6.972943876033776,944,333,40.56,164.43,228.55
6.97357518418538,598,328,1.50,6.43,105.55
6.974371964153586,435,130,69.59,283.12,3564.37
6.974897084318461,296,709,1.08,5.09,39.22
6.9750799185252745,672,108,3.71,14.44,1889.74
6.977654950459775,802,187,1.40,6.19,631.99
6.979095438998501,375,634,14.16,59.20,494.04
6.979467508506529,44,318,1.94,7.60,291.97
6.981173777198763,487,754,13.31,56.10,48.74
6.982069237863466,995,129,26.60,105.26,657.59
6.982840769488002,656,383,12.71,49.30,723.70
6.9851661648387005,3,236,6.62,26.28,82.44
6.985766377167807,762,259,14.36,57.41,981.69
6.986017312798909,998,611,0.41,1.75,48.62
6.986884044455569,213,257,12.06,47.32,101.19
6.988024367639577,520,560,14.40,56.51,2265.81
6.991282407606465,223,349,7.77,29.45,174.06
6.9918995836419615,11,412,1.86,8.63,83.46
6.9919412097265194,955,318,59.89,239.02,351.86
6.993303051915494,400,477,15.15,59.29,625.17
6.9937243913706855,171,578,8.82,34.59,442.53
6.994312087065086,58,446,15.14,58.63,63.94
6.99500722335225,231,263,25.44,102.20,275.37
6.995915291546073,470,248,32.74,129.01,174.92
6.99689159960144,543,320,2.72,11.09,15.01
6.9994497351606855,456,538,5.42,22.71,105.49
7.0028310588518945,710,113,0.30,0.97,127.67
7.004567420135535,955,79,47.39,191.63,78.47
7.006805866077373,296,108,0.98,4.11,1890.72
7.007598019099454,244,22,8.26,32.38,312.17
7.0107878619892166,332,427,13.56,54.43,42.57
7.0110699648120045,477,453,123.88,501.29,281.46
7.012242566254941,626,732,4.79,19.45,79.06
7.01258744265266,710,578,0.14,0.83,442.67
7.015009746618115,927,311,7.65,29.01,338.38
7.017242175371278,458,766,39.18,159.69,600.59
7.0177949292840935,768,932,8.94,36.47,60.15
7.019681524454717,293,246,42.77,168.27,61.32
7.020245122314855,998,389,0.37,1.38,43.29
7.021221032069195,536,134,30.95,125.84,226.88
7.0236781173695215,744,851,44.84,180.76,133.07
7.0237098999380505,665,333,28.14,114.43,256.69
7.024599072164108,635,108,23.85,93.89,1914.57
7.026409952023039,667,553,0.14,0.48,27.49
7.027443210312296,80,592,10.39,41.79,229.62
7.028755255044357,619,108,22.92,88.67,1937.49
7.030200072223294,173,477,1.70,7.38,502.99
7.030403575339259,827,743,6.89,29.73,333.17
7.030924660496777,814,374,45.50,182.84,382.82
7.0310853879171535,726,41,24.90,97.72,77.59
7.032048878499176,985,284,9.60,40.90,234.72
7.032314688306771,598,746,1.19,5.24,131.47
7.032493816158273,103,828,16.55,67.82,140.74
7.034438234662872,564,904,17.61,69.45,31.81
7.035031958851856,705,649,86.77,342.54,246.17
7.035543731900441,192,276,34.79,136.86,144.64
7.035656876809781,239,906,15.36,59.54,61.90
7.036370344404303,376,953,6.51,25.82,361.21
7.036838151330423,613,130,4.18,16.87,3568.55
7.038770559124063,346,952,3.81,15.39,166.26
7.039784895207993,29,130,6.18,24.06,3574.73
7.0398416546382485,593,829,11.58,48.19,205.84
7.041692110666897,456,134,4.41,18.30,231.29
7.04169956494871,419,699,3.82,14.70,82.69
7.0423144859633435,844,383,3.60,14.86,727.30
7.042374457739297,384,705,45.85,185.63,388.39
7.04542282432698,651,701,3.41,14.72,435.92
7.045715412204156,458,339,32.18,127.51,48.48
7.046103019267403,46,398,15.84,61.81,66.20
7.0514769543614975,926,784,16.25,64.86,16.27
7.0520951176120965,656,284,9.96,39.34,244.68
7.0528032810242784,190,113,8.57,34.90,136.24
7.055096809637674,866,100,9.47,37.56,14.85
7.055292073781834,72,779,4.22,17.98,49.90
7.056434493523004,16,501,15.38,62.73,110.05
7.05658180714495,467,691,2.66,10.50,86.80
7.057015762966422,859,378,11.01,43.65,121.68
7.057387384877145,914,745,2.73,10.46,70.58
7.0574421398791625,812,225,4.00,15.40,36.18
7.05776353984463,553,115,5.64,21.85,12.37
7.057799064437401,794,411,14.94,60.60,413.77
7.0598563543640465,866,383,7.37,30.19,734.67
7.061027855990264,402,130,35.05,137.25,3609.78
7.0625046387631585,559,815,33.31,130.05,72.29
7.063496569277208,812,861,3.34,12.06,758.75
7.065910352027188,655,725,17.41,69.42,91.02
7.067010439164318,149,855,66.61,263.29,2482.05
7.067870428424382,723,119,1.40,6.47,193.22
7.068023116322348,703,855,12.25,51.50,2494.30
7.068637265573704,877,892,28.35,119.34,85.20
7.069981715233617,679,556,12.80,51.16,168.68
7.070371602854374,541,60,6.33,26.10,155.13
7.070744967079093,224,114,26.50,109.34,569.84
7.071727734489732,502,827,2.02,8.96,31.75
7.072334714394234,165,919,46.13,181.48,191.92
7.073286859714523,404,609,0.00,0.00,79.89
7.073462357564892,409,872,3.94,17.24,77.73
7.075049341764905,419,247,2.91,11.79,75.50
7.076564227711955,940,787,25.70,107.89,77.10
7.076625134188797,140,758,15.97,66.80,151.89
7.077981774508078,290,173,7.31,27.57,14.69
7.07828970747974,540,653,11.70,45.04,58.20
7.0793198727634294,592,321,45.55,184.07,66.66
7.079505336307181,949,334,28.75,114.90,347.51
7.081711742834723,177,792,9.59,39.79,87.14
7.081787568521609,169,159,5.99,26.66,179.89
7.085078671783948,672,855,3.21,11.23,2497.51
7.085895418351374,995,578,21.11,84.15,463.78
7.08847395760462,41,82,15.51,62.08,62.64
7.0890172722381655,681,20,31.69,124.66,87.99
7.09010299511476,528,248,10.17,41.23,185.09
7.09203734005607,536,855,25.16,100.68,2522.67
7.092507641150638,441,955,16.15,66.72,207.78
7.092807258573277,598,634,0.98,4.26,495.02
7.093504186273685,405,436,1.28,5.44,72.13
7.094668935668471,404,600,0.00,0.00,107.98
7.09521388679592,536,888,20.03,80.65,189.14
7.095230813238568,184,715,4.28,17.37,45.63
7.096139332620261,894,60,15.35,60.68,170.48
7.097062715733048,5,560,0.54,2.91,2266.35
7.098022640515229,409,130,3.67,13.57,3613.45
7.098398159535543,307,149,17.53,66.32,280.82
7.098620658006807,599,259,4.97,20.86,986.66
7.099635508357408,641,307,9.21,34.81,75.53
7.100705634235642,866,259,5.91,24.28,992.57
7.100970120010638,520,130,11.81,44.70,3625.26
7.101550630941684,520,147,8.85,35.85,148.97
7.1019366424347625,206,560,6.88,28.72,2273.23
7.10202300622831,341,440,5.72,21.53,43.32
7.103070090604828,944,692,33.27,131.16,129.61
7.103174198058455,812,640,2.14,9.92,90.94
7.103591692040827,446,804,12.39,51.55,70.32
7.1056993306084415,345,199,3.78,15.26,117.66
7.1064929972136275,970,431,14.23,55.60,49.90
7.107006753409045,699,966,16.70,65.99,107.46
7.107331238033935,908,570,13.04,50.80,56.06
7.109373642438113,809,861,0.05,0.37,758.80
7.1103723315731555,157,477,12.92,53.09,515.91
7.111322515554372,849,113,14.46,60.92,150.70
7.1122153223695825,315,130,25.23,99.54,3650.49
7.112503620072651,264,82,0.99,4.24,63.63
7.1127952259246285,20,862,17.21,70.78,419.45
7.116531513350411,70,267,20.81,84.60,377.49
7.116994216979315,839,612,17.06,67.97,88.62
7.1170300534683895,980,84,2.34,9.94,607.40
7.117566503757583,642,634,15.68,60.54,510.70
7.119446725431159,61,486,10.22,41.73,277.10
7.1196435123121145,920,108,22.23,85.49,1959.72
7.119652337616909,223,691,6.04,23.41,92.84
7.120567781893648,177,130,7.72,32.07,3658.21
7.120665389694329,812,131,1.94,7.98,38.94
7.120674278891535,543,255,2.30,8.79,20.09
7.121138914926767,181,752,4.60,18.79,225.63
7.121221955682312,279,618,5.34,21.18,797.89
7.122317847491773,754,971,10.42,38.32,304.11
7.123586613071686,333,632,51.94,204.75,85.26
7.123885557059765,339,141,9.55,38.93,94.27
7.124731842826631,923,482,12.56,49.38,164.89
7.124780084763524,56,860,42.13,168.35,219.21
7.125123658502536,411,618,84.06,329.71,881.95
7.126411480166716,82,730,12.73,50.90,185.07
7.127909213100582,201,124,11.39,45.61,122.56
7.128265858927752,100,134,2.82,12.03,234.11
7.130304948462031,788,855,11.75,44.52,2534.42
7.130377055994255,643,753,9.94,39.50,38.91
7.130534922895135,360,84,3.96,15.07,611.36
7.130561147618294,150,919,17.63,73.01,209.55
7.133088002160493,892,297,16.53,68.67,89.76
7.134723369766166,891,675,3.07,10.78,109.95
7.135048284357034,462,663,9.14,34.13,76.70
7.13533747859319,882,103,0.98,4.38,68.80
7.136895977504482,570,628,10.79,45.27,60.58
7.137135921935679,404,858,0.00,0.00,38.98
7.137172579658196,686,187,17.10,67.27,649.09
7.138228230922577,672,971,2.25,8.98,306.36
7.138401295104411,998,227,0.26,1.12,85.84
7.139748438811042,103,134,13.76,55.04,247.87
7.140536240889851,563,185,25.44,100.80,124.48
7.140616071212483,456,618,3.63,14.67,885.58
7.14336676090052,842,445,18.16,70.09,71.40
7.143499325594385,126,393,5.31,20.47,25.27
7.145516072134463,50,84,34.71,135.22,646.07
7.146546735060564,461,333,11.05,43.57,215.80
7.146820389121407,256,350,2.56,9.37,52.02
7.1469653019003525,501,259,21.82,88.23,1014.39
7.147628608474112,711,766,19.25,76.27,619.84
7.147838821018677,830,187,4.63,18.88,653.72
7.148762641945461,433,675,13.09,49.75,123.04
7.1488505516672864,63,65,14.23,55.39,216.15
7.148988340972493,8,560,12.12,48.74,2285.35
7.149544578688952,444,13,9.23,37.74,407.33
7.150903272981503,139,690,24.81,98.69,73.96
7.1516061919939915,31,130,2.52,8.89,3660.73
7.15238842228723,875,679,4.20,16.82,55.36
7.1554381734492125,861,129,151.94,606.86,809.53
7.15766037527673,42,815,20.24,79.17,92.53
7.158378173850819,825,335,13.31,52.38,96.08
7.159113993170333,304,948,17.88,71.35,22.08
7.15986954998284,175,773,13.95,56.69,80.63
7.161920085038112,678,285,14.78,60.03,188.33
7.16286130362319,895,855,4.84,18.50,2539.26
7.16316591323983,249,130,57.76,233.16,3718.49
7.1659546948214885,557,899,14.39,59.53,74.60
7.168918440321216,784,548,3.41,12.86,16.49
7.170108772078769,462,193,6.93,27.20,183.37
7.172993215079828,215,130,20.40,78.56,3738.89
7.173746353360625,429,560,3.13,12.88,2288.48
7.175322267126137,953,655,72.21,289.00,141.63
7.175449380174381,380,108,11.28,43.92,1971.00
7.177783074013577,131,283,8.02,30.92,240.93
7.17810300131433,676,953,14.16,58.62,303.16
7.178371837391163,520,977,7.27,28.58,259.54
7.179867819299085,4,257,8.48,34.12,109.67
7.179874307377657,793,65,16.45,68.69,232.60
7.180660171836451,566,234,5.80,22.69,10.74
7.183388908279293,950,453,37.82,152.87,319.28
7.184007408462398,228,588,16.65,69.04,185.90
7.184014658165486,320,435,3.04,11.97,286.16
7.184655254731305,66,909,7.88,30.55,119.42
7.184812500595968,714,277,3.31,13.71,35.40
7.185586232283871,173,909,3.10,11.59,122.52
7.188970902295122,667,176,0.14,0.34,153.07
7.189901332278143,549,187,15.18,63.06,668.90
7.189909495454758,429,130,2.74,10.14,3741.63
7.199183792656564,913,798,0.39,2.08,53.02
7.1992297640473115,913,458,0.46,1.62,127.97
7.199603817957899,598,857,0.82,3.44,89.42
7.199846584362835,592,580,37.20,146.87,200.84
7.201193852012087,292,560,9.29,36.97,2297.77
7.202619378411565,907,861,11.38,45.17,618.24
7.202916775919458,498,257,3.74,15.03,113.41
7.204140005263941,739,349,17.49,69.95,191.55
7.204322964431591,177,108,6.43,25.64,1977.43
7.204386078316147,100,855,2.57,9.46,2541.83
7.205127088534951,401,108,1.79,7.35,1979.22
7.205154622538855,938,560,3.53,14.88,2301.30
7.205747061279354,355,855,6.80,26.28,2548.63
7.2057606100536855,568,442,18.72,72.27,79.26
7.205910476846997,590,701,5.02,19.52,440.94
7.2067272264415925,486,947,57.14,219.96,144.65
7.210715406836336,752,198,44.86,180.77,136.73
7.211440884767046,104,681,7.96,30.67,132.62
7.212588934458511,593,74,10.03,38.16,119.09
7.2131627879115605,584,130,9.08,35.31,3750.71
7.21736084151188,440,594,8.42,34.90,84.77
7.217668185109652,22,408,62.33,249.84,197.29
7.218209575741214,409,755,2.64,10.93,102.50
7.218230879489362,306,722,18.97,72.13,190.73
7.220749981542113,628,383,12.20,48.38,746.87
7.220805836164651,276,84,29.98,114.66,676.05
7.222706172444834,298,861,7.85,35.21,626.09
7.223427469296088,812,578,1.70,6.28,465.48
7.223849930800883,944,482,26.39,104.77,191.28
7.225555323292736,339,855,7.64,31.29,2556.27
7.226918040895471,877,435,24.15,95.19,310.31
7.227048354994241,248,971,38.26,146.83,344.62
7.229285060579606,320,970,2.63,9.34,58.23
7.2305877662022375,721,767,1.69,7.58,41.16
7.232876147903085,55,866,5.95,25.02,30.23
7.233913031391375,626,70,3.86,15.59,88.46
7.234478602628592,694,774,15.00,62.82,231.74
7.236313038075052,667,938,0.07,0.27,14.95
7.239706096207034,104,26,6.25,24.42,267.65
7.240367373632008,404,129,0.00,0.00,809.53
7.2418621724806815,214,129,11.97,46.62,821.50
7.241919157535495,452,341,24.55,101.22,46.08
7.2426398091766835,712,108,197.77,795.87,2176.99
7.243408804594762,961,438,12.36,48.63,92.75
7.243573168409505,669,129,22.38,89.04,843.88
7.245292514688746,261,479,4.49,16.75,40.16
7.246447418588353,99,222,2.61,9.21,59.78
7.246978697248092,853,397,6.58,27.91,255.15
7.247398544915936,376,130,5.10,20.72,3755.81
7.247927876883286,199,159,23.41,94.25,203.30
7.249286384522345,784,592,2.61,10.25,149.48
7.249899958880758,688,705,12.17,48.24,400.56
7.250360381912854,723,472,1.29,5.18,95.58
7.250670615408881,873,758,91.27,367.14,243.16
7.251109027980382,624,911,5.35,20.17,38.43
7.2528050984136625,409,470,1.96,8.97,130.97
7.253347611322868,842,87,13.94,56.15,53.65
7.253545841191713,605,280,5.13,21.01,77.73
7.253658875441646,667,904,0.07,0.20,31.88
7.255594679338875,960,941,7.71,30.51,29.41
7.255853760364659,502,20,1.77,7.19,72.55
7.259688329107693,130,134,755.66,3000.15,1003.53
7.26027009818225,302,83,16.69,66.31,246.75
7.261634447409807,220,408,13.30,53.55,210.59
7.2625579873896395,284,76,47.75,196.93,68.81
7.265222753981435,191,259,9.12,37.38,1023.51
7.265745543448951,49,664,6.43,27.21,114.94
7.266779075731313,598,862,0.64,2.80,420.09
7.267393712541411,136,439,3.66,15.13,298.58
7.2681150418107405,812,953,1.28,5.00,304.44
7.26915102830252,73,84,35.27,146.27,711.32
7.269826705382965,404,22,0.00,0.00,249.84
7.269918292973502,112,922,17.15,68.91,86.76
7.270025734154324,613,733,3.40,13.47,41.67
7.27116923599623,980,712,1.84,8.10,797.71
7.271360057278836,173,730,2.32,9.27,187.39
7.272565141528997,481,369,15.30,64.31,77.46
7.272788542921236,562,977,16.50,66.07,276.04
7.273326857587837,666,966,13.28,51.56,120.74
7.273837924656666,648,118,29.42,115.63,129.09
7.278774122949482,872,513,15.17,62.56,104.18
7.279987919841238,37,406,9.25,35.48,268.67
7.280376998466618,381,592,2.91,11.85,152.39
7.280776926068518,936,388,4.08,16.15,72.98
7.280987181946612,600,658,21.14,86.84,108.32
7.282031377411755,302,855,13.42,52.89,2569.69
7.28313519476331,839,676,13.85,54.12,72.47
7.283626579458132,904,902,6.35,25.53,165.20
7.284961727214809,5,108,0.70,2.21,2177.69
7.286926005041211,89,129,13.50,53.10,857.38
7.288809050713492,470,800,26.95,104.02,31.29
7.28929065849598,574,796,9.99,40.47,112.67
7.292532400634385,141,144,19.42,74.85,99.73
7.292707356480446,735,560,19.10,75.09,2320.40
7.294172180316091,286,977,9.17,37.73,285.21
7.296882894284151,446,909,10.54,41.01,133.06
7.297589243634794,484,430,28.53,115.31,53.73
7.298809104285636,429,854,1.91,8.23,190.80
7.299003017897712,784,478,2.02,8.23,68.02
7.301455000089507,82,130,10.19,40.71,3010.34
7.301944069722164,161,560,8.68,33.48,2329.08
7.301946645399253,612,470,17.63,70.99,121.65
7.30278387892623,857,956,18.24,71.18,38.57
7.3031075874625,71,358,13.23,51.15,94.14
7.3031594672874425,694,285,12.06,50.76,200.39
7.303384360611345,982,108,16.78,66.57,2194.47
7.304072505559666,218,130,5.37,22.57,3015.71
7.304265418549397,585,878,28.92,116.19,58.59
7.305868845005063,836,477,5.40,21.69,521.31
7.307898355845817,667,790,0.03,0.17,87.80
7.30826008989858,531,26,9.99,40.53,277.64
7.308886748637229,41,360,12.65,49.43,27.72
7.310898700544925,849,158,12.61,48.31,73.04
7.311119144099298,228,818,13.97,55.07,68.13
7.311906281767508,792,67,17.83,69.31,87.79
7.313134769226656,674,235,37.13,147.74,67.84
7.314136308193403,719,341,4.84,19.55,50.92
7.314320942950939,547,387,41.72,169.74,52.41
7.315230484407797,378,634,24.17,97.51,534.87
7.316522509246934,404,560,0.00,0.00,2329.08
7.3171030881612955,913,578,0.38,1.24,465.86
7.319431032322321,333,808,42.34,173.46,84.68
7.320303134888539,749,664,2.02,8.68,116.96
7.321164897031296,433,667,10.02,39.73,10.19
7.321643681044922,727,107,17.07,66.43,99.09
7.3219560392858485,102,538,22.16,86.33,127.65
7.3248267804579905,66,171,5.81,24.74,40.40
7.325071216109638,524,50,15.25,61.29,150.47
7.325637327484293,43,816,6.00,22.16,40.52
7.326719447169981,46,304,12.17,49.64,83.52
7.330366110106462,438,731,18.71,74.04,127.40
7.33162682871141,710,308,0.12,0.71,71.90
7.332098811485368,558,855,3.32,13.56,2573.01
7.338024918064265,433,458,8.03,31.70,136.00
7.338374092327688,307,909,15.03,60.50,148.09
7.338435793193852,866,987,6.06,24.17,100.97
7.3387488065006,511,371,3.44,14.49,171.09
7.340301366773118,981,671,3.61,14.58,72.00
7.340410649425324,5,108,0.38,1.83,2194.85
7.340837656233993,266,765,10.62,42.09,105.51
7.340875027093845,539,423,26.98,111.94,128.33
7.342182337300371,237,717,11.32,43.68,89.74
7.343571118144257,788,406,8.97,35.55,277.64
7.343657796119442,11,259,1.74,6.89,1025.25
7.343916203520452,816,8,8.22,32.30,56.96
7.344266209778335,174,578,22.42,87.73,488.28
7.346679049197185,645,497,4.86,19.15,54.52
7.3484805325803,385,49,0.07,0.27,27.28
7.349282163984278,437,477,15.40,61.46,536.71
7.3495349690859415,871,41,17.89,71.68,67.32
7.353795750787654,128,129,22.90,91.45,880.28
7.354360936840118,393,685,5.04,20.23,52.87
7.356613609298612,980,108,1.62,6.48,2196.47
7.357556058486219,228,259,10.80,44.27,1036.05
7.357945013140236,310,48,10.44,44.64,64.33
7.360616672954877,256,281,1.74,7.63,55.56
7.361022987841081,703,855,10.32,41.18,2583.33
7.362862086371832,704,108,15.20,64.90,2211.67
7.365056511492773,757,130,29.61,117.29,3045.32
7.365366254970444,576,31,5.33,21.78,14.22
7.366280995695073,95,130,7.75,30.15,3053.07
7.366466720260869,797,22,7.91,32.53,257.75
7.368732904277216,966,713,24.13,96.61,59.31
7.368989061860185,221,855,6.44,25.71,2589.77
7.369125171781191,106,477,10.36,40.90,547.07
7.369514816828912,798,712,10.74,42.28,808.45
7.369817198783839,116,552,9.36,39.82,80.34
7.369908116714419,964,654,3.56,14.58,169.09
7.371944395262108,57,58,7.39,30.16,66.02
7.3731261609075265,460,984,47.25,187.19,107.05
7.373822620431673,73,712,29.53,116.74,837.98
7.374634065690854,7,555,45.29,177.18,137.73
7.374767920264585,916,618,17.94,71.48,903.52
7.3748831666957635,571,33,6.60,25.68,135.19
7.375121773123944,855,133,517.55,2072.22,803.60
7.37655455675047,596,698,10.79,43.21,275.87
7.378282707688718,717,486,18.03,71.71,237.99
7.380127782700184,138,351,17.08,66.75,157.34
7.381077504161872,829,752,40.31,165.53,221.08
7.381526001837052,409,691,1.98,6.99,94.82
7.382434577804913,629,739,18.71,74.83,88.66
7.382862285988076,915,904,1.64,6.61,27.17
7.383911954826292,564,762,13.74,55.71,71.15
7.386157251740699,346,738,3.11,12.28,88.09
7.388117345117833,30,873,10.61,42.45,377.75
7.390207474994694,442,855,15.39,63.87,2087.61
7.391049602685531,812,824,1.21,3.79,134.11
7.391074890184498,307,382,12.53,47.97,40.36
7.391688015108752,779,862,10.02,39.88,430.11
7.392204306348726,837,502,0.92,3.78,8.11
7.393009327863961,333,349,35.22,138.24,226.77
7.394446418394029,43,614,4.29,17.87,155.74
7.395559900338747,807,873,10.41,43.26,388.16
7.396440300189672,318,712,71.05,280.81,909.03
7.399008727421634,495,936,17.46,68.20,33.61
7.400869407469921,334,321,69.83,277.68,136.49
7.401566940934058,483,899,22.78,92.41,97.38
7.401817502605975,809,130,0.09,0.28,3053.16
7.403539915827874,578,350,98.05,390.23,150.07
7.403647961088574,5,811,0.30,1.53,58.78
7.403883496696013,183,269,4.34,16.71,62.15
7.40414074981762,809,130,0.05,0.23,3053.21
7.404984976832908,501,130,16.73,71.50,3069.94
7.4051081637467675,538,615,24.91,102.74,67.33
7.405679289521134,409,423,1.42,5.57,129.75
7.406045112202679,726,285,19.51,78.21,219.90
7.4061161239649795,532,702,19.42,77.78,132.49
7.406494907698512,824,318,26.91,107.20,307.72
7.40692459006244,774,578,47.30,184.44,437.53
7.4074508221113184,944,353,20.81,83.96,70.93
7.408236852433509,870,159,10.75,43.05,214.05
7.410054017843326,667,873,2.08,8.11,390.24
7.410826319187732,641,533,7.02,27.79,35.00
7.411497169283312,14,259,22.50,88.84,1058.55
7.414367550923646,598,536,0.53,2.27,81.18
7.415612157746787,339,108,6.24,25.05,2217.91
7.41581227957662,808,777,16.83,67.85,98.52
7.416613108115923,851,108,27.22,105.85,2245.13
7.417364635877083,174,701,17.60,70.13,458.54
7.418175017270621,177,130,5.15,20.49,3075.09
7.41832406684018,351,109,31.52,125.82,51.39
7.418992873155533,181,872,3.79,15.00,66.35
7.418996977656529,20,578,14.30,58.25,451.83
7.419944201268342,340,848,20.22,79.79,53.42
7.420359652386105,30,738,8.77,33.68,96.86
7.42038935030458,580,719,38.89,161.95,58.44
7.4228738618150185,137,683,10.19,41.52,113.77
7.423342682264573,91,890,4.85,17.92,50.82
7.426291203878471,776,214,17.68,73.75,64.30
7.427477051800543,687,560,0.84,3.23,2329.92
7.431775304954949,849,861,9.71,38.60,635.80
7.43250212638089,436,517,15.19,56.94,251.16
7.433543450692675,754,386,7.80,30.52,54.95
7.433906905362205,613,606,2.72,10.75,83.00
7.434850766690726,296,130,0.72,3.39,3075.81
7.4352862191612275,508,130,16.61,69.76,3092.42
7.436441679501999,695,341,13.10,51.24,64.02
7.436499627134486,803,167,13.37,51.76,42.66
7.436502722408621,612,428,13.69,57.30,50.67
7.437143500914889,129,773,174.93,705.35,255.56
7.437175098767457,100,452,1.79,7.67,103.01
7.440966176379884,257,419,22.83,90.58,34.62
7.442015325414327,172,193,21.80,85.43,205.17
7.444937498781178,502,130,1.68,6.43,3094.10
7.445084089591692,232,130,8.53,34.36,3102.63
7.445265710327197,864,176,6.81,27.73,159.88
7.445375396409549,37,84,7.29,28.19,718.61
7.44563738230912,667,22,1.58,6.53,259.33
7.4461252035751535,654,958,34.66,134.43,118.30
7.446660361536938,910,855,1.70,6.72,2089.31
7.447188853995732,219,417,16.42,64.26,69.01
7.447202095095597,527,108,0.00,0.00,2245.13
7.447259771591045,353,592,14.15,56.78,166.54
7.450286464097881,685,22,10.86,42.01,270.19
7.451953567670111,387,578,10.62,41.79,462.45
7.4521806103066375,826,438,7.05,30.95,81.09
7.453173709335923,540,13,8.95,36.09,416.28
7.453429896926205,852,47,27.85,109.91,126.82
7.4540775362188265,570,406,8.96,36.31,286.60
7.454312834548053,341,108,12.72,51.30,2257.85
7.456706772597324,658,741,22.11,86.21,82.35
7.456862922099388,48,18,12.54,51.79,35.93
7.4570815946205995,927,720,5.47,23.54,85.16
7.458030919941139,225,267,7.00,29.18,384.49
7.458753024732255,218,333,4.42,18.15,142.66
7.466252363921979,822,602,16.80,66.45,54.96
7.467267894855538,689,972,15.64,58.33,242.76
7.4679418133506035,401,130,1.55,5.80,3104.18
7.468377132675867,812,688,0.72,3.07,48.96
7.468908837894377,782,84,8.84,34.80,727.45
7.470537202500883,521,17,13.92,55.85,106.97
7.472161782340378,323,560,7.01,29.23,2336.93
7.4722490940557185,240,183,19.03,75.50,35.74
7.474091341015512,456,253,3.19,11.48,115.94
7.474742169083244,228,844,8.46,35.81,23.32
7.474934398874701,339,527,4.97,20.08,4.97
7.479186005331756,393,458,4.12,16.11,140.12
7.479295766369926,177,560,3.94,16.55,2340.87
7.480127562144057,83,530,48.73,198.02,132.20
7.480409117415601,85,694,15.35,59.45,66.11
7.48162369847986,252,273,11.24,43.09,123.58
7.482181724065201,290,276,5.60,21.97,120.26
7.482654355830389,82,749,8.27,32.44,16.95
7.484448775773281,333,954,28.66,114.00,50.21
7.485173992179668,448,750,7.63,29.62,77.82
7.48525510630433,731,868,25.53,101.87,136.36
7.485403548237434,399,855,7.80,30.51,2097.11
7.486145894913276,913,217,0.28,0.96,193.42
7.486354900859185,639,820,13.13,51.72,245.93
7.487681584138028,789,678,8.24,34.79,68.27
7.4878898282955415,733,371,8.52,33.15,179.61
7.488006732488988,434,798,12.44,50.13,54.72
7.489659442507081,358,933,18.85,75.29,61.00
7.489736268915353,804,855,14.64,55.68,2111.75
7.492163709706746,710,766,0.10,0.61,619.94
7.4928558745853024,145,574,7.23,29.57,47.70
7.494600810416527,367,130,8.40,34.35,3112.58
7.498020777783052,144,560,19.83,79.90,2360.70
7.498090604068017,596,790,8.81,34.40,96.61
7.503679767019675,742,478,6.65,27.72,74.67
7.504116020921037,54,331,10.72,42.09,102.13
7.504820819316399,778,129,12.98,52.64,718.33
7.505173464694405,72,578,3.53,14.45,465.98
7.506178007412427,91,419,3.80,14.12,38.42
7.506397554411293,841,766,12.71,51.71,632.65
7.508080362009428,936,798,6.88,26.73,61.60
7.508203721737942,470,730,24.83,96.82,212.22
7.509567608718495,853,861,5.59,22.32,641.39
7.510018649177547,812,134,0.73,2.34,1004.26
7.510244144445713,495,825,13.85,54.35,66.23
7.51175691224936,218,356,3.62,14.53,42.35
7.512799538072979,569,705,34.50,138.42,435.06
7.5131787501438145,89,430,10.85,42.25,64.58
7.513971045651064,10,108,15.94,65.76,2273.79
7.5140007381712,296,113,0.66,2.73,151.36
7.514521571325376,181,429,2.83,12.17,11.06
7.5160555223506,875,361,3.10,13.72,19.73
7.517198744754415,615,259,12.85,54.48,1071.40
7.517843680633905,713,875,11.57,47.74,25.29
7.51802062361822,721,748,1.58,6.00,47.57
7.518977971795082,474,862,29.00,114.53,459.11
7.518995287188334,703,388,8.22,32.96,81.20
7.5219571839871415,531,280,8.52,32.01,86.25
7.525745423038259,781,355,3.83,14.47,30.11
7.5275929457544795,635,453,18.86,75.03,338.14
7.527988311586472,196,259,4.42,17.32,1075.82
7.528827298802198,958,722,23.86,94.44,214.59
7.529917853674081,853,22,4.49,17.83,274.68
7.530158608535215,934,259,6.57,24.63,1082.39
7.530432137072113,276,855,24.42,95.84,2136.17
7.530831827609721,670,618,26.12,101.96,929.64
7.532140176239022,6,130,30.61,120.32,3143.19
7.5326264256441124,180,259,12.56,47.58,1094.95
7.53331688693016,613,498,2.22,8.53,17.25
7.534891212918652,601,565,21.88,89.83,100.12
7.535536797678089,78,669,13.23,50.54,102.27
7.536953319174295,812,10,0.39,1.95,66.15
7.537816226153425,7,275,34.47,142.71,90.32
7.538811570780237,870,371,8.83,34.22,188.44
7.539492892813106,989,579,6.46,24.60,138.28
7.541706098942209,446,210,8.47,32.54,157.98
7.543383695638856,872,555,12.95,53.40,150.68
7.544049626322678,728,486,20.08,81.94,258.07
7.544750605025815,502,560,1.37,5.06,2362.07
7.544819257236212,808,402,13.13,54.72,150.38
7.54620439939055,687,861,0.70,2.53,642.09
7.546215368319288,528,458,8.19,33.04,148.31
7.546453940739223,571,985,4.92,20.76,45.82
7.546512183228778,5,962,0.22,1.31,66.29
7.547570586981369,231,313,19.84,82.36,77.18
7.547723190414773,460,578,36.49,150.70,502.47
7.547836555562922,251,433,12.51,49.76,44.21
7.551906752194676,723,396,1.00,4.18,44.48
7.552138121650583,409,701,1.24,4.33,459.78
7.552459581129037,543,862,1.92,6.87,461.03
7.556310399106364,622,203,0.51,1.64,64.77
7.556634741660242,462,322,5.23,21.97,86.51
7.557573559900577,115,130,2.70,9.67,3145.89
7.55821223506424,562,368,13.33,52.74,69.18
7.558507261435237,805,199,18.62,75.82,112.87
7.559068515993895,797,563,6.70,25.83,107.50
7.560478425286072,543,985,1.40,5.47,47.22
7.561954756004124,882,560,0.83,3.55,2362.90
7.562947769108085,527,468,0.87,4.10,153.41
7.5635500083493445,729,878,14.90,59.23,73.49
7.563597019178266,632,108,17.06,68.20,2290.85
7.564721177307556,193,712,41.43,163.74,950.46
7.565621769395818,24,22,8.49,35.79,283.17
7.5681329245997615,955,560,40.75,167.03,2403.65
7.568187162448854,904,621,5.44,21.73,104.84
7.568189306806423,950,189,30.52,122.35,120.55
7.568393670692755,787,149,15.45,61.65,296.27
7.568433084642489,933,919,12.53,48.47,222.08
7.5751020967533265,541,850,5.04,21.06,124.31
7.576016454623047,812,592,0.39,1.56,166.93
7.576823883586998,786,801,9.70,38.06,40.99
7.577909950298569,218,459,2.95,11.58,24.66
7.578171836175272,87,947,11.34,42.31,155.99
7.5784827873844005,420,334,16.13,64.58,293.81
7.579554973731151,404,200,0.00,0.00,58.77
7.582279682298764,407,611,6.55,26.44,55.17
7.583315697386617,305,927,45.46,177.96,69.00
7.584420392894776,883,845,16.39,64.35,66.34
7.584618567912419,138,578,12.68,54.07,515.15
7.585768565591284,404,131,0.00,0.00,30.92
7.5863281947156125,383,617,150.44,596.43,182.66
7.586558507386017,496,560,17.94,71.44,2421.59
7.586747521640541,622,861,0.35,1.29,642.44
7.586859399434232,227,814,16.71,69.13,199.55
7.587751337715924,841,872,10.49,41.22,63.89
7.59004047537875,115,855,1.97,7.70,2138.14
7.593772153453187,922,241,17.50,69.26,71.47
7.59439280379613,449,446,12.14,49.84,44.68
7.594813203696065,901,102,39.97,154.35,126.30
7.595291847026075,941,855,5.93,23.48,2144.07
7.595754695758811,5,338,0.25,1.06,131.02
7.599017932164595,667,953,1.18,5.35,305.62
7.6012063542904995,495,22,10.46,43.89,293.63
7.6012494672747515,606,364,16.31,66.69,93.81
7.601355794899651,321,451,28.07,108.42,58.56
7.602002047643148,681,453,25.65,106.97,363.79
7.602618447993925,319,828,9.85,39.61,150.59
7.602891334729378,659,384,6.57,26.50,192.20
7.603178318386838,242,855,15.85,64.37,2159.92
7.604477457965432,136,952,2.95,12.18,169.21
7.605177564636049,767,431,8.80,32.36,58.70
7.609812926700587,223,766,4.40,19.01,637.05
7.614934682711586,667,971,1.02,4.33,345.64
7.617886152409886,433,988,8.54,35.67,298.98
7.617953629756736,94,925,5.66,21.60,97.05
7.618095435280226,383,626,118.76,477.67,134.35
7.618613632450126,404,520,0.00,0.00,28.58
7.622727745490167,75,855,16.48,66.78,2176.40
7.623145638633712,845,270,12.98,53.36,266.05
7.623377854049922,761,708,18.92,73.32,94.81
7.623997479619634,361,84,3.79,15.94,731.24
7.624327028074863,211,362,36.06,141.48,177.70
7.6252126931158415,710,959,0.10,0.51,89.57
7.626489653901904,672,690,1.77,7.21,75.73
7.62652432228446,577,433,11.00,43.88,46.67
7.627424223121117,966,889,19.39,77.22,92.82
7.627629682723021,131,618,6.10,24.82,935.74
7.628058526256661,291,486,16.88,65.21,274.95
7.630656563347174,622,853,0.31,0.98,18.14
7.631753984973999,825,522,13.28,52.95,85.10
7.633658167070259,533,982,7.48,27.52,74.05
7.635901060559323,470,13,18.99,77.83,435.27
7.636055257185815,992,108,6.06,25.08,2296.91
7.636230822452387,376,108,4.33,16.39,2301.24
7.637971818080677,763,985,12.95,49.71,60.17
7.638532712158105,298,26,6.97,28.24,284.61
7.638769401148345,409,940,0.91,3.42,108.80
7.639150712630698,646,453,13.83,54.73,377.62
7.640556876667654,251,130,10.00,39.76,3155.89
7.643411255901551,87,955,8.32,33.99,175.35
7.6437307664897345,926,592,12.70,52.16,179.63
7.644222496849261,218,11,2.51,9.07,9.40
7.644250297562918,813,855,10.35,41.60,2186.75
7.645463826662521,931,638,11.69,49.39,73.85
7.646105534740437,175,723,10.62,46.07,14.80
7.646303513107404,99,988,1.74,7.47,300.72
7.647182207062831,485,402,20.58,81.33,170.96
7.650797956703437,528,314,6.49,26.55,144.31
7.651484862604189,377,321,26.64,106.66,135.06
7.651547017619435,852,666,21.77,88.14,73.33
7.65413550372216,527,22,0.81,3.29,294.44
7.65464397384978,212,573,19.05,75.50,125.94
7.655568806562127,585,484,23.34,92.85,138.65
7.655700305060817,915,267,1.35,5.26,385.84
7.656256721684607,748,560,9.56,38.01,2431.15
7.659045698103186,809,13,0.04,0.19,435.31
7.660379811220249,832,854,25.05,101.89,215.85
7.662482207670503,225,578,5.61,23.57,520.76
7.664533200364186,133,928,163.36,640.24,180.37
7.665973998714803,46,966,10.08,39.56,87.30
7.6677242273516795,15,618,7.66,30.51,943.40
7.669135418664663,499,617,10.68,42.26,193.34
7.671952472327884,167,358,8.56,34.10,83.85
7.6724335164478745,820,727,48.89,197.04,115.32
7.674601902285433,7,698,29.15,113.56,305.02
7.676071005368339,360,259,5.59,22.13,1100.54
7.676445147537118,798,456,12.58,49.02,24.06
7.677573547068259,654,580,27.46,106.97,189.41
7.678571554801928,638,309,14.38,59.47,309.40
7.678829973783592,667,211,0.65,3.68,142.13
7.679095033582912,51,96,28.60,113.53,90.12
7.67929873418327,444,981,7.30,30.44,21.88
7.680446444960012,173,108,1.81,7.46,2303.05
7.682127788849567,914,862,1.97,8.49,463.00
7.682346943909646,335,364,19.52,76.56,113.33
7.684029863282197,576,144,4.35,17.43,84.25
7.684913229968261,486,210,55.15,219.80,213.13
7.686093404787545,927,701,14.11,54.89,473.89
7.687971184387666,801,613,8.60,32.39,17.13
7.688110271921987,960,423,5.79,24.72,135.54
7.688251899106562,512,130,4.88,18.80,3160.77
7.688803090242211,710,985,0.12,0.39,60.29
7.689415949840653,427,129,8.54,34.03,726.87
7.69170006539956,189,257,23.79,96.76,114.37
7.692783808761698,15,26,5.86,24.65,290.47
7.6934752715627654,404,560,0.00,0.00,2431.15
7.694710087957782,719,947,11.84,46.60,167.83
7.694945800362888,236,752,17.08,65.36,238.16
7.695110091882392,103,851,10.78,44.26,116.63
7.695462074375224,281,446,11.24,44.32,55.92
7.696164409145845,847,331,8.37,36.47,110.50
7.7010210134508945,858,224,7.75,31.23,117.09
7.702080718258378,5,861,0.22,0.84,642.66
7.704060050411433,409,475,0.71,2.71,90.48
7.704528226816438,764,129,1.17,5.00,728.04
7.7062385325710965,672,560,1.70,5.51,2432.85
7.708021033211645,11,363,1.94,7.46,144.43
7.708558471889371,157,383,10.45,42.64,488.12
7.70969905230433,100,701,1.53,6.14,475.42
7.709884712865101,841,147,8.53,32.69,157.50
7.711486717216962,103,116,8.44,35.82,48.26
7.711652707072696,62,435,4.80,17.79,315.11
7.7135113063039835,783,516,11.91,47.76,111.96
7.714306109286981,609,560,15.64,64.25,2448.49
7.71575021417073,748,81,7.45,30.56,155.47
7.7163562357297,880,418,12.27,51.51,206.87
7.7172447612935535,857,259,15.05,56.13,1115.59
7.719279497878292,40,453,15.07,61.85,392.69
7.719341470844412,758,843,47.92,195.24,134.02
7.72059642239222,157,108,8.62,34.02,2311.67
7.721249220070281,784,730,1.69,6.54,213.91
7.722595818232145,700,259,24.39,93.04,1139.98
7.722614488577771,666,950,14.56,58.77,136.91
7.725721375865778,507,605,7.43,27.86,28.44
7.725932166899946,704,130,12.50,52.40,3173.27
7.72600704217868,516,955,21.79,90.17,197.14
7.726305721448082,672,11,1.14,4.37,8.60
7.7264160281510375,311,578,67.31,271.07,588.07
7.728048297410018,785,971,41.54,162.58,387.18
7.7290104643336655,100,634,1.05,5.09,535.92
7.730002697671756,459,758,5.08,19.58,200.32
7.731251446916378,723,831,3.16,11.64,217.32
7.732598537774068,198,72,27.18,109.55,41.63
7.732952398942336,964,411,3.11,11.47,332.82
7.735047895321058,629,247,14.80,60.03,90.30
7.735340632828462,953,995,60.11,245.51,144.26
7.736195822582941,507,678,5.51,22.35,73.78
7.7375506011462605,562,108,9.87,42.87,2321.54
7.737677901016999,809,74,0.04,0.15,119.13
7.738154404502074,587,712,36.05,142.23,986.51
7.738847790965891,789,578,6.72,28.07,594.79
7.741243008242958,580,896,37.64,151.77,86.15
7.74126581983853,313,978,15.78,61.40,77.78
7.741317092902803,724,146,25.20,103.10,123.66
7.743091547630189,166,126,4.20,15.73,24.67
7.743865432042204,855,311,437.26,1749.49,708.33
7.7438828154098145,820,571,39.40,157.64,60.16
7.744660009964992,14,31,17.49,71.35,31.71
7.745049267236662,818,564,13.80,54.33,69.51
7.745692925343373,723,957,2.16,9.48,63.93
7.746693294075828,527,955,0.66,2.63,197.80
7.747097884798519,232,373,6.48,27.88,76.28
7.74992083150414,676,776,14.29,58.18,88.04
7.750499399186201,895,475,3.52,14.98,94.00
7.7512799436806805,873,632,77.74,312.50,145.94
7.751756923370563,628,661,9.08,39.30,53.97
7.753601416025493,598,631,0.47,1.80,70.95
7.7538238138021445,672,640,0.87,3.50,91.81
7.75427043905858,984,849,20.73,86.32,59.33
7.754710074647074,125,477,11.56,46.72,558.63
7.757440839228871,735,402,14.96,60.13,185.92
7.760825554248819,898,862,13.70,54.85,476.70
7.7613507081923885,667,301,0.81,2.87,152.43
7.7631703521555675,958,774,18.85,75.59,203.29
7.763300802856019,404,618,0.00,0.00,943.40
7.763477037662501,31,538,6.33,25.38,109.07
7.767309381006441,644,108,3.44,13.44,2324.98
7.7685239263375845,687,817,0.40,2.13,97.52
7.769563315397519,651,613,2.92,11.80,20.05
7.769791104885121,527,578,0.35,2.28,595.14
7.770708914498854,781,560,2.86,11.61,2451.35
7.771172668303592,573,698,24.62,101.32,329.64
7.772007238112941,531,862,6.21,25.80,482.91
7.772718657723441,697,383,10.10,41.45,498.22
7.773366017525233,809,348,0.04,0.11,42.50
7.773504306288668,652,259,10.41,41.64,1150.39
7.7737413115437235,256,872,1.59,6.04,65.48
7.776140489206256,553,774,4.19,17.66,207.48
7.777006652398357,578,913,117.78,477.36,118.74
7.778867029889624,127,228,26.11,105.05,61.92
7.780477290586977,624,958,4.07,16.10,79.66
7.786393512092686,177,562,2.95,13.60,45.82
7.786495566337097,613,558,4.06,15.99,17.62
7.787062069119448,223,406,3.83,15.18,290.43
7.788583326783722,543,187,1.20,4.27,670.10
7.7894355990692565,100,193,0.99,4.10,164.73
7.789664941586242,0,238,5.11,18.59,57.85
7.790458226138483,424,930,18.85,78.06,146.52
7.792002250486707,446,228,10.79,45.13,72.71
7.793119780234322,28,270,14.49,59.34,280.54
7.793668883026745,584,681,7.45,27.86,114.42
7.794436595063392,672,552,0.70,2.80,81.04
7.797275103379743,812,205,0.39,1.17,63.84
7.798438052595714,29,524,4.96,19.10,66.25
7.798783616154112,387,130,8.51,33.28,3181.78
7.798818003699271,223,122,2.98,12.20,90.53
7.7993749535122685,702,386,26.35,106.14,81.30
7.799589932040793,602,130,11.09,43.87,3192.87
7.800524887358955,990,873,13.36,54.13,325.86
7.802169135329301,512,626,3.98,14.82,138.33
7.803753674795753,110,950,22.65,91.01,159.56
7.8050247571395985,572,578,26.01,98.92,503.37
7.805148781914313,851,383,23.72,92.91,521.94
7.805707422349564,813,222,8.53,33.07,68.31
7.807807887424877,224,270,24.28,92.81,304.82
7.809542514047676,774,622,41.47,166.01,42.45
7.810112901880524,453,344,79.16,313.53,251.62
7.811898189318034,774,668,33.72,132.29,82.55
7.812870854788152,657,130,46.46,177.44,3239.33
7.815305422559137,11,998,1.68,6.92,2.80
7.816002380373957,294,964,1.93,8.07,13.40
7.81640023555383,856,743,3.60,14.64,336.77
7.818628296321139,184,131,3.83,13.54,28.65
7.81926323995756,193,486,32.61,132.12,252.41
7.822681138406526,527,281,0.50,1.78,44.82
7.8234320055297015,710,108,0.12,0.27,2325.10
7.823883460865059,523,559,17.15,69.93,147.20
7.824329206798561,505,578,15.00,58.27,518.37
7.824460794431828,427,494,6.47,27.56,69.15
7.825368614078288,531,289,5.14,20.66,151.67
7.825730631069139,352,271,13.10,51.45,53.99
7.825752647908742,540,326,7.40,28.69,48.75
7.826931628591586,236,591,13.64,51.72,58.83
7.828212252911187,1,606,12.50,48.94,79.19
7.828499508236305,571,333,12.12,48.04,126.12
7.828709341555477,526,187,1.66,5.97,671.76
7.833362766036651,505,284,11.38,46.89,208.31
7.833839167926524,949,333,21.62,93.28,147.74
7.83401252611109,290,351,4.38,17.59,130.20
7.834578216054067,578,274,103.57,414.80,173.15
7.835279766506612,228,477,14.64,58.07,573.27
7.836327121379165,463,440,21.53,88.53,56.43
7.836847289013512,845,497,10.46,42.90,64.98
7.837274075727761,251,753,8.07,31.69,46.98
7.837655590025035,845,259,8.61,34.29,1159.00
7.839000809257514,653,517,11.84,46.36,263.00
7.839075215430575,385,713,0.07,0.20,47.81
7.841658704711259,364,851,22.95,90.38,115.86
7.841800183804354,353,4,10.98,45.80,45.10
7.842136245880752,41,374,13.62,53.70,396.44
7.842256639079583,864,159,5.92,21.81,219.97
7.842354070710668,697,114,8.59,32.86,578.43
7.842542416689006,841,462,6.58,26.11,28.55
7.843138970447211,816,846,6.62,25.68,42.48
7.843694353660262,707,703,5.95,23.70,38.91
7.845169834064379,385,259,0.04,0.16,1159.04
7.846282509553526,672,758,0.60,2.20,200.92
7.84663638371609,478,168,15.17,59.50,98.86
7.851203552504888,215,873,15.96,62.60,341.82
7.851647466463073,95,578,5.61,24.54,420.41
7.851941913581971,433,115,9.43,37.24,17.13
7.853028314152686,830,512,3.45,15.43,18.27
7.856081859600262,274,559,34.61,138.54,181.81
7.85824650842748,91,703,3.02,11.10,41.93
7.858962463177567,902,585,32.84,132.36,125.69
7.8590295497050935,177,637,2.64,10.96,82.12
7.859575468722179,18,403,7.42,28.51,68.63
7.860917909010533,63,248,10.53,44.86,157.36
7.865282042269724,897,189,15.18,63.11,111.94
7.866512058662919,699,736,13.39,52.60,181.21
7.867827890014653,667,808,0.61,2.26,55.33
7.869926117545225,585,632,25.60,100.09,171.54
7.870390207480888,5,796,0.12,0.72,112.79
7.870827307672727,28,464,11.85,47.49,106.54
7.872088027831253,872,560,12.59,52.89,2463.94
7.872984409391225,429,439,2.37,8.69,300.95
7.873420513626697,667,917,0.55,1.71,215.73
7.873977375439341,77,108,6.25,24.98,2331.35
7.875161987507834,549,109,12.37,50.69,63.76
7.876382699741632,249,920,46.07,187.09,131.56
7.877117046541949,517,264,52.91,210.09,57.15
7.879282039031937,577,835,9.07,34.81,67.94
7.879940712711565,543,861,0.87,3.40,643.53
7.880964043113879,329,141,9.92,39.74,84.77
7.881094434481196,836,691,4.31,17.38,99.13
7.881355228456448,423,438,27.57,107.97,108.66
7.882488359134299,672,430,0.40,1.80,64.98
7.882576659847841,409,819,0.51,2.20,30.80
7.884207468921213,517,20,42.43,167.66,100.68
7.887021496324988,296,588,0.71,2.02,186.61
7.887974236470952,940,483,21.59,87.21,114.00
7.888260732111754,672,263,0.40,1.40,275.77
7.88976311630577,426,108,6.48,26.51,2337.83
7.890787570326561,697,411,6.81,26.05,339.63
7.8912488658083095,465,869,22.05,90.09,115.89
7.895649251166383,384,571,38.87,153.33,86.91
7.897409993793247,553,84,3.57,14.09,734.81
7.897781902845424,809,610,0.00,0.11,29.40
7.899057642901546,813,873,6.87,26.20,348.69
7.9011164696242275,772,60,9.32,38.05,179.80
7.901984965309555,998,794,0.53,2.27,61.13
7.904065327822909,324,918,5.31,23.12,85.92
7.907985362123839,425,134,13.84,56.33,1018.10
7.908025087324226,103,517,7.41,28.41,175.07
7.908993820444451,30,560,6.43,27.25,2470.37
7.909022557943761,917,971,43.13,172.60,430.31
7.9092175203771085,257,717,22.63,91.74,94.34
7.909279177902812,142,173,8.43,34.89,15.89
7.910046747379161,100,859,0.75,3.35,44.40
7.910668814766026,226,35,5.83,21.54,63.54
7.910903997160954,413,22,18.84,75.09,313.28
7.9112384069563015,54,224,8.34,33.75,101.15
7.91130701505259,676,83,11.45,46.73,209.47
7.911624675432372,385,865,0.02,0.14,78.23
7.913177572945542,937,771,7.76,31.70,199.96
7.915657345731972,889,263,17.97,74.85,293.74
7.9159080278330185,815,701,18.12,74.41,493.54
7.918804406809955,798,267,10.32,38.70,396.16
7.91916638923155,177,130,2.31,8.65,3241.64
7.919639155577047,369,479,15.51,61.95,55.67
7.922186968331,176,419,31.26,128.62,69.68
7.922753219396051,212,557,15.64,59.86,75.17
7.923005206364734,527,108,0.36,1.42,2338.19
7.92475159083866,667,108,0.39,1.32,2338.58
7.925243285438995,603,855,5.06,21.14,1754.55
7.926210909350397,592,972,35.29,144.34,278.05
7.931203920407478,746,42,27.38,104.09,106.55
7.931534708024529,234,678,2.25,8.49,76.03
7.932021668969504,606,989,15.63,63.56,40.23
7.932513358517151,622,849,8.89,33.56,68.22
7.934897773963001,808,156,10.59,44.74,110.45
7.937648125630353,19,745,6.44,26.58,77.02
7.938226488589724,516,494,18.20,71.97,87.35
7.939120858734839,186,685,24.14,93.07,66.15
7.939726580977343,605,712,5.74,22.70,992.25
7.940244904232205,518,563,10.37,42.72,117.87
7.9406870020237585,694,578,12.92,53.19,433.33
7.941307475602596,104,450,4.55,19.87,84.46
7.941637657859746,320,664,1.89,7.45,118.85
7.9422220837351105,275,560,17.69,72.63,2488.06
7.9424846405947545,279,814,4.00,17.18,203.55
7.943457857530463,313,820,12.85,48.55,170.49
7.9446430688100484,446,552,8.83,36.30,89.87
7.944662014669563,392,501,17.89,72.84,89.39
7.945175240441911,350,882,30.90,119.17,34.45
7.94627857511409,559,855,36.91,144.90,1791.46
7.949750646403775,136,130,2.48,9.70,3244.12
7.951488347895406,809,866,0.01,0.10,24.18
7.9517138382644985,103,130,5.83,22.58,3249.95
7.952080663299752,316,295,25.27,100.91,109.76
7.953032885496949,554,32,4.25,19.08,93.62
7.953593162576692,516,162,14.47,57.50,112.17
7.953906939763721,387,511,6.89,26.39,21.38
7.955605719222541,351,606,26.77,103.43,90.33
7.955733319579633,502,438,1.05,4.01,109.71
7.9560019150230845,667,855,0.28,1.04,1791.74
7.95787819020159,849,330,13.59,54.63,44.11
7.9582133276734055,457,982,20.45,81.44,94.50
7.958306873198884,574,560,9.67,38.03,2497.73
7.958898567189945,103,755,4.52,18.06,107.02
7.9590563514666135,245,257,1.28,5.70,93.02
7.9599132407124475,467,776,1.99,8.51,90.03
7.961674943161169,116,618,9.56,38.70,952.96
7.962059363888893,622,27,7.06,26.50,151.41
7.965766188862736,869,838,23.15,92.74,87.49
7.96668614679676,492,525,12.67,51.88,76.74
7.96829137658975,442,5,12.71,51.16,13.43
7.968308807823392,387,743,5.27,21.12,342.04
7.968737732414872,89,87,8.49,33.76,42.48
7.969134675029465,764,222,1.01,3.99,69.32
7.971344128289495,828,97,29.57,121.02,177.04
7.972111581273539,23,291,3.63,15.22,68.84
7.973675754333276,239,309,11.64,47.90,321.04
7.9758479863552205,138,837,10.66,43.41,14.44
7.976151924954596,915,701,1.06,4.20,494.60
7.97661298096666,187,578,135.11,536.65,568.44
7.977036840146986,812,651,0.29,0.88,12.09
7.977677556634555,68,259,12.34,47.35,1171.38
7.978537119587681,837,259,2.67,11.77,1174.05
7.9786536368453005,533,750,5.47,22.05,83.29
7.980533811254873,470,691,16.14,61.69,115.27
7.9836721617470126,598,305,0.37,1.43,178.33
7.9842808149563425,179,130,16.33,63.58,3266.28
7.985737703164109,747,88,4.24,17.13,159.22
7.988524926759324,1,365,9.79,39.15,58.94
7.989518017749614,476,700,7.38,29.17,100.42
7.989532209171055,710,634,0.07,0.20,535.99
7.989617678457645,921,517,15.46,63.30,190.53
7.990551912580047,866,351,4.93,19.25,108.36
7.99073950386351,180,712,9.89,37.69,1002.14
7.9912743041675505,690,419,15.45,60.28,85.13
7.99194430569575,667,435,0.27,0.77,315.38
7.9920256421427975,478,618,11.45,48.05,964.41
7.993839617821571,52,514,5.36,21.74,228.97
7.994932470887142,5,22,2.85,10.58,316.13
7.997276503177159,452,273,20.74,82.27,144.32
7.998825245025805,379,110,3.88,14.83,94.89
8.00215412179513,479,578,11.54,44.13,579.98
8.002434400960613,124,774,25.22,97.34,157.51
8.002732844870085,152,816,9.65,40.77,35.33
8.002999924927394,497,855,12.88,52.10,1804.62
8.00387631113953,612,309,11.40,45.90,332.44
8.004806817308086,853,855,3.54,14.60,1808.16
8.005502243126909,655,680,28.70,112.93,315.48
8.005643824577332,584,931,5.39,22.47,54.78
8.006647086742676,659,932,5.35,21.15,65.50
8.007119091578287,385,661,0.02,0.12,53.99
8.00799409524908,694,419,10.43,42.76,95.56
8.01100887757824,804,648,10.68,45.00,126.31
8.012552946074461,899,496,19.79,77.59,91.23
8.01275944096372,809,379,0.01,0.09,14.84
8.013080515094185,773,289,52.23,203.33,203.90
8.016428770147963,335,855,15.92,60.64,1824.08
8.016723659007246,446,618,6.53,29.77,970.94
8.01725933549497,22,873,63.45,252.68,412.14
8.019336156575855,220,678,11.25,42.30,87.28
8.019404365058595,613,82,3.42,12.57,35.86
8.01954383646213,731,3,19.93,81.94,46.21
8.021549049350636,137,108,8.38,33.14,2346.96
8.022720269330723,749,130,3.65,13.30,3269.93
8.023983123427152,980,975,1.22,5.26,19.16
8.02436773896754,809,97,0.01,0.08,177.05
8.025653096895827,913,712,23.20,95.54,1025.34
8.028200959563264,99,813,1.43,6.04,27.63
8.030133695319266,624,108,3.46,12.64,2350.42
8.030325088402963,114,108,115.85,462.58,2466.27
8.031079664694337,683,304,23.78,89.99,107.30
8.031471223764036,503,402,14.32,54.99,200.24
8.031489810685313,99,705,1.07,4.97,436.13
8.0323027273455,718,855,20.79,81.02,1844.87
8.032739097465717,465,150,18.13,71.96,91.14
8.03284127840704,304,98,22.23,85.07,236.71
8.033178015785795,576,204,3.31,14.12,110.03
8.033655074546271,292,342,7.57,29.40,17.26
8.034637588583116,860,130,43.60,175.61,3313.53
8.035357679977869,456,773,4.84,19.22,208.17
8.036005484667452,527,805,0.26,1.16,76.08
8.038368936714502,760,361,9.62,38.10,25.56
8.038642882562465,417,630,13.74,55.27,139.90
8.03871037404844,391,71,31.80,130.41,82.95
8.03900018065758,289,130,41.38,162.52,3354.91
8.044177498333031,973,556,1.77,6.86,170.45
8.04465974336855,914,108,1.50,6.99,2467.77
8.045602621583507,396,639,9.35,35.13,61.07
8.045612981937508,622,710,5.37,21.13,5.57
8.046398265500224,168,267,20.26,78.60,416.42
8.048282875087011,119,468,38.52,154.70,191.93
8.048379110851796,808,738,9.28,35.46,106.14
8.050313266348505,906,154,12.47,49.43,142.98
8.05060502724492,874,971,6.21,25.19,436.52
8.050801508692315,290,506,3.63,13.96,105.81
8.053414299384421,61,130,8.58,33.15,3363.49
8.053547935612666,541,637,4.39,16.67,86.51
8.054570321759723,738,383,20.15,85.99,542.09
8.054668996429651,520,323,5.67,22.91,34.90
8.06003112604674,604,130,0.40,1.69,3363.89
8.061356714939231,992,669,4.90,20.18,107.17
8.062291428810303,52,458,4.48,17.26,152.79
8.06369306019409,245,589,1.22,4.48,96.40
8.064129330627987,895,130,3.01,11.97,3366.90
8.064337910710618,419,869,19.73,75.83,112.47
8.069077643609226,926,774,10.67,41.49,168.18
8.069733128675194,948,453,4.39,17.69,317.92
8.069996020467764,809,953,0.00,0.08,245.51
8.07007793844422,733,701,6.93,26.22,501.53
8.075076501042473,828,133,23.93,97.09,664.17
8.075213500226472,296,537,0.40,1.62,194.48
8.075852749823786,718,394,15.92,65.10,159.26
8.077364972916321,175,216,9.21,36.86,67.69
8.078476618412266,772,603,7.47,30.58,28.61
8.079048148451317,197,259,5.01,20.45,1179.06
8.079621894071897,29,319,3.71,15.39,43.32
8.081550913120186,533,383,4.20,17.85,546.29
8.082451754907783,802,477,1.14,5.05,574.41
8.08290376933765,347,136,13.59,55.88,23.29
8.08522282107762,603,975,5.80,22.81,24.96
8.085961869116305,581,108,9.18,36.98,2476.95
8.086259353191506,602,855,9.44,34.43,1854.31
8.0871972056267,391,931,26.23,104.18,81.01
8.087545304246937,505,559,9.43,37.46,154.33
8.088701899891353,805,493,15.39,60.69,182.20
8.089579944085838,404,614,0.00,0.00,155.74
8.090520821751426,760,81,7.84,30.26,163.31
8.091051669671392,319,411,8.54,34.78,348.17
8.091243576553014,391,1,20.85,83.33,60.00
8.091662616558931,726,257,15.40,62.81,108.42
8.092820993364125,100,18,0.64,2.71,29.15
8.09289376587348,631,38,13.86,57.09,87.64
8.094286930994466,314,70,28.49,115.82,116.95
8.095480116256844,800,649,6.04,25.25,252.21
8.096025457280097,396,384,7.16,27.97,160.49
8.097414660515998,448,453,5.86,23.76,323.78
8.098024136082454,3,577,9.32,36.89,44.13
8.098301344957266,490,538,13.00,50.96,122.07
8.098517473617887,82,117,7.01,28.85,60.67
8.099063863340092,263,730,58.17,235.57,272.08
8.099753644623952,613,275,2.66,9.91,75.29
8.100047317694107,456,134,3.78,15.44,1021.88
8.100163096375637,504,458,17.53,70.46,170.32
8.100514499668414,55,307,5.04,19.98,53.01
8.10104652886379,568,411,14.76,57.51,362.93
8.101668063344425,57,828,5.91,24.25,103.00
8.10594481578179,232,130,5.61,22.27,3372.51
8.106580333201027,667,855,0.09,0.68,1854.40
8.106607486065517,345,108,2.89,12.37,2479.84
8.106918427706777,304,435,16.23,68.84,331.61
8.10884323999074,812,158,0.12,0.76,73.16
8.111061261428254,613,22,1.95,7.96,254.63
8.111627100611079,861,606,129.96,513.57,220.29
8.11290170072678,687,341,0.45,1.68,51.75
8.114274284519144,154,304,28.05,114.93,96.89
8.114326014022962,345,52,2.38,9.99,19.64
8.115182825735802,621,86,20.49,84.35,104.22
8.117723540318128,214,477,13.15,51.15,587.56
8.118582818647763,326,774,9.69,39.06,177.87
8.118679719672214,913,566,19.94,75.60,42.63
8.125774886476286,867,130,7.03,28.82,3379.54
8.1306107171091,504,698,14.24,56.22,343.88
8.131169331516968,60,855,36.49,143.31,1890.89
8.133018281402215,628,678,7.77,31.53,95.05
8.133350532191045,527,384,0.25,0.91,160.74
8.13487300264133,64,458,8.73,35.80,179.05
8.136282799900306,207,991,26.52,103.84,77.84
8.136423009314768,418,971,42.24,164.63,478.76
8.13900160659806,223,701,2.29,9.91,503.82
8.139017465753827,86,151,21.30,82.92,101.09
8.14034299942553,749,162,2.77,10.53,114.94
8.14077237925814,385,283,0.02,0.10,240.95
8.140852173329495,580,264,31.19,120.58,88.34
8.141270172012131,30,83,5.13,22.12,214.60
8.141948155407333,645,26,4.00,15.15,294.47
8.142779614948848,966,267,17.17,70.13,433.59
8.145045959546506,613,288,1.69,6.27,98.71
8.145163584798041,232,486,4.32,17.95,256.73
8.146931587067805,564,552,13.72,55.79,103.59
8.14779363182473,180,438,6.99,30.70,116.70
8.14791027167875,474,585,22.42,92.11,122.51
8.150682344778028,680,829,63.24,252.24,228.77
8.151223772418405,962,412,13.14,53.15,96.60
8.154006659029609,272,829,37.17,145.40,265.94
8.155165595022375,100,980,0.50,2.21,5.76
8.15565582875649,103,198,3.60,14.46,113.15
8.156644429951662,381,419,2.23,9.62,78.06
8.157496024517775,143,259,32.79,132.86,1211.85
8.160285322970266,899,144,15.22,62.37,99.47
8.160973062997831,251,964,6.55,25.14,19.95
8.161626487719838,969,371,20.56,86.16,209.00
8.16294957290127,714,713,2.81,10.90,50.62
8.163216638439472,440,618,11.33,45.10,982.27
8.16636552593172,295,614,22.17,87.59,177.91
8.168546388473416,674,853,29.73,118.01,44.33
8.168886722640085,353,439,8.87,36.93,309.82
8.170788511723401,625,971,14.01,55.42,492.77
8.17095150262924,114,383,91.80,370.78,638.09
8.171506308919769,768,862,7.32,29.15,490.23
8.175529639574018,242,634,13.33,51.04,549.32
8.175845057303812,128,123,17.33,74.12,128.81
8.177602972686866,316,30,20.16,80.75,42.28
8.177833223148468,20,259,19.88,80.80,1231.73
8.178231243549291,930,210,30.24,116.28,243.37
8.178985385184362,423,578,21.59,86.38,601.57
8.180126188108542,927,578,11.01,43.88,612.58
8.180369910059827,460,19,31.14,119.56,57.72
8.180884283867591,404,173,0.00,0.00,15.89
8.181112858553966,27,855,30.64,120.77,1921.53
8.181759399460635,832,249,20.58,81.31,207.67
8.18323520866853,710,130,1.24,4.33,3380.78
8.184785089612193,849,873,11.69,42.94,423.83
8.184993535467326,765,259,20.92,84.59,1252.65
8.187554628027407,824,766,21.76,85.44,658.81
8.187639100910282,675,743,24.25,98.79,366.29
8.189722080796297,912,98,14.86,59.07,251.57
8.189771116166675,683,828,17.82,72.17,120.82
8.191642983228693,409,471,0.35,1.85,25.18
8.194116102239843,672,574,0.24,1.16,38.27
8.194475294109882,742,666,5.35,22.37,64.12
8.194582869262009,904,891,4.49,17.24,15.27
8.195022251683266,130,678,674.72,2706.06,769.77
8.195487801757523,379,962,2.86,11.98,56.01
8.196561579970691,312,258,12.15,48.11,102.88
8.198439712344003,747,267,3.68,13.45,437.27
8.201806223519336,65,851,46.46,186.14,162.32
8.201941876655228,815,564,14.30,60.11,70.09
8.203759976398118,511,676,4.44,16.94,51.17
8.204738216356038,677,341,17.78,70.79,69.53
8.206741021672398,366,745,4.14,16.04,81.16
8.207547102379678,637,893,17.45,69.06,94.69
8.207575434766827,31,578,5.03,20.35,617.61
8.209588636331691,823,130,14.66,57.83,2720.72
8.209805045634987,945,298,28.98,114.77,57.22
8.209945434634673,414,562,12.56,49.09,58.38
8.21230408289307,430,748,13.11,51.87,43.67
8.212575110379024,339,199,4.32,15.76,117.19
8.21270031864421,980,274,1.04,4.72,139.58
8.213269643914751,292,542,5.90,23.50,52.33
8.21394432564106,391,730,16.64,66.69,288.72
8.21583930924473,157,446,7.01,27.01,36.78
8.217421860676398,291,618,14.05,54.79,996.32
8.219396174316104,639,308,12.46,48.61,84.36
8.220142747428763,385,560,0.01,0.09,2497.74
8.220460637602768,638,166,12.09,47.38,27.82
8.221180273474005,15,517,4.97,19.68,195.50
8.222355803577695,638,376,9.51,37.87,25.90
8.224815072744818,719,22,9.68,36.92,264.31
8.226246472599293,812,200,0.17,0.59,58.94
8.226809899388693,809,861,0.00,0.08,513.57
8.22778223082981,90,688,7.76,33.26,56.72
8.231739830773472,487,987,11.03,45.07,112.00
8.233330334648121,177,259,1.69,6.96,1254.34
8.23343354300432,403,872,13.74,54.89,66.63
8.238777071500968,511,831,3.48,13.46,220.80
8.23900653906255,924,779,14.38,58.55,54.26
8.240551811947897,813,875,5.62,22.01,30.91
8.242509954258328,462,861,5.46,23.09,519.03
8.242599251367096,527,578,0.18,0.73,617.79
8.242647535961686,613,598,1.34,4.93,2.77
8.24344109573467,976,102,10.02,41.92,136.32
8.244840245369256,39,918,7.87,29.81,93.79
8.246392722949553,132,10,15.03,63.92,81.18
8.249990068291327,310,419,8.88,35.76,86.94
8.253472259085024,948,855,3.63,14.06,1925.16
8.254522589320286,651,263,2.25,9.84,237.82
8.255062872516937,401,560,1.24,4.56,2498.98
8.255654324606951,496,226,18.71,72.52,40.25
8.258422763288639,415,383,18.59,76.80,656.68
8.25928502520208,905,678,17.56,69.90,787.33
8.259414624762947,708,280,18.88,75.93,105.13
8.259429341241205,837,84,2.15,9.62,736.96
8.260034611314765,543,969,0.82,2.58,86.98
8.260146153490073,848,63,10.81,42.61,55.67
8.261587822730961,856,411,2.71,11.93,365.64
8.26537453580297,84,430,147.73,589.23,199.60
8.265579842951295,438,20,22.97,93.73,103.77
8.266622806569067,224,108,20.62,80.53,2500.46
8.267245574837071,687,992,0.39,1.29,20.57
8.27009330580025,409,406,0.41,1.44,290.84
8.272073317471492,653,286,9.20,37.16,46.93
8.273881777989423,47,804,25.15,101.67,70.15
8.275597242291543,982,540,18.88,75.62,47.57
8.278227805767118,44,874,1.44,6.16,26.63
8.279058693934246,577,855,8.74,35.39,1933.90
8.279457414796196,667,712,0.15,0.53,1025.49
8.280354117780933,66,284,4.89,19.85,213.20
8.281067443482542,629,705,11.92,48.11,448.05
8.28166878221109,913,500,15.23,60.37,68.80
8.28262745177811,694,193,8.96,33.80,141.08
8.285550837373975,713,259,10.10,40.52,1264.44
8.286931520085458,336,926,9.41,38.85,50.90
8.2870530835256,373,383,15.90,60.38,672.58
8.287499045081866,115,518,3.28,13.85,46.00
8.29143608713613,612,492,9.05,36.85,60.93
8.292962319284964,833,341,11.01,44.56,80.54
8.293276156852686,170,618,8.68,36.29,1005.00
8.295115059745417,772,130,6.03,24.55,2726.75
8.295248152477075,291,114,11.89,42.90,382.67
8.299321843603513,475,333,19.08,74.92,166.82
8.301256809345016,576,514,2.94,11.18,231.91
8.3015451258778,527,141,0.09,0.64,84.86
8.302796165991314,494,108,17.70,69.65,2518.16
8.303423524833992,435,707,67.93,263.68,91.63
8.303542854959254,598,953,0.44,2.33,245.95
8.304150716979604,773,808,41.85,166.32,77.31
8.304744068912864,998,661,0.47,1.80,54.46
8.306487802812168,584,65,4.50,17.97,190.64
8.307205698256695,970,868,11.82,46.41,148.18
8.307825586901544,995,826,29.39,114.87,60.34
8.30786889560051,949,972,19.04,74.24,297.09
8.308481169870175,369,486,12.50,49.45,269.23
8.308770434914695,259,341,254.28,1010.16,334.82
8.310631883732903,998,822,0.35,1.45,66.80
8.311916103343252,889,157,15.55,59.30,42.56
8.312470701993462,590,270,3.78,15.74,308.60
8.313526791617548,767,560,6.25,26.11,2505.23
8.313644975197128,495,517,8.69,35.20,204.19
8.31386865168159,584,860,3.57,14.40,179.18
8.313994541778014,954,719,9.80,40.41,46.72
8.314477047764749,987,486,22.82,89.18,292.05
8.316000392600637,132,41,12.96,50.96,66.66
8.316577791952097,519,335,6.43,24.80,67.07
8.317527063788843,953,108,48.80,197.15,2566.96
8.319632838140404,928,654,35.86,144.51,142.83
8.320397644361723,18,249,5.84,23.31,213.51
8.321165093180017,413,348,14.64,60.45,57.14
8.321223069391314,585,833,24.19,98.32,68.75
8.321709143495116,827,267,6.46,25.29,443.73
8.322823999325587,292,953,4.61,18.89,201.76
8.323249863714683,857,934,10.72,45.41,35.35
8.323395793934578,598,145,0.44,1.89,30.01
8.324740302790817,525,749,15.59,61.15,26.12
8.326365204449829,1,48,12.00,48.00,63.79
8.326640138868049,872,366,13.38,53.25,29.42
8.329077277788754,980,486,0.91,3.81,292.96
8.329752048177545,818,108,10.63,43.70,2577.59
8.333297129974198,392,477,14.33,58.51,601.89
8.3353898700025,667,969,0.12,0.41,87.10
8.340958380414563,235,488,13.91,53.93,129.88
8.341491183032955,2,560,0.99,3.68,2506.22
8.341873919024177,983,861,23.65,96.28,542.68
8.342331015263705,809,325,0.01,0.07,188.93
8.34252594639252,471,869,5.04,20.14,117.51
8.34463694619773,527,108,0.12,0.52,2577.71
8.344708562811295,83,84,42.17,172.43,631.40
8.345594883107314,296,862,0.29,1.33,490.52
8.348537302758524,849,743,8.38,34.56,374.67
8.351133520681453,492,370,12.87,48.06,90.70
8.351743911427349,99,654,0.94,4.03,143.77
8.35228723093236,201,406,8.98,36.63,299.82
8.352485112885063,510,712,4.12,17.38,1029.61
8.35252595395294,404,248,0.00,0.00,157.36
8.354858915775878,644,364,2.63,10.81,93.01
8.356267240175447,381,873,1.83,7.79,425.66
8.356928364967532,324,855,4.40,18.72,1938.30
8.358118996740178,70,734,23.67,93.28,149.20
8.358302703977532,816,225,7.06,28.27,30.63
8.358833609474525,197,514,4.24,16.21,236.15
8.35927898321976,604,950,0.35,1.34,159.91
8.359889827235971,470,271,13.01,48.68,67.00
8.361066630826613,515,269,6.90,25.99,69.05
8.361671974815712,713,320,8.26,32.26,15.71
8.363134632818554,565,149,20.32,79.80,316.59
8.364127506638825,980,775,0.74,3.07,4.62
8.36419439999115,764,259,0.81,3.18,1010.97
8.364635865614979,265,56,49.89,202.22,218.24
8.365494817497119,788,347,7.57,27.98,63.45
8.366572604321046,462,778,4.62,18.47,57.26
8.366841144984264,230,699,20.87,85.35,73.47
8.36755989297434,998,604,0.37,1.08,1.71
8.367827385190827,457,65,16.41,65.03,207.05
8.369579999062816,998,310,0.22,0.86,35.98
8.36998374878014,588,130,36.57,150.04,2763.32
8.370483253259472,179,953,12.38,51.20,214.14
8.370551913321231,18,988,4.62,18.69,305.34
8.371392441114788,573,705,20.06,81.26,468.11
8.373146680628967,361,22,4.87,20.69,269.18
8.373278136785306,919,75,45.68,176.40,112.46
8.373620128451178,404,739,0.00,0.00,88.66
8.373723860520693,339,74,2.96,12.80,122.09
8.37493296915906,407,323,5.55,20.89,40.45
8.374945901530035,9,923,11.31,44.06,60.69
8.374955812328375,873,391,84.23,341.43,150.92
8.375416203886983,809,130,0.01,0.06,2763.33
8.376353575990404,677,855,13.73,57.06,1952.03
8.377064251072914,385,151,0.02,0.07,101.11
8.377189620967192,150,855,18.69,72.45,1970.72
8.377456007600324,17,130,21.02,85.95,2784.35
8.37771513867728,132,46,10.89,40.07,50.45
8.378465472136329,491,240,11.55,47.30,87.05
8.378669941070267,726,396,13.04,49.77,41.01
8.379241056171812,606,781,44.10,176.19,55.71
8.379278028625007,622,428,4.18,16.95,54.85
8.379477665178168,582,424,13.72,57.18,91.78
8.379608612357735,412,222,19.54,77.06,88.86
8.381097826345234,15,594,3.90,15.78,88.67
8.382561840554516,505,649,7.62,29.84,259.83
8.383024506389834,629,678,9.25,38.86,796.58
8.383455011218395,672,52,0.24,0.92,19.88
8.38544891067059,970,538,9.01,37.40,131.08
8.387559012226962,653,108,7.36,29.80,2585.07
8.387758748041943,861,486,110.25,432.43,403.21
8.390264269421708,935,129,7.69,32.90,735.73
8.390902932999111,837,811,1.79,7.83,60.57
8.392458780889879,267,137,90.89,352.84,124.03
8.392866449257872,378,789,19.72,77.79,47.79
8.394320984368116,903,270,24.14,97.52,332.74
8.395172249387137,78,194,10.08,40.46,122.02
8.397315354659932,251,477,5.28,19.86,607.17
8.398267734956914,711,560,15.91,60.36,2522.13
8.404577281873815,252,113,8.08,35.01,159.44
8.404971222070335,6,477,23.54,96.78,630.71
8.40503325217063,448,483,4.49,19.27,118.49
8.40728437298941,828,46,24.49,96.33,74.94
8.407366503234014,710,155,0.86,3.47,19.48
8.407834844457463,848,108,9.07,33.54,2594.14
8.408000271069948,802,699,0.99,4.06,74.46
8.40891891573509,667,712,0.02,0.39,1029.63
8.409340219206179,201,921,7.37,29.26,70.67
8.41163701495902,54,902,6.70,27.05,139.06
8.411830520451108,45,84,4.12,17.42,635.52
8.411982781676102,223,411,2.11,7.80,367.75
8.413169246289337,540,465,9.16,38.41,81.12
8.414145352899308,195,954,10.55,44.91,50.96
8.414284778862976,224,130,15.76,64.77,2800.11
8.414307918376824,376,560,5.01,20.89,2527.14
8.41564274932629,40,141,12.51,49.34,97.37
8.416082990880085,431,938,12.42,46.28,27.37
8.416502392923894,776,855,18.24,71.79,1988.96
8.418005609333797,850,557,24.76,99.55,99.93
8.41884637883112,638,130,7.30,30.57,2807.41
8.421904670047443,915,56,0.87,3.33,219.11
8.422233250926736,421,919,14.12,57.12,190.52
8.42471669524209,209,520,15.65,64.69,38.56
8.427645410388267,943,769,8.88,36.74,81.57
8.42790484425276,985,130,11.69,48.60,2819.10
8.42859862443542,980,377,0.65,2.42,107.31
8.428674485401308,404,132,0.00,0.00,40.07
8.428920425035857,122,560,17.98,72.55,2545.12
8.42930579253669,315,56,19.71,79.83,238.82
8.429390766651515,385,678,0.00,0.07,796.58
8.429596415552872,561,727,16.31,66.41,131.63
8.429618291886007,240,874,17.35,69.70,43.98
8.42983727027698,983,485,18.92,77.36,100.25
8.431585392516691,983,13,15.35,62.01,450.66
8.432810371667548,502,994,0.80,3.21,3.81
8.43534502997661,710,757,0.70,2.77,117.99
8.436876445915518,296,796,0.20,1.13,112.99
8.438055447410404,815,315,12.03,48.08,91.86
8.438061032451325,688,998,11.21,45.51,12.07
8.438556094378184,802,113,0.79,3.27,160.23
8.439961648363003,980,108,0.49,1.93,2594.63
8.440198170145871,628,240,6.36,25.17,76.06
8.441098162477472,929,971,11.12,44.25,503.89
8.441809504314277,924,21,12.22,46.33,120.48
8.442447556066114,293,374,33.80,134.47,430.24
8.442768046091887,196,382,3.51,13.81,43.87
8.442869801172986,134,301,205.37,816.51,357.80
8.443079843011112,597,274,13.96,54.89,153.54
8.443928074793659,117,267,12.36,48.31,365.20
8.444502851758088,779,271,11.01,43.25,78.01
8.445520928767316,784,961,1.21,5.33,49.84
8.446820770280683,985,855,9.75,38.85,1998.71
8.447269503671967,601,335,17.79,72.04,84.86
8.448250582663428,891,648,3.30,11.97,129.61
8.448523159466486,177,945,1.44,5.52,116.21
8.449088924274479,934,130,7.36,27.99,2826.46
8.449132238899942,914,872,1.27,5.72,54.52
8.450878708935882,402,908,39.77,160.47,90.57
8.451769392891222,540,402,7.59,30.82,168.06
8.452656599612661,672,881,0.19,0.73,64.69
8.45298570404079,746,565,21.13,82.96,100.93
8.453599484128741,404,572,0.00,0.00,98.92
8.453949958896567,107,185,20.10,78.99,144.58
8.454403188875922,742,988,4.55,17.82,309.89
8.455843306923242,698,319,68.42,275.46,103.20
8.4565585070953,534,738,20.62,85.01,106.61
8.456627111811263,404,428,0.00,0.00,54.85
8.459087726115142,107,296,16.11,62.88,17.24
8.459510656559967,914,134,1.12,4.60,817.63
8.459793104889854,419,719,17.41,69.53,64.13
8.460183883768298,64,175,7.01,28.79,43.87
8.46028198185446,666,678,12.83,51.29,809.41
8.462549450155088,949,593,14.81,59.43,52.97
8.462987455011703,288,704,19.53,79.18,71.93
8.463098986260318,23,386,3.05,12.17,84.35
8.46333952766445,696,592,5.84,24.42,150.18
8.463711143009483,49,872,5.42,21.86,59.94
8.464114268129801,80,334,8.09,33.70,301.90
8.464980483041394,129,933,147.06,588.67,195.53
8.465044577109802,710,756,0.62,2.15,42.05
8.469452117150762,512,757,3.89,14.38,121.88
8.46947365692433,352,454,10.49,40.96,114.08
8.470288662044984,419,94,13.80,55.73,35.40
8.470974739526213,799,95,6.67,26.78,31.21
8.471852963317174,169,730,5.02,21.64,293.74
8.473203230621328,675,560,19.51,79.28,2564.63
8.47555487892781,749,712,5.36,20.76,1034.99
8.475662552133677,632,546,34.93,136.61,92.49
8.476287960269927,210,861,49.00,194.37,481.43
8.476523020493518,601,831,14.54,57.50,235.34
8.477848669133616,309,374,67.20,265.24,497.44
8.477912218090085,570,618,7.12,29.19,1012.12
8.478221962674994,389,637,8.37,34.92,77.43
8.478271372766148,409,718,0.36,1.08,65.46
8.479123489336098,330,130,9.22,34.89,2835.68
8.47978095773674,404,108,0.00,0.00,2594.63
8.480370835223223,719,797,12.84,51.29,38.67
8.481124337124086,779,786,8.56,34.69,46.62
8.481198932057032,651,455,1.89,7.95,114.67
8.483244490917457,387,560,4.11,17.01,2568.74
8.48593017240546,141,766,20.01,77.36,678.82
8.485956449381192,862,270,97.78,392.74,430.52
8.486383455294781,185,950,28.55,116.03,188.46
8.48764619782267,749,618,4.25,16.51,1016.37
8.48932940631418,913,131,11.79,48.58,40.44
8.493030067862712,621,35,16.26,68.09,79.80
8.493563023113587,984,79,17.41,68.91,95.88
8.493569707666287,995,101,22.93,91.94,45.54
8.495095357544923,38,491,16.99,70.65,64.29
8.49797856241094,906,129,9.55,39.88,598.22
8.498412843004443,680,592,50.69,201.55,200.87
8.498443531127897,527,643,0.11,0.41,39.61
8.498944528822674,409,953,0.20,0.88,214.34
8.499168993467821,235,526,10.72,43.21,16.69
8.499530895297092,764,564,0.69,2.49,70.78
8.50091407281673,857,131,8.95,36.46,49.39
8.501022980006432,324,637,3.42,15.30,80.85
8.50226730642447,601,130,11.67,45.83,2847.35
8.502629176352317,75,746,22.08,90.38,105.04
8.50490746590494,505,114,6.01,23.83,388.68
8.505177833214898,177,988,1.17,4.35,311.06
8.507371419742043,2,383,0.74,2.94,673.32
8.511897330267786,576,560,2.34,8.84,2571.08
8.511920686608,433,66,7.29,29.95,27.14
8.512463300143327,527,493,0.11,0.30,182.31
8.513033044544185,112,861,13.84,55.07,495.27
8.514562206075677,516,321,11.21,46.29,146.27
8.515735918726678,206,369,5.61,23.11,55.06
8.51575999481372,149,425,64.21,252.38,120.54
8.515831377219584,631,228,11.14,45.95,69.21
8.516120753130934,576,413,1.92,6.92,62.37
8.51735137209196,944,578,16.86,67.10,634.65
8.517536533229526,419,275,10.50,45.23,85.79
8.517993471721823,248,196,31.42,125.94,45.23
8.521426566433824,809,299,0.02,0.04,67.97
8.52145754827537,138,516,8.86,34.55,55.15
8.521694929370161,219,790,13.78,50.48,110.39
8.52198165525419,419,990,8.99,36.24,63.12
8.523661005971677,852,488,17.79,70.35,147.67
8.523697657456943,946,412,7.76,30.01,84.82
8.525788639818536,333,419,33.63,133.19,69.87
8.526613650928516,947,578,33.32,134.51,667.97
8.528647431104114,221,701,5.01,20.70,508.83
8.528888130684324,148,701,12.42,53.08,521.25
8.532446824344571,927,769,8.85,35.03,90.42
8.535581240399097,944,560,13.54,53.56,2584.62
8.535656317497528,72,855,8.27,33.36,2006.98
8.536322314278483,601,374,8.96,36.87,506.40
8.536766990883958,543,285,0.44,2.14,220.34
8.536963890057011,723,165,2.17,7.31,183.65
8.537835612381674,375,435,11.50,47.70,275.18
8.538344207611217,770,860,31.73,126.01,210.91
8.539265190868282,294,501,1.70,6.37,91.09
8.53955295457658,177,130,0.95,3.40,2848.30
8.540502343815945,390,973,3.88,16.08,10.74
8.540572485631309,324,100,2.88,12.42,5.09
8.54070991784217,685,323,12.73,53.42,53.18
8.54181008216996,424,457,18.54,73.24,83.57
8.542033424057081,350,538,23.94,95.23,155.02
8.542510901997057,177,334,0.78,2.62,302.68
8.543615640806596,452,660,17.07,65.20,86.10
8.544688456984728,500,243,13.85,54.95,114.30
8.546272647546708,915,174,0.68,2.65,70.81
8.548988322420598,573,201,16.83,64.43,46.09
8.549192181874938,28,165,10.08,37.41,193.73
8.550551577717073,984,383,14.14,54.77,687.46
8.553998583129495,366,501,6.08,23.34,97.17
8.554527260026587,516,488,11.23,43.92,158.90
8.555207875219331,132,129,8.33,31.74,606.55
8.55769957622343,938,768,5.81,21.56,34.96
8.557852714086271,851,909,32.20,130.12,180.29
8.558807709773959,273,408,29.48,114.84,240.07
8.559708211801897,858,108,6.11,25.12,2600.74
8.56147984739428,628,799,4.89,20.28,31.67
8.562421923771213,584,82,3.11,11.29,31.96
8.56436937200344,725,855,18.23,72.79,2025.21
8.564962723745436,489,130,4.84,18.97,2853.14
8.565217737108464,467,746,1.75,6.76,106.79
8.566600488892298,989,955,8.46,31.77,206.26
8.567120189578516,508,302,13.67,56.09,66.56
8.567629193395069,527,108,0.04,0.26,2600.78
8.567791198225372,444,477,6.13,24.31,636.84
8.56836384451909,161,719,6.70,26.78,57.99
8.568719347078586,179,418,10.01,41.19,174.64
8.571388022972016,500,458,10.41,44.54,189.46
8.57257427421058,860,539,41.74,169.17,153.68
8.572925569951797,667,855,0.09,0.30,2025.30
8.57448028354121,347,739,12.79,50.66,101.45
8.575528736034036,324,439,2.63,9.79,312.45
8.575607451113473,558,757,3.22,14.40,125.10
8.575717295905152,431,108,9.20,37.08,2609.98
8.578173367747457,543,108,0.43,1.71,2610.41
8.57943144580689,865,618,15.65,62.58,1032.02
8.579714411332676,869,397,22.93,94.58,278.08
8.58122759963832,193,388,28.15,112.93,109.35
8.581426102514998,288,464,15.76,63.42,122.30
8.581884264382667,137,862,24.79,99.24,417.53
8.584015431787387,98,73,50.88,200.69,167.62
8.584512646464619,404,108,0.00,0.00,2610.41
8.587997965766306,629,30,7.95,30.91,50.23
8.589583813572395,409,684,0.22,0.66,59.84
8.59045621224916,518,900,9.14,36.86,55.64
8.59094957955097,942,746,12.35,51.04,119.14
8.59205729449908,977,172,56.76,228.45,142.19
8.594439824139705,194,186,24.28,97.74,117.35
8.595892101063784,849,908,6.90,27.66,97.47
8.598424330834636,605,560,4.61,18.09,2589.23
8.598517662045001,456,130,3.34,12.10,2856.48
8.601895958298735,269,855,13.58,55.47,2038.88
8.60481926594339,354,862,14.41,58.09,431.94
8.60616822413907,604,245,0.37,1.34,4.85
8.607633401975335,192,270,27.04,109.82,457.56
8.609266470416825,328,267,20.63,84.92,385.83
8.609452899849241,142,343,6.72,28.17,138.92
8.609769478577856,486,50,80.51,322.70,230.98
8.610716789738468,261,704,3.56,13.19,75.49
8.61309466610991,298,258,11.22,46.00,114.10
8.61686163803777,83,77,34.37,138.06,59.35
8.616875311867508,802,600,0.72,2.55,87.56
8.618534869041206,710,130,0.44,1.71,2856.92
8.618842491629238,5,358,2.14,8.44,85.99
8.6210375845987,266,377,8.49,33.60,115.80
8.621899475004174,954,525,10.28,40.68,71.43
8.622220733488126,127,486,21.27,83.78,343.97
8.622332422061275,83,187,27.63,110.43,564.28
8.622396631076468,295,187,17.48,70.11,581.76
8.6229271997458,462,285,3.77,14.70,224.11
8.623374587158773,667,926,0.07,0.23,50.97
8.623659482110824,377,32,22.87,92.93,116.49
8.628970639034646,238,517,11.33,46.52,215.52
8.629066051456979,936,413,5.18,21.55,67.55
8.63165481623071,188,535,10.47,42.57,94.19
8.631929502389486,749,419,3.46,13.05,73.33
8.63222637262222,667,159,0.04,0.19,220.01
8.63355066716278,801,107,6.68,25.71,69.56
8.634285054115788,121,222,12.94,50.87,101.80
8.634583220562682,350,899,19.04,76.19,81.41
8.635488133556697,463,134,17.59,70.94,835.22
8.63778685885917,922,684,13.60,55.66,73.44
8.638526143097087,396,130,8.32,32.69,2865.24
8.640116717036928,159,507,43.64,176.37,65.99
8.641388872784546,904,104,3.42,13.82,23.29
8.642036474909144,890,104,10.13,40.69,33.42
8.64228117880395,613,130,0.95,3.98,2866.19
8.644237941186919,242,148,10.17,40.87,63.25
8.644710380439623,957,288,12.93,51.00,76.35
8.64935550038805,201,933,9.35,36.74,204.88
8.650171474151382,455,108,23.05,91.62,2633.46
8.653033573752381,784,866,1.04,4.29,20.29
8.653903142484516,622,855,3.50,13.45,2042.38
8.653989243644512,127,459,16.15,67.63,35.73
8.654854400086904,475,339,14.66,60.26,27.46
8.659948376062317,33,911,27.25,107.94,65.68
8.660334943781496,317,986,20.89,84.19,57.23
8.6608901696656,225,1,6.29,24.34,54.29
8.662193866874553,543,121,0.32,1.39,51.19
8.663849946669268,664,33,24.13,94.72,132.07
8.665708261018457,940,873,17.06,70.15,358.49
8.665734001031307,349,108,45.24,181.53,2678.70
8.666265397844462,449,235,9.60,40.24,52.81
8.667044336533122,372,266,5.37,22.03,38.97
8.671080349614906,345,966,1.95,8.04,72.08
8.67194481076748,425,234,24.00,96.54,32.49
8.67262670698932,606,992,35.10,141.09,55.67
8.67313166968386,628,114,3.90,16.38,392.58
8.673841291704779,119,52,31.22,123.48,51.10
8.673995936846685,925,781,20.07,76.98,75.78
8.675054090772445,379,833,2.29,9.69,71.04
8.675992151984293,537,734,38.37,156.11,187.57
8.677400727285795,404,84,0.00,0.00,635.52
8.678548351784672,588,561,30.27,119.77,96.68
8.679080736280039,633,477,13.32,52.77,650.16
8.679928615328285,366,477,4.84,18.50,655.00
8.680440121696149,941,900,4.87,18.61,60.51
8.680930837322162,465,17,15.52,65.60,101.47
8.68285158013878,691,560,23.19,92.08,2612.42
8.683253838252194,406,267,59.20,240.62,445.03
8.683398410588364,608,130,6.96,28.47,2873.15
8.683422658104108,735,947,12.35,47.78,146.86
8.683484826476793,63,187,11.30,44.37,593.06
8.68380676487871,100,130,1.05,4.04,2874.20
8.684809563689141,858,576,4.92,20.20,11.84
8.687779916361501,221,108,4.13,16.57,2682.83
8.689040329563632,52,483,9.68,41.42,128.17
8.689552758282863,777,505,20.09,78.43,43.92
8.69220236175643,345,406,1.61,6.43,242.23
8.692243002910585,466,766,15.73,65.97,694.55
8.693589240446565,211,617,28.23,113.90,221.57
8.69385939463462,14,438,14.12,57.23,107.85
8.694174652341227,311,738,142.51,565.82,249.12
8.69429618423407,998,72,2.38,9.69,35.74
8.695395888375478,543,160,0.26,1.13,71.30
8.69682442170181,694,26,6.55,27.25,301.02
8.704335199334935,996,267,17.94,70.83,462.97
8.705521436813035,757,698,24.42,100.68,299.88
8.7085510161655,778,248,11.38,45.88,137.32
8.71021204036334,676,654,10.36,40.81,154.13
8.71066178692976,358,278,17.61,68.38,70.15
8.711319342999154,28,874,7.66,29.75,51.64
8.711347101147487,812,145,0.10,0.49,30.11
8.711492014356647,380,677,8.53,35.39,65.59
8.711883880505829,938,995,4.29,17.27,96.23
8.712013724979812,420,117,12.96,51.62,61.27
8.71216649686172,563,134,23.56,94.31,858.78
8.713806084092273,973,560,2.02,8.72,2614.44
8.714787253151785,581,978,7.35,29.63,85.13
8.714869630327263,232,952,3.71,14.24,172.92
8.714925503032594,432,289,1.31,5.17,163.83
8.71511562611788,100,846,0.78,3.26,43.26
8.715646396862567,709,179,7.90,31.32,49.09
8.71583234905142,667,606,0.03,0.16,141.12
8.716039394432407,847,418,7.65,28.82,182.29
8.71750722148012,430,200,40.25,159.35,99.19
8.718359238611113,808,680,15.68,61.63,217.23
8.718380585573328,508,259,11.44,44.65,1022.41
8.719315270727352,990,309,12.04,51.08,277.28
8.720689977091718,980,423,0.29,1.64,86.67
8.721145749137282,191,676,7.43,29.95,48.24
8.721496687145834,781,669,15.90,59.88,123.07
8.722556633812367,430,561,31.48,127.87,128.16
8.723294526170646,375,199,9.57,38.13,126.76
8.72633128730779,328,57,17.08,67.84,41.33
8.726990218097296,587,727,27.45,114.78,159.08
8.728339024719315,283,130,48.62,192.33,2922.82
8.729243759022436,34,503,5.89,25.71,60.88
8.730176117054324,220,501,8.30,34.00,105.47
8.73072917127253,863,51,6.35,27.03,119.88
8.730783461973175,914,737,0.95,3.65,52.28
8.730957439841594,7,130,22.74,90.82,2945.56
8.733248802120361,396,592,6.67,26.02,207.54
8.734539194932381,872,178,12.37,47.57,23.36
8.73480138085211,234,263,6.08,26.41,243.90
8.735326117999776,474,84,18.60,73.51,654.12
8.735587436004582,458,259,39.06,150.40,1061.47
8.735944262692671,510,130,3.50,13.88,2949.06
8.736045198542334,82,230,6.20,25.76,91.55
8.737886298940895,179,383,9.34,39.75,696.80
8.738550191262727,185,777,23.34,92.69,101.77
8.740231576456715,222,84,20.70,81.10,674.82
8.740447742238437,75,384,18.14,72.24,178.88
8.741555992470065,47,130,20.35,81.32,2969.41
8.741900689046442,153,384,14.31,58.09,193.19
8.742733697528898,576,5,2.29,9.55,10.73
8.74286368918073,641,267,5.48,22.31,468.45
8.743043301335968,236,187,10.57,41.15,603.63
8.744435892734694,809,473,0.01,0.03,116.73
8.745233561232503,627,261,3.80,17.14,16.99
8.745872980435857,40,108,9.81,39.53,2692.64
8.746384342083525,874,447,10.58,41.06,78.26
8.748210110947682,651,30,1.54,6.41,51.77
8.75099583592699,248,164,26.94,110.38,96.01
8.751247773748984,853,64,9.15,35.18,37.94
8.751760451829867,284,555,42.35,170.85,193.03
8.752427233048111,588,84,23.92,95.85,698.74
8.753407866989631,613,450,0.82,3.16,85.28
8.756692142861988,965,757,12.18,49.82,112.86
8.757266563198378,573,94,13.23,51.20,48.63
8.760126793819556,613,480,0.71,2.45,283.91
8.760382690183125,451,576,11.92,46.64,21.47
8.76216671436448,17,569,20.86,80.61,159.28
8.762376738831719,985,811,7.63,31.22,68.20
8.762402648301089,344,130,49.57,202.05,3018.98
8.764023426910912,937,178,6.28,25.42,29.64
8.764034424957442,246,505,12.37,48.95,56.29
8.766809923948223,31,486,3.91,16.44,347.88
8.768870805706674,446,108,7.66,29.12,2700.30
8.77211765219549,802,259,0.37,2.18,1061.84
8.772177609582018,740,555,14.75,58.99,207.78
8.772458791031957,657,383,35.45,141.99,732.25
8.772859206537031,38,614,14.35,56.30,192.26
8.774056166766782,143,477,27.43,105.43,682.43
8.775803019785345,633,622,10.64,42.13,24.09
8.777508877996466,39,211,5.84,23.97,119.74
8.778054055380881,404,701,0.00,0.00,521.25
8.779937254691152,672,773,0.17,0.56,166.49
8.78167235368089,543,501,0.20,0.93,105.67
8.782537719456473,34,343,5.00,20.71,143.92
8.783988064785932,740,130,11.32,47.67,3030.30
8.78457292504197,694,15,5.29,21.96,21.07
8.784971102230847,483,670,25.68,102.49,127.64
8.786062530369128,615,398,11.01,43.47,77.21
8.78977665795138,785,637,32.33,130.25,113.18
8.790064114778822,683,766,14.44,57.73,708.99
8.79016226571484,178,878,6.08,23.56,79.57
8.79091700172079,142,566,5.29,22.88,47.92
8.792402465780908,874,270,8.61,32.45,466.17
8.793205244803783,570,389,5.80,23.39,40.72
8.793744138202117,20,675,20.66,83.11,99.94
8.79577765779648,590,413,3.04,12.70,70.59
8.796265581630976,667,874,0.03,0.13,32.48
8.799557053873102,255,332,4.01,16.08,58.44
8.799568390252338,950,712,38.28,150.18,1073.27
8.801137581425666,527,187,0.06,0.20,603.69
8.803855433909627,378,130,15.89,61.90,3046.19
8.804747786101421,103,972,2.69,11.77,299.78
8.807317186410344,642,202,12.25,48.29,51.60
8.808678200495924,10,857,16.59,64.59,53.05
8.808919325654324,698,855,60.51,239.37,2102.89
8.808951737795146,483,701,20.21,82.28,541.46
8.80902923820848,928,5,28.43,116.08,39.16
8.810847955698629,385,797,0.00,0.07,38.67
8.811099553169656,131,517,9.72,39.67,225.24
8.81110092569097,622,130,4.71,19.38,3050.90
8.812613659303745,34,428,4.17,16.54,59.02
8.812875629210986,980,291,0.40,1.24,43.30
8.813701337516896,151,573,20.01,81.10,71.21
8.813985166858917,559,759,29.89,124.44,158.36
8.815226452906188,154,955,22.96,91.97,229.22
8.815260341167543,540,129,6.25,24.57,612.80
8.819547809866735,809,995,0.00,0.03,96.23
8.819590237420957,705,855,93.35,374.76,2196.24
8.82006915369815,813,614,4.68,17.33,196.94
8.821899462177873,658,700,16.78,69.43,117.20
8.822868033632083,992,585,11.35,44.32,109.67
8.822967141772798,968,76,11.47,44.70,80.28
8.823234247352385,502,246,0.59,2.62,49.54
8.823260885639993,545,694,11.76,46.13,33.72
8.823798603109042,695,625,9.99,41.25,65.41
8.825423480503147,96,848,17.82,72.30,51.36
8.825638036320488,446,559,6.07,23.05,130.51
8.82735849235447,54,945,5.09,21.96,121.30
8.82781115542745,540,130,4.75,19.82,3055.65
8.830152005530199,385,719,0.03,0.04,58.02
8.832479842037923,983,654,12.18,49.83,166.31
8.832718955080777,119,187,24.14,99.34,627.83
8.836175377218833,695,886,8.15,33.10,70.11
8.836481746826918,404,855,0.00,0.00,2196.24
8.837252983821035,258,333,22.56,91.54,155.75
8.838079835849562,2,692,0.62,2.32,130.23
8.84063665483014,513,130,20.89,83.29,3076.54
8.842210383084073,385,1,0.01,0.03,54.30
8.842629030331148,698,664,47.99,191.38,142.71
8.844134014833646,440,882,8.96,36.14,43.41
8.845896789164645,914,470,0.81,2.84,49.49
8.846445310681105,664,873,28.83,113.88,387.32
8.849007311228721,541,919,3.35,13.32,193.87
8.849601356330776,732,872,15.54,63.52,63.11
8.84977088300882,695,874,6.48,26.62,38.96
8.850468036258766,322,241,17.19,69.32,88.66
8.850828901894221,630,908,27.15,112.75,124.62
8.850978159495671,144,958,19.64,79.83,99.30
8.851075061933079,857,451,10.01,43.04,56.65
8.851787199982065,294,73,1.21,5.16,168.83
8.852385070756085,56,403,47.85,190.97,102.74
8.853731393641999,456,429,2.44,9.66,11.13
8.854125243109692,57,855,8.21,33.12,2204.45
8.854624833995638,45,634,3.44,13.98,552.76
8.855063259657504,701,132,108.77,432.69,140.51
8.855580727089496,929,168,8.88,35.37,87.48
8.856975812624244,376,968,4.41,16.48,49.11
8.857234409290662,389,206,8.16,32.56,31.27
8.857746885225929,860,855,33.38,135.79,2237.83
8.857877948644665,401,845,0.84,3.72,35.13
8.85924183120873,667,278,0.00,0.13,70.15
8.860873975357148,106,130,7.49,33.41,3084.03
8.861278313415438,29,976,2.84,12.55,44.76
8.863586778632126,7,90,18.22,72.60,51.48
8.864999544815568,947,60,29.29,117.57,172.60
8.86641470132463,126,102,4.85,19.82,141.17
8.867195422740174,42,582,21.45,85.10,78.63
8.87058864469603,310,33,6.96,29.02,139.03
8.872683457225397,861,307,99.11,396.16,152.12
8.874014645369032,344,947,40.53,161.52,158.10
8.8745534574629,330,573,7.19,27.70,78.40
8.875155957936268,724,126,19.93,83.17,39.75
8.87557766962609,497,949,10.68,41.42,70.11
8.876338777542966,665,311,22.97,91.46,588.79
8.877552002282386,534,953,17.06,67.95,231.40
8.877650616487061,409,678,0.18,0.48,809.59
8.879155715122899,954,256,8.19,32.49,14.23
8.880230188634066,543,618,0.20,0.73,1032.22
8.88111817479698,237,550,8.49,35.19,101.85
8.882796280104559,2,981,0.46,1.86,22.34
8.884747733420388,431,17,7.53,29.55,88.14
8.88500518074759,894,371,11.75,48.93,220.75
8.887144970799248,282,136,24.64,102.66,47.93
8.88831009027426,385,618,0.00,0.03,1032.22
8.889383628889332,294,780,0.97,4.19,71.66
8.891111910321365,234,105,5.30,21.11,60.23
8.891678493873595,27,863,24.60,96.17,51.63
8.892762398469936,341,906,67.06,267.76,106.94
8.893251838245135,931,402,16.19,64.82,184.25
8.893385540973824,241,404,17.62,71.04,17.62
8.894050587699539,2,130,0.40,1.46,3084.43
8.89586835003881,296,130,3.41,13.83,3087.84
8.896323034319925,975,940,4.89,20.07,75.04
8.89702424938945,592,85,40.80,166.74,100.25
8.89780057083585,142,831,4.49,18.39,239.83
8.899058724009246,741,779,16.29,66.06,50.98
8.899736960846331,742,841,3.73,14.09,29.84
8.901398936711333,538,11,30.64,124.38,37.56
8.901897162878145,667,575,0.01,0.12,19.22
8.902529114245791,357,686,5.53,24.01,72.80
8.90360462698615,53,954,21.94,90.10,54.43
8.90369007313523,177,243,0.47,2.15,114.77
8.905067312086937,792,255,13.45,55.86,29.53
8.905212566785371,129,130,122.00,490.80,3209.84
8.907427336384961,328,743,14.08,53.76,388.75
8.90747193089804,264,848,17.93,70.41,69.29
8.908086338167044,240,908,15.73,60.33,140.35
8.90900074991241,837,402,1.50,6.33,185.75
8.90938092560329,845,639,7.10,28.03,55.71
8.910046220867722,488,84,32.19,126.71,730.93
8.910257281664238,998,35,2.12,7.57,81.92
8.910589534923233,492,252,9.53,38.53,44.54
8.911017455869102,424,618,14.57,58.67,1046.79
8.911098816181926,354,836,11.98,46.11,29.36
8.911439746974775,672,111,0.12,0.44,66.91
8.911861870730904,177,618,0.54,1.61,1047.33
8.91220984990857,672,129,0.11,0.33,490.91
8.912350639297566,550,542,20.65,81.20,72.98
8.917147045604539,685,307,10.85,42.57,162.97
8.917221266071103,264,383,14.10,56.31,746.35
8.917809745519428,667,664,0.02,0.10,113.90
8.91982263643747,608,259,5.71,22.76,1067.55
8.92259061009582,540,83,3.80,16.02,114.23
8.923297962097042,727,192,31.33,127.75,141.15
8.923672370744987,223,521,1.48,6.32,57.33
8.924283461081135,217,952,39.27,154.15,212.19
8.925112562596283,465,675,13.12,52.48,113.06
8.925233594252278,671,41,14.12,57.88,80.78
8.927810918933105,782,22,6.87,27.93,276.05
8.928377889523075,518,468,7.75,29.11,199.68
8.929038449898446,180,477,6.13,24.57,688.56
8.929574339956934,966,374,14.34,57.74,520.74
8.929755871177953,430,874,25.81,102.06,64.77
8.93037169170495,705,565,75.34,299.42,176.27
8.931609674762392,83,560,23.24,90.99,2637.68
8.93281986416792,929,38,7.28,28.09,63.58
8.936127411091233,177,560,0.32,1.29,2638.00
8.936978428478689,687,130,0.28,1.01,3210.12
8.938488464805435,179,872,8.19,31.56,71.30
8.938695405736658,980,872,0.24,1.00,71.54
8.941370269114682,784,369,0.84,3.45,55.90
8.942484179593588,899,517,15.86,65.55,241.10
8.943185076061514,386,181,16.71,67.64,28.88
8.943750107741906,373,501,11.67,48.71,117.34
8.943812850461184,265,634,39.74,162.48,592.50
8.945419055024354,862,258,86.40,345.54,177.94
8.948121811077794,337,130,14.45,57.08,3224.57
8.948128783005568,558,654,3.24,11.16,169.55
8.94840542102174,784,129,0.62,2.83,491.53
8.949706513335087,486,6,69.53,278.35,166.31
8.949905526034431,881,578,13.04,51.65,681.01
8.952127728045031,91,411,2.35,8.75,370.10
8.952467301971893,73,664,33.83,135.00,147.73
8.954439612694479,895,919,2.33,9.64,196.20
8.954849863332838,232,764,2.78,11.46,5.27
8.955391987913007,914,927,0.49,2.35,35.52
8.955635415647166,525,863,14.98,56.45,66.61
8.957701014653829,477,83,138.44,550.12,229.43
8.957897255652398,404,788,3.42,14.20,31.40
8.959063130292627,962,765,10.83,45.18,95.42
8.9595027232632,861,598,78.66,317.50,80.55
8.959579151181229,502,272,0.57,2.05,145.97
8.962319245955829,329,298,7.91,31.83,53.91
8.962925266014643,221,910,3.36,13.21,10.08
8.963139923973683,34,108,3.25,13.29,2703.55
8.965534144377155,107,705,14.17,55.39,313.59
8.965697887621083,356,560,8.55,33.80,2646.55
8.967798337779438,203,991,12.76,52.01,90.60
8.968149346618183,330,949,5.84,21.86,75.95
8.976339861679337,733,259,5.60,20.62,1073.15
8.977096317344888,724,647,16.80,66.37,77.43
8.977439112193338,667,344,0.04,0.06,161.56
8.97811567110078,407,874,3.94,16.95,68.71
8.980860140095073,398,855,16.04,61.17,2253.87
8.982064606462199,278,113,13.76,56.39,173.99
8.982890762047141,682,143,21.23,85.06,126.66
8.983413738445677,589,585,19.95,76.45,129.62
8.983671938549591,320,93,3.18,12.53,56.76
8.986082772207121,874,194,13.54,55.17,111.28
8.98632765730343,440,563,6.95,29.19,101.26
8.99085785588797,809,130,0.00,0.03,3224.57
8.99092330591571,613,949,0.43,2.02,76.38
8.991771165445908,116,794,7.70,31.00,68.83
8.992951700919583,235,200,10.78,42.03,109.97
8.994059463150304,849,108,5.65,22.01,2709.20
8.995290122774106,324,118,1.82,7.97,130.91
8.997096773807913,223,300,1.35,4.97,62.80
8.997456560028402,166,323,5.57,22.25,58.75
8.997620067598056,69,618,9.24,34.39,1056.57
8.997777461056051,296,861,2.73,11.10,320.23
8.997976368609017,786,129,9.32,37.30,500.85
8.999712860980122,161,646,5.15,21.63,59.88
9.002026955477236,837,374,1.43,4.90,522.17
9.002782198427598,91,700,1.77,6.98,118.97
9.00428673900392,230,108,18.48,73.07,2727.68
9.00558253829863,99,105,0.85,3.18,61.08
9.00790494954815,977,637,46.57,181.88,159.75
9.009813006056683,552,752,20.84,82.75,259.00
9.01045264781395,630,662,22.60,90.15,107.47
9.010486111771844,177,912,0.28,1.01,59.35
9.01049473051238,601,560,7.24,29.63,2653.79
9.010818377631603,261,832,3.39,13.60,84.70
9.01129643567534,667,862,0.00,0.06,345.54
9.011813225930979,427,512,5.55,22.01,19.93
9.012217772810155,511,458,2.48,10.98,152.88
9.01293079868474,582,387,15.61,63.02,32.62
9.013519829057572,936,874,4.36,17.19,59.53
9.014569813437717,989,705,6.39,25.38,319.98
9.015354836987703,10,600,12.49,52.10,100.05
9.015571867812906,649,578,52.70,207.13,733.71
9.016817062185822,613,560,0.39,1.63,2654.18
9.01692961645448,750,862,16.48,66.81,362.02
9.017335721860213,22,578,54.82,221.23,788.53
9.018619370362272,182,872,13.23,51.30,84.77
9.020709284282471,911,438,12.84,52.84,120.69
9.020834982998345,127,486,13.75,53.88,292.10
9.021179692692053,95,249,6.02,25.19,219.53
9.021723247679837,409,189,0.09,0.39,112.03
9.022033014735829,2,166,0.32,1.14,22.57
9.023103205730438,883,680,12.65,51.70,229.88
9.023442952479444,738,108,50.52,198.60,2778.20
9.024706193870953,123,33,25.41,103.40,164.44
9.0248899465754,680,941,45.69,184.19,64.30
9.025713573949856,423,259,16.98,69.69,1090.13
9.026807955229575,767,130,5.23,20.88,3229.80
9.028273367345834,742,763,3.00,11.09,52.71
9.030254777351146,385,419,0.01,0.02,73.34
9.030638807261134,695,267,5.40,21.22,473.85
9.03068987580624,404,563,3.08,11.12,104.34
9.030998066149383,806,388,14.91,61.63,124.26
9.0310789693448,3,942,7.33,29.56,58.37
9.03110421908166,567,855,9.34,36.71,2263.21
9.031802460814381,11,559,7.70,29.86,138.21
9.031962298174527,699,769,14.66,59.80,105.08
9.032816194349227,891,988,2.32,9.65,313.38
9.033281708625024,928,209,22.83,93.25,87.52
9.034296298458141,882,126,8.85,34.56,48.60
9.03692757457003,557,350,19.57,80.36,95.76
9.038397026752166,19,73,11.10,46.62,146.10
9.040064797953253,853,872,7.15,28.03,91.92
9.040750173785616,600,130,20.50,79.55,3250.30
9.040940093955255,894,129,9.74,39.19,510.59
9.042495401836248,616,812,17.58,72.22,18.07
9.042800497289724,665,259,18.52,72.94,1108.65
9.045333791948227,718,130,12.96,52.50,3263.26
9.04536914510302,447,26,14.97,63.29,315.99
9.045751997495094,404,909,2.12,9.00,182.41
9.046170559970372,781,825,12.10,47.78,65.05
9.047010349320297,185,699,18.05,74.64,77.85
9.04760503264542,409,167,0.06,0.33,34.16
9.048315123745542,157,538,8.57,33.99,132.95
9.049262777421005,241,130,14.10,56.94,3277.36
9.051257905135166,365,130,11.77,47.17,3289.13
9.052731464889668,67,465,18.26,69.53,70.74
9.053224838730506,30,0,10.63,41.14,29.22
9.054384533094021,672,755,0.06,0.27,107.08
9.055092571340841,264,130,11.10,45.21,3300.23
9.055583449807568,927,333,6.66,28.86,162.41
9.057412497608105,788,731,6.33,25.07,88.27
9.057753086691173,358,130,13.78,54.60,3314.01
9.058232297328345,284,458,34.27,136.58,187.15
9.059264782218685,528,894,5.52,21.03,44.71
9.0595268073153,985,723,6.68,24.54,13.99
9.060201983153348,837,662,0.96,3.94,108.43
9.06082958818755,637,712,31.75,128.00,1105.02
9.063490296618491,637,540,25.37,102.63,41.39
9.065574559108416,100,592,0.54,2.72,167.28
9.066596687345653,540,819,8.35,33.04,39.15
9.06763820837551,620,560,3.85,15.49,2658.03
9.07230230951273,886,578,13.78,56.33,802.31
9.072317433647815,305,259,35.29,143.04,1143.94
9.072571680094862,954,267,11.27,43.16,485.12
9.07271433416136,78,980,7.96,32.50,8.96
9.073635154326293,406,900,48.21,194.02,108.72
9.073946370246873,667,406,0.00,0.06,194.02
9.074913039817218,300,409,12.36,50.44,12.69
9.075077803687357,179,690,6.06,25.50,66.34
9.075596758504137,150,855,14.50,57.95,2277.71
9.078229195990936,429,534,2.03,9.10,69.98
9.084074466630621,320,578,2.44,10.09,804.75
9.084813956263822,167,276,6.39,27.77,102.23
9.085285382038997,344,342,32.84,128.72,50.10
9.0854604846355,279,468,3.44,13.74,203.12
9.086681290646446,136,354,9.23,38.70,55.34
9.088239761069056,109,736,12.74,51.02,193.95
9.089558655123303,465,108,14.82,55.92,2793.02
9.089803016611032,840,551,18.48,74.04,59.28
9.091195133421731,673,657,4.33,16.26,146.32
9.09154159785517,117,59,11.81,49.46,105.52
9.093308889961394,866,399,4.04,16.25,34.55
9.094201591405465,86,547,16.37,66.55,186.11
9.094602058219529,710,961,0.28,1.43,50.12
9.095515241641483,264,622,9.09,36.12,28.47
9.0969523413893,22,688,44.13,177.10,89.64
9.098249741628898,190,22,7.41,27.49,184.51
9.098723300975355,210,304,37.47,156.90,134.36
9.100140419637274,278,165,11.08,45.31,204.81
9.101328129864132,24,527,6.91,28.88,7.11
9.10254241570896,965,971,9.94,39.88,513.83
9.106467814674186,359,259,18.79,72.33,1162.73
9.108631978277629,624,560,2.48,10.16,2660.51
9.109494235360714,454,618,22.84,91.24,1079.41
9.112346964864905,648,672,25.59,104.02,25.86
9.113701508344212,613,629,0.30,1.33,31.21
9.113951080673033,980,332,1.88,7.08,60.32
9.114128883358433,170,634,7.66,28.63,600.16
9.114323748924194,220,358,6.60,27.40,61.20
9.114868392125704,433,560,5.91,24.04,2666.42
9.115019491529642,605,470,3.66,14.43,53.15
9.116155607000348,151,820,16.15,64.95,186.64
9.119672182248902,627,715,3.27,13.87,48.90
9.119734250777261,667,309,0.03,0.03,277.31
9.121131551566807,910,602,2.08,8.00,36.51
9.121488496275466,672,634,5.25,20.61,605.41
9.122370798368788,596,147,6.77,27.63,164.27
9.12344930974839,229,606,6.81,25.59,147.93
9.123950197966854,298,486,10.26,43.65,302.36
9.125467724735024,672,866,4.08,16.53,20.33
9.12618578176095,79,11,18.96,76.92,48.82
9.126557899823188,759,720,31.58,126.78,116.74
9.126563346472008,5,22,7.85,31.31,192.36
9.12682575798796,221,855,2.71,10.50,2280.42
9.126950277447387,676,80,10.06,38.18,43.76
9.127204346699196,23,751,2.46,9.71,77.12
9.127602246652257,914,12,0.43,1.92,95.66
9.128160560086188,404,300,1.57,7.43,52.01
9.130744013035587,792,435,10.74,45.12,285.92
9.1313372970399,136,585,7.71,30.99,137.33
9.135398246179143,710,970,0.34,1.09,37.74
9.135667909845852,775,736,0.87,3.75,194.82
9.137175711474828,97,540,34.68,142.37,67.72
9.137874368711579,932,933,13.51,51.99,218.39
9.140360969045215,465,248,11.32,44.60,121.70
9.141276124537388,656,771,8.06,31.28,208.02
9.142046821260736,841,873,5.71,24.13,393.03
9.144461513140696,219,261,10.39,40.09,23.99
9.145106792592689,928,560,18.74,74.51,2685.16
9.14536630289606,964,199,4.21,15.74,130.97
9.147168053230049,411,547,74.47,295.63,260.58
9.147440199035806,181,221,5.74,23.14,16.24
9.14746141287294,222,8,16.42,64.68,73.38
9.147699002315289,495,715,7.22,27.98,56.12
9.149512880676514,409,314,2.45,10.24,118.27
9.149992919708192,834,719,4.63,20.08,62.65
9.15028523832265,637,618,19.45,83.18,1098.86
9.150512924424882,667,245,0.01,0.02,4.86
9.151044051132967,782,909,5.43,22.50,187.84
9.153738252086203,359,883,14.14,58.19,65.84
9.153805354353208,970,536,7.15,30.59,88.33
9.1563030918875,425,845,19.09,77.45,47.12
9.156728845415365,834,477,4.27,15.81,554.39
9.156905821985903,153,785,11.30,46.79,141.55
9.15771864866269,277,113,7.08,28.32,181.07
9.158712474208476,226,406,8.11,32.14,202.13
9.159119830601062,115,853,2.98,10.87,31.01
9.159362693872136,400,862,12.10,47.19,374.12
9.160575251321083,399,637,7.20,27.35,90.38
9.162204525410958,938,585,3.59,13.68,140.92
9.162237004563174,500,46,9.20,35.34,84.14
9.163807606736475,964,22,3.07,12.67,195.43
9.16384913405104,290,727,2.74,11.22,130.49
9.163866904766333,855,430,455.62,1824.80,557.68
9.164054846843442,126,824,9.58,39.02,95.02
9.164408891926065,223,701,1.00,3.97,433.69
9.164723368716258,913,130,10.21,38.37,3324.22
9.16475639149913,420,473,10.49,41.13,127.22
9.164769314505927,921,869,13.93,56.74,108.51
9.166365545683938,388,855,24.41,99.85,1849.21
9.166469093559176,543,911,0.08,0.65,52.92
9.166892356172971,966,447,11.43,46.31,74.72
9.168060669342024,613,721,0.23,1.10,6.23
9.168893444111761,155,560,3.71,15.77,2688.87
9.170752709933394,16,197,12.34,50.39,28.55
9.172008112034392,177,129,0.18,0.83,510.77
9.172697010759794,305,130,27.88,115.16,3352.10
9.17370289128614,225,933,5.03,19.31,223.42
9.175750501736196,809,597,0.00,0.03,54.89
9.178157086578718,289,130,32.28,131.55,3384.38
9.178241837732946,24,130,5.61,23.27,3389.99
9.178415085655223,292,758,3.74,15.15,204.66
9.178903630008644,178,60,4.25,19.31,176.85
9.179872443342337,998,632,1.53,6.04,138.14
9.180041664400504,878,528,16.24,63.33,37.27
9.182242230151587,116,130,6.20,24.80,3396.19
9.183922668757754,393,560,3.23,12.88,2692.10
9.184321546275884,602,187,6.97,29.54,634.80
9.184773811241424,292,585,3.30,11.85,144.22
9.187666958216345,53,823,17.67,72.43,75.50
9.18802419690724,320,129,1.85,8.24,512.62
9.19279186369662,332,243,12.24,48.08,127.01
9.193878063555465,151,483,13.56,51.39,95.84
9.193977600540377,359,240,11.36,46.83,71.69
9.195143399744781,650,698,11.95,46.63,203.33
9.196375136216481,913,87,7.65,30.72,50.13
9.199850130918971,549,634,9.72,40.97,615.13
9.202375211232775,97,451,29.14,113.23,85.79
9.203489895720697,9,242,8.95,35.11,49.82
9.205746912158531,934,130,5.84,22.15,3402.03
9.205872621120575,754,464,5.97,24.55,128.27
9.209216568348705,87,477,10.12,40.01,564.51
9.20939390224664,980,488,1.51,5.57,128.22
9.210520216233618,598,961,15.50,65.05,65.62
9.211138884947722,409,383,1.75,8.49,748.10
9.211920542095424,409,434,1.80,6.69,51.93
9.215532384821607,158,523,14.86,58.30,84.79
9.21578202307116,915,766,0.55,2.10,709.54
9.215796092755964,427,311,4.46,17.55,593.25
9.216651645392188,215,989,12.13,50.47,37.51
9.217689825700834,574,159,7.29,30.98,183.66
9.21771895687523,878,345,12.71,50.62,19.14
9.219550487900493,215,524,10.61,39.86,76.86
9.22080784852244,63,855,8.50,35.87,1857.71
9.221837237038264,933,390,44.99,178.43,61.07
9.22315959117817,809,862,0.01,0.02,374.13
9.223308968023998,357,458,4.27,19.74,191.42
9.223579734927865,440,309,6.07,23.12,283.38
9.22393617195227,173,305,3.29,12.60,118.45
9.223988552334973,150,855,11.35,46.60,1869.06
9.224064017613594,714,392,2.17,8.73,60.68
9.225219894413971,296,925,2.29,8.81,79.27
9.225497424060006,769,344,21.72,83.36,150.44
9.226296821647274,811,344,13.91,54.29,164.35
9.226554252197065,276,988,20.76,81.47,334.14
9.229316925240239,370,129,18.33,72.37,530.95
9.232783823956211,553,360,2.61,11.48,24.74
9.233450240435845,136,130,6.32,24.67,3408.35
9.235411252357121,667,955,0.01,0.01,229.23
9.235788369234486,670,366,24.67,102.97,43.17
9.236652275196475,492,114,7.77,30.76,400.35
9.237065134849033,299,429,13.41,54.56,22.51
9.238589842244863,758,501,40.53,164.13,157.87
9.244389709897355,970,713,6.16,24.43,38.42
9.244919391714278,446,667,4.54,18.51,4.55
9.245480254766866,527,130,1.50,5.61,3409.85
9.246464190510123,314,383,22.87,95.40,770.97
9.247007649434133,687,383,0.15,0.86,771.12
9.247159582964574,626,906,27.50,110.83,134.44
9.247274013559903,106,853,6.48,26.93,37.49
9.248562714233378,503,618,12.00,48.88,1110.86
9.251352464126366,485,769,20.84,79.41,104.20
9.252145309367414,305,93,22.87,95.58,79.63
9.254183840845647,946,72,5.97,24.04,41.71
9.255252739405273,177,500,0.25,0.58,35.59
9.257549373871438,111,642,13.63,53.28,61.92
9.259110284632886,442,194,10.15,41.01,121.43
9.262073635370916,77,477,12.10,47.25,576.61
9.262987886375512,409,959,1.45,5.24,91.02
9.264407835200565,325,85,36.71,152.22,136.96
9.265069310445755,946,823,4.47,19.57,79.97
9.266284493076567,426,538,5.59,20.92,138.54
9.268232542158998,142,203,3.61,14.78,55.62
9.268481636501418,546,429,18.96,73.53,41.47
9.2697278109208,566,766,9.76,38.16,719.30
9.27087057180583,710,193,0.17,0.92,113.10
9.270915471487925,314,63,19.20,76.20,55.07
9.273197049709728,400,710,9.74,37.45,10.66
9.27500675118366,715,223,11.03,45.09,15.00
9.275340833072699,998,988,1.20,4.84,335.34
9.276538499306119,886,214,11.74,44.59,62.89
9.28013519418823,672,477,3.00,13.53,579.61
9.282795713173094,697,108,5.08,20.97,2798.10
9.283812676712499,657,496,29.59,116.73,102.11
9.283897616524323,296,523,1.85,6.96,86.64
9.284931369757441,929,855,5.49,22.60,1874.55
9.28621210348659,105,648,11.95,49.13,115.97
9.2875960683619,914,255,0.40,1.52,29.93
9.28776072996084,980,816,1.21,4.36,29.48
9.288739623561204,913,283,6.28,24.44,198.61
9.290097978756817,667,22,0.87,3.68,196.30
9.291263816350837,310,855,6.26,22.76,1880.81
9.29264293517551,398,837,12.88,48.29,16.82
9.297217469464215,457,249,17.03,66.54,236.56
9.299559427713405,474,228,14.46,59.05,83.67
9.301014620360712,155,771,2.96,12.81,210.98
9.302098215395908,103,57,2.27,9.50,35.39
9.302246379424133,919,309,38.65,157.55,322.03
9.303081012328393,465,567,8.67,35.93,45.38
9.303159176987366,599,615,4.27,16.59,47.74
9.30676138469029,458,166,38.34,153.08,60.91
9.308819289821887,948,820,2.73,11.33,189.37
9.311416852388724,140,560,13.54,53.26,2705.64
9.311521762080329,405,886,1.03,4.41,45.62
9.311531569606444,71,514,16.48,66.47,252.63
9.312233904004374,641,816,4.60,17.71,34.08
9.31620012682998,703,560,7.98,33.95,2713.62
9.31639047201308,903,988,19.03,78.49,354.37
9.317242200433126,628,578,3.35,13.03,808.10
9.317699852965244,854,83,43.69,172.16,273.12
9.317910845008168,812,698,3.86,14.21,207.19
9.319385723616932,908,861,27.79,112.56,348.02
9.319963304848953,911,130,10.80,42.12,3420.65
9.32037730258349,103,944,1.85,7.65,55.41
9.321737516033238,868,618,30.33,117.85,1141.19
9.322036844459387,491,477,13.22,51.07,592.83
9.324091185498308,65,463,41.06,165.99,112.00
9.328176340318901,260,977,11.98,48.36,193.86
9.32867793736479,104,228,7.02,26.40,90.69
9.329413439106766,252,388,8.83,35.71,108.68
9.333058932615833,362,108,35.84,141.86,2833.94
9.333423229366511,159,439,36.74,146.92,349.19
9.333955778859654,598,712,13.20,51.85,1118.22
9.334023388750925,174,828,14.07,56.74,110.40
9.334669648921677,381,759,1.48,6.31,128.26
9.335770102681323,46,705,16.76,67.38,336.74
9.339470092898116,590,675,2.47,10.23,115.53
9.341164685388582,667,675,0.84,2.84,116.37
9.34154689791528,23,228,1.94,7.77,92.63
9.341776549939693,908,618,22.44,90.12,1163.63
9.3423092224622,103,698,1.48,6.17,208.67
9.343191904525275,502,31,0.43,1.62,16.87
9.343199492800583,333,130,32.63,129.78,3453.28
9.343292404003792,18,285,3.60,15.09,227.71
9.343718410323541,695,592,4.13,17.09,171.41
9.343977350676523,409,861,0.97,4.27,348.99
9.344210650765033,99,903,0.62,2.56,79.11
9.347602772980798,381,139,1.27,5.04,99.96
9.348174260912081,771,855,42.94,168.04,1923.75
9.35094652168354,543,415,0.11,0.54,76.91
9.352138158187211,261,901,4.84,19.15,159.19
9.355921778137857,552,559,16.83,65.92,155.04
9.356434270889554,376,578,3.47,13.01,811.57
9.356841028179556,92,22,44.81,174.76,241.11
9.357481261846019,909,657,37.11,150.73,153.84
9.358061075204416,661,602,11.22,43.24,40.76
9.35821776584728,710,134,2.54,8.12,861.32
9.359354114047022,923,674,12.04,48.65,130.05
9.361041143842144,52,671,8.23,33.19,66.11
9.362525903813372,710,743,1.78,6.34,390.53
9.363017975514307,688,31,18.24,71.40,35.11
9.363709601820661,913,477,4.71,19.73,597.54
9.364069522053008,672,855,2.80,10.73,1926.55
9.371698545529087,563,333,21.02,83.32,150.80
9.372640418065622,999,171,25.65,102.57,66.05
9.373143708625793,262,560,20.02,81.27,2733.64
9.37363971722749,910,509,1.61,6.39,110.13
9.374927505362251,667,560,0.53,2.31,2734.17
9.375079617979612,425,547,15.66,61.79,276.24
9.375482749084142,895,862,2.13,7.51,376.26
9.378149040332417,650,634,9.25,37.38,624.38
9.379203239011296,781,108,9.28,38.50,2843.22
9.380087567470238,775,394,0.85,2.90,160.11
9.381104891540339,719,135,12.80,49.85,75.06
9.381170005987878,488,668,24.79,103.43,107.34
9.38248787064867,504,606,11.73,44.49,159.66
9.382858201643383,687,282,0.16,0.70,102.82
9.38386671975648,411,861,59.70,235.93,408.69
9.3846409121754,594,4,17.89,70.78,62.99
9.38521124765335,161,381,3.93,17.70,8.97
9.385366247218384,511,709,2.17,8.81,33.49
9.385718470048852,453,477,64.51,259.27,662.05
9.386352207815229,183,130,7.05,28.69,3460.33
9.387194174944444,13,873,89.57,361.09,482.60
9.38802377197609,353,130,7.30,29.63,3467.63
9.388427694885683,219,578,8.02,32.07,819.59
9.388437514851395,788,335,5.23,19.84,90.09
9.388556069004125,525,685,10.64,45.81,53.21
9.389789464494907,353,578,5.95,23.68,825.54
9.391721213370964,813,130,3.51,13.82,3471.14
9.394719640217597,862,267,75.73,300.53,560.85
9.394777533418278,299,661,11.34,43.22,54.58
9.395659370370762,276,365,15.75,65.72,62.92
9.39566647221396,427,383,3.61,13.94,774.73
9.398037521661958,789,240,9.14,38.65,80.83
9.39929896244738,535,560,18.92,75.27,2753.09
9.399463562603017,103,910,1.15,5.02,7.54
9.404161315041724,604,838,0.25,1.09,87.74
9.404788264549294,753,383,9.11,37.87,783.84
9.405072146589987,342,491,10.27,39.83,61.34
9.405355865693434,90,533,10.66,40.82,28.51
9.406019223446599,61,869,6.67,26.48,115.18
9.409574024395761,54,187,4.23,17.73,639.03
9.410569318578002,992,943,8.72,35.60,45.46
9.410941434764371,508,394,9.02,35.63,169.13
9.411539430102389,288,157,15.40,60.95,49.39
9.413449475552513,651,940,1.24,5.17,76.28
9.41345702319946,360,861,4.97,19.77,413.66
9.413758147887785,457,593,13.54,53.00,66.51
9.414143679739851,781,962,8.04,30.46,53.22
9.415090840273328,735,108,9.48,38.30,2852.70
9.416796711296676,942,874,11.47,46.90,71.00
9.4185812255097,98,371,39.27,161.42,260.02
9.418611233507713,115,257,2.05,8.82,110.47
9.419102444269575,346,228,2.60,9.68,95.23
9.419409749483382,504,66,8.89,35.60,36.03
9.420221135246544,857,709,8.63,34.41,42.12
9.420566813539974,543,202,0.11,0.43,51.71
9.422623616148636,176,130,26.51,102.11,3497.65
9.423325360452695,474,896,12.08,46.97,98.23
9.42333126747676,713,855,7.78,30.64,1934.33
9.424300204967315,278,350,8.36,36.95,104.12
9.424322155704985,804,955,14.04,56.11,243.27
9.424391630527378,667,714,0.41,1.90,9.14
9.426248630635465,344,315,32.19,132.16,124.05
9.427583526694187,756,614,8.41,33.64,205.35
9.428127305024459,665,140,14.88,58.06,68.14
9.429099763772202,543,309,0.09,0.34,322.12
9.4311736716713,218,371,1.99,7.08,262.01
9.431606481699337,169,13,4.32,17.32,365.41
9.43166180579525,177,477,0.14,0.44,662.19
9.432458079769656,256,130,2.85,11.38,3500.50
9.433464169822354,514,175,49.57,203.06,93.44
9.434281553660897,562,637,11.79,46.59,102.17
9.435356865146266,825,108,13.28,51.77,2865.98
9.437004016850864,326,592,7.89,31.17,179.30
9.438540047601862,609,818,12.63,51.62,56.33
9.438816625879499,723,477,2.73,11.26,664.92
9.441917624014065,131,953,7.90,31.77,239.30
9.442957489296417,914,439,0.27,1.25,349.46
9.443520286377542,875,439,5.79,25.12,355.25
9.444366249379174,142,352,2.99,11.79,43.95
9.445295523342903,200,22,23.06,86.91,264.17
9.44659435656667,668,580,21.75,85.59,142.33
9.446637896658483,967,452,23.69,94.44,88.89
9.446938164339624,409,855,0.88,3.39,1935.21
9.44740791773325,525,315,9.13,36.68,133.18
9.447688801003627,421,385,11.62,45.50,11.64
9.448798224487014,409,684,0.77,2.62,74.21
9.4500575286668,555,172,40.41,167.37,182.60
9.45458798811985,729,406,12.23,47.00,214.36
9.455215108317642,508,384,6.89,28.74,200.08
9.455857363450155,667,484,0.37,1.53,139.02
9.456879735926059,199,196,26.48,104.49,71.71
9.458980907263749,331,31,21.84,88.66,56.95
9.45927697904335,857,84,7.19,27.22,738.12
9.460982822551097,66,855,7.16,28.87,1942.37
9.461373744892956,672,404,2.20,8.53,9.63
9.461799646912135,586,242,4.72,21.02,54.54
9.462667196609273,724,409,13.66,52.71,16.28
9.463029527869061,109,765,9.89,41.13,105.31
9.464626886219264,678,439,161.02,648.57,516.27
9.464954637332184,424,730,11.70,46.97,305.44
9.467222968534914,430,212,110.98,446.70,170.84
9.467239319759067,376,872,2.51,10.50,94.43
9.468416438113222,300,855,10.28,41.73,1952.65
9.469163265563184,669,113,25.15,97.92,206.22
9.472245866859407,376,353,2.09,8.41,25.77
9.477379079164608,31,719,11.53,45.42,61.38
9.479239877994278,616,34,14.45,57.77,27.74
9.481962106369618,527,374,1.08,4.53,523.25
9.483498013812357,485,697,15.49,63.92,36.46
9.484640955266466,420,855,8.04,33.09,1960.69
9.48466999227163,849,830,4.56,17.45,19.99
9.485390942216831,493,113,36.25,146.06,242.47
9.48638219305929,845,757,9.64,37.48,122.50
9.486750134015882,146,26,24.65,99.01,340.64
9.487538913586349,818,560,11.24,45.09,2764.33
9.487552781835674,562,259,9.67,36.92,1172.40
9.489871582407883,598,503,10.18,41.67,59.06
9.48999974363574,849,922,3.16,14.29,58.82
9.490085360214279,227,365,13.82,55.31,76.74
9.491352266437252,612,560,7.29,29.56,2771.62
9.492493188837003,225,130,4.00,15.31,3504.50
9.498117743194346,342,322,7.92,31.91,77.24
9.498792311830806,965,155,8.10,31.78,20.91
9.499516185740196,256,986,2.29,9.09,59.52
9.499849882402518,492,988,6.24,24.52,360.61
9.50059942469673,409,537,3.34,12.94,159.45
9.501018503509155,710,259,1.33,5.01,1173.73
9.501471544528586,339,52,5.60,21.86,38.79
9.502284326339606,236,947,8.09,33.06,166.19
9.503875142924686,151,6,10.36,41.03,176.67
9.504234383483269,961,219,13.27,52.35,45.34
9.505292496978562,93,70,16.50,63.13,109.78
9.508319433129643,201,634,7.39,29.35,631.77
9.50894028066389,404,576,2.10,7.53,23.57
9.50958706881032,24,812,4.78,18.49,18.99
9.51137413433711,604,383,0.20,0.89,784.04
9.515188688943361,232,13,2.24,9.22,367.65
9.516176197989383,103,484,1.20,3.82,140.22
9.518480626429424,657,435,30.69,123.15,316.61
9.518540360739236,151,419,8.50,32.53,81.84
9.518896636674903,345,63,3.86,15.28,58.93
9.520106644988513,473,950,25.63,101.59,175.81
9.520536032664266,802,670,0.43,1.75,103.40
9.520606093532255,648,130,23.29,92.68,3527.79
9.522145281206333,605,463,2.84,11.59,114.84
9.52259209904646,154,501,18.72,73.25,176.59
9.522872027101828,178,130,3.72,15.59,3531.51
9.524050401677563,523,656,17.03,69.61,48.31
9.525414938158534,749,470,2.68,10.37,55.83
9.525835126014263,178,691,3.04,12.55,95.12
9.526171484809964,469,259,24.50,101.05,1198.23
9.527400542272163,672,117,1.52,7.01,50.98
9.530102069806649,751,427,15.70,61.42,29.64
9.530144737769247,334,739,59.89,242.79,161.34
9.530922982455749,679,302,11.02,44.34,77.58
9.531131020416694,158,855,11.44,46.86,1972.13
9.531450890920244,446,111,3.46,15.05,56.74
9.532250856657503,850,130,20.64,78.91,3552.15
9.532351728969887,961,712,10.66,41.69,1128.88
9.533793222007297,316,254,16.44,64.31,167.08
9.534617630054292,77,108,9.64,37.61,2875.62
9.535878297064292,106,855,5.52,21.41,1977.65
9.536069128333478,927,130,5.55,23.31,3557.70
9.537043806729567,526,130,3.22,13.47,3560.92
9.537675841709628,472,615,19.14,76.44,66.88
9.537985093238813,602,141,8.34,32.42,85.70
9.54024658078704,754,773,5.01,19.54,171.50
9.540970191334283,54,924,3.74,13.99,50.07
9.544871520186522,719,697,11.80,49.58,48.26
9.545263264449114,261,918,3.83,15.32,97.62
9.545473907674452,554,130,3.81,15.27,3564.73
9.545537535865263,218,558,1.37,5.71,12.53
9.546304621614034,482,411,38.45,152.83,274.38
9.54725725445608,96,908,14.09,58.21,104.21
9.548256834725985,201,22,6.01,23.34,270.18
9.548705936882179,166,397,12.04,48.87,290.12
9.551115625451136,299,580,8.53,34.69,150.86
9.551417281289758,703,588,6.94,27.01,102.79
9.552458363274544,812,710,4.01,14.98,9.02
9.55396711030344,234,855,4.27,16.84,1981.92
9.554235766235779,546,82,15.18,58.35,40.94
9.554683262083891,181,775,4.86,18.28,7.76
9.554720773226512,641,98,3.40,14.31,164.82
9.555239678793068,264,259,7.71,28.41,1205.94
9.55602274369029,64,311,7.61,30.33,600.86
9.556153289681014,456,697,1.72,7.94,49.98
9.55649294875675,262,713,16.27,65.00,46.91
9.557651748698905,299,263,6.85,27.84,250.75
9.561556206251202,865,988,12.03,50.55,372.64
9.563460611828077,91,302,1.42,5.56,79.00
9.56847419466781,106,693,4.15,17.26,102.16
9.572275174332345,66,947,6.06,22.81,172.25
9.572970020871052,833,15,14.07,56.97,35.14
9.573338400631172,338,41,25.48,105.54,106.26
9.57458451915844,169,367,3.80,13.52,38.15
9.576061057388472,562,606,7.69,29.23,167.35
9.576398591944805,19,585,9.04,37.58,153.26
9.57667422738627,938,596,2.56,11.12,30.19
9.57683507022644,819,862,8.07,31.08,308.60
9.57957615910514,964,914,2.50,10.17,3.75
9.580502436912296,936,267,3.50,13.69,564.35
9.581209260339918,559,560,30.78,124.26,2802.40
9.584686689234236,526,248,2.78,10.69,124.48
9.585448153702227,64,988,6.71,23.62,379.35
9.586079462818285,586,639,4.12,16.90,59.83
9.586777391637753,619,708,17.44,71.23,93.37
9.5874917123692,707,844,18.09,73.54,41.41
9.587597739368647,958,129,19.57,79.73,550.52
9.58769682261749,409,786,2.80,10.14,40.10
9.589472621014112,469,173,20.31,80.74,32.91
9.590294140112958,584,477,2.27,9.02,667.19
9.593100985459207,904,301,2.97,10.85,360.77
9.594040201721574,613,758,0.23,0.87,164.36
9.595419739240763,5,560,6.14,25.17,2808.54
9.596211957942149,950,225,35.40,140.41,50.71
9.5976404593324,292,560,2.28,9.57,2810.82
9.59990044895164,667,383,0.29,1.24,784.33
9.59999975190189,540,310,14.23,53.49,36.99
9.600228341311587,99,816,0.48,2.08,34.56
9.601301928789308,178,91,2.51,10.04,8.07
9.601328363780077,710,130,1.84,7.18,3566.57
9.601471393610149,522,610,16.76,68.34,46.16
9.601804595230947,904,108,2.25,8.60,2877.87
9.602899049318737,848,143,13.97,55.32,140.63
9.604322088712895,263,784,50.25,200.50,53.08
9.604501332527345,800,530,4.80,20.45,137.00
9.604804950448322,885,267,15.60,61.14,579.95
9.607758771752456,429,694,8.09,33.38,41.81
9.607765820392915,672,896,1.54,5.47,99.77
9.60925881120402,591,304,11.99,46.84,146.35
9.60943592478451,757,476,24.73,97.77,53.90
9.61065875359262,298,358,8.81,34.84,70.01
9.611132630620782,60,209,35.19,141.66,122.71
9.611539089580083,146,758,19.38,79.63,183.74
9.613756757817434,986,578,11.74,47.78,837.28
9.614774720495422,92,896,34.83,139.93,134.60
9.615217173266469,177,574,0.09,0.35,31.07
9.617378787921075,31,727,9.11,36.31,139.60
9.617544493238526,302,108,16.45,62.55,2894.32
9.618935910298287,328,108,10.76,43.00,2905.08
9.619885595443026,460,855,23.68,95.88,2005.60
9.620161332241986,160,129,14.49,56.81,565.01
9.620605690184533,978,592,17.50,67.63,196.80
9.621408687590034,385,430,2.68,8.96,449.38
9.622158079618735,553,585,2.17,9.31,155.43
9.622340032693073,247,274,18.25,72.05,171.79
9.622574481923717,905,944,14.08,55.82,69.49
9.623367200859278,504,298,7.36,28.24,42.20
9.624758722890698,869,669,22.80,92.38,120.72
9.626511987266593,913,701,3.96,15.77,437.65
9.626724538833036,872,788,18.91,75.52,38.75
9.626941613480025,964,919,1.98,8.19,159.53
9.627013891922973,516,305,9.12,34.80,104.70
9.627724260145241,232,193,2.06,7.16,115.16
9.627971869889501,668,528,17.33,68.26,54.60
9.629433960284961,385,766,1.81,7.15,721.11
9.631896263163473,329,866,6.16,25.67,26.49
9.63229323847234,464,855,24.85,103.42,2030.45
9.63275488768462,285,108,45.46,182.25,2950.54
9.633174565364358,287,771,15.09,62.20,183.13
9.634284714924302,684,374,14.20,60.01,537.45
9.635333081207024,135,470,15.17,59.89,71.00
9.636156377521147,425,246,12.39,49.40,61.93
9.636594556332051,870,435,6.82,27.40,323.43
9.638834419027852,997,861,17.91,70.85,431.57
9.638900263562844,372,413,4.37,17.66,74.96
9.639281078924775,861,73,85.33,346.24,231.43
9.641297260611726,547,177,55.57,220.67,55.92
9.641937215951476,296,950,1.50,5.46,141.91
9.642975676583765,69,469,6.93,27.46,87.67
9.6433572234395,827,200,5.20,20.09,92.11
9.644536893669432,362,435,28.74,113.12,352.17
9.645174410082848,543,495,0.05,0.29,28.03
9.645759498033492,272,343,28.19,117.78,172.11
9.646146116638118,694,894,8.35,33.46,53.06
9.646348031802837,353,402,5.30,20.47,191.05
9.646631105008575,327,897,26.74,107.90,89.85
9.64683342109834,652,579,8.24,33.40,146.52
9.647995634896947,207,81,20.83,83.01,184.14
9.6481378570733,882,75,6.80,27.76,79.04
9.651908371999415,8,227,14.98,58.40,70.29
9.652161658361596,624,65,2.02,8.14,168.01
9.652829815182384,565,665,35.08,141.19,93.14
9.653402268378102,994,270,0.76,3.05,466.93
9.654393998829317,816,430,7.18,27.38,456.56
9.654919018670657,208,417,14.46,56.14,69.73
9.655175910224498,622,130,5.71,22.76,3572.28
9.656444267564176,296,522,1.06,4.40,69.40
9.658302855608758,434,826,10.52,41.41,70.86
9.659501778551704,640,572,17.99,73.82,116.91
9.662337865312919,938,823,2.13,8.99,82.10
9.662678976552847,793,831,14.30,54.39,254.13
9.664207878551869,158,84,8.78,38.08,746.90
9.664501580399634,163,634,12.02,51.54,643.79
9.667029300635928,101,259,8.67,36.87,1214.61
9.667591674243296,820,785,37.60,151.77,179.15
9.66815275601556,543,114,0.06,0.23,400.41
9.670052889718324,651,517,1.10,4.07,242.20
9.67024604058961,210,952,31.51,125.39,243.70
9.673091029154849,114,955,79.78,320.63,323.05
9.673869035658214,339,637,4.34,17.52,106.51
9.674507274471294,710,130,1.51,5.67,3573.79
9.67610856012599,821,187,14.74,58.00,653.77
9.67853872048103,360,988,4.21,15.56,383.56
9.682814398257335,448,508,3.83,15.44,32.57
9.682914209426444,933,560,36.06,142.37,2846.88
9.683723253764546,549,130,8.52,32.45,3582.31
9.684062679234508,446,988,3.20,11.85,386.76
9.685163844888585,694,847,6.73,26.73,35.55
9.685258145444067,26,562,68.98,271.66,98.21
9.688256028066098,214,486,12.39,50.50,314.75
9.689342236988654,111,187,11.11,45.63,664.88
9.690245905072233,74,397,24.22,97.87,314.34
9.691333626298874,155,769,3.83,17.08,108.03
9.692036802506488,904,378,1.62,6.98,63.52
9.693557299020169,982,22,15.38,60.24,285.56
9.69634627881195,543,855,0.04,0.19,2030.49
9.697791489456627,881,618,10.73,40.92,1174.36
9.69853232077662,462,962,3.01,11.69,56.23
9.701004727920804,700,741,23.20,95.77,89.26
9.701660320272369,969,375,17.50,69.60,55.63
9.702111401169967,105,383,9.72,39.41,794.05
9.70214376194035,998,334,1.00,3.84,243.79
9.702418734567246,965,55,6.16,25.62,26.14
9.703668285793523,372,560,3.52,14.14,2850.40
9.704049060306705,800,130,4.27,16.18,3586.58
9.704123818079,25,341,15.90,62.74,283.66
9.70596085050678,409,371,2.15,7.99,264.16
9.706089777045547,495,344,5.58,22.45,137.74
9.707601468534008,853,65,7.56,29.93,175.57
9.708648472805391,751,265,12.18,49.24,174.66
9.7087965496994,810,453,14.08,55.79,273.35
9.70912356692421,754,130,3.85,15.69,3590.43
9.71056681449247,994,855,0.59,2.46,2031.08
9.711408692989739,538,963,28.37,110.17,115.69
9.714413744666446,350,70,21.28,82.84,131.06
9.715257421900361,177,782,11.00,44.92,33.50
9.716195524640732,44,284,1.11,5.05,137.69
9.716660925589679,21,47,24.43,96.05,105.75
9.720462615768174,927,560,4.81,18.50,2855.21
9.721213939640315,646,952,11.87,48.01,255.57
9.72127694143458,812,28,3.10,11.88,32.85
9.724385076769083,218,701,1.05,4.66,438.70
9.725040987198584,590,176,2.11,8.12,104.22
9.72641267777628,670,701,20.05,83.35,458.75
9.726851438966126,874,564,14.46,56.54,85.24
9.729309770202455,413,409,15.23,59.73,23.22
9.729567296828634,913,220,3.15,12.62,30.55
9.729733375249031,225,667,9.80,40.91,11.04
9.731818835407928,703,193,5.18,21.83,120.34
9.732257661911822,575,618,3.80,15.42,1178.16
9.73244616292222,446,57,2.55,9.30,37.94
9.732507327011112,550,334,16.08,65.12,259.87
9.734477279601279,395,909,9.42,36.90,160.15
9.734752910452505,994,364,0.58,1.88,93.59
9.734980035565828,869,464,18.65,73.73,122.07
9.73636780893724,202,933,11.04,40.67,153.41
9.736587569030583,667,768,2.25,8.79,37.21
9.738378992288144,667,514,1.62,7.17,204.68
9.738398620981231,847,83,7.24,28.31,280.36
9.739019642923326,965,585,4.93,20.69,160.36
9.73952795242824,311,259,118.31,482.55,1332.92
9.739700877818711,23,13,1.48,6.29,369.13
9.740408319095344,152,806,8.45,32.32,70.08
9.740724579308413,306,474,14.64,57.49,61.61
9.740939081473353,528,241,10.75,43.85,67.69
9.741018500317256,699,560,15.33,62.52,2870.54
9.742019184074625,613,187,0.14,0.73,665.02
9.746096059929618,526,202,2.13,8.56,42.80
9.746993320223808,853,953,5.62,24.31,244.92
9.747691285533502,870,855,5.60,21.80,2036.68
9.747850738163338,682,63,16.25,68.81,75.18
9.749556805436331,41,705,20.90,85.36,357.64
9.750253647927149,897,560,17.41,72.44,2887.95
9.750590244320327,574,724,5.91,25.16,58.62
9.75243876128009,470,828,14.55,56.45,124.95
9.752566840932298,230,270,13.93,59.14,480.86
9.753049125452401,417,560,13.81,55.92,2901.76
9.753607287315889,320,80,1.62,6.62,45.38
9.754408866046724,136,852,4.84,19.83,75.19
9.754768001954538,261,489,2.79,12.53,21.76
9.755623493223405,186,481,22.81,94.54,87.12
9.755640805706838,106,338,3.30,13.96,108.84
9.755730618612692,41,261,17.29,68.07,29.82
9.757102371961487,161,396,3.72,13.98,29.74
9.757824180725642,859,844,8.97,35.43,50.38
9.75861486851408,456,538,1.71,6.23,111.88
9.758769891018497,910,638,1.47,6.07,32.04
9.759536780978207,776,61,14.23,57.56,40.71
9.762523739576606,389,593,6.52,26.04,73.03
9.764470807062734,190,130,5.50,21.99,3595.93
9.764614925216893,431,493,5.98,23.57,152.04
9.765109953204984,190,539,4.24,17.75,157.92
9.765635204474943,999,130,20.85,81.72,3616.78
9.77139673738699,283,439,40.36,158.25,556.63
9.771876891516804,5,834,4.65,20.52,20.46
9.772411540829813,491,728,12.06,49.28,94.00
9.773039622996185,921,215,11.29,45.45,51.15
9.774234297458728,527,477,0.86,3.67,668.05
9.774243228823046,689,344,11.51,46.82,149.25
9.77553262275406,904,259,1.50,5.48,1334.42
9.776011313103345,753,681,7.37,30.50,121.79
9.776525325789487,281,801,9.38,35.44,35.09
9.776742713415727,221,712,3.16,13.08,1132.04
9.779424796843536,584,388,1.86,7.16,110.54
9.780725074109913,849,998,2.86,11.43,6.70
9.783877793415883,631,344,9.59,36.36,158.84
9.784129118984978,626,477,22.37,88.46,690.42
9.785021900914012,99,674,0.37,1.71,130.42
9.785407179799346,812,919,2.23,9.65,161.76
9.785805928383567,853,108,4.67,19.64,2955.21
9.787632025822257,539,301,32.09,125.83,392.86
9.79273023637043,177,713,9.11,35.81,56.02
9.793723141632466,490,949,9.89,41.07,86.27
9.794412138636321,266,65,8.17,30.80,183.74
9.794661450556765,387,759,6.28,26.34,134.54
9.796016815554683,434,930,8.31,33.10,124.59
9.796342692488167,270,855,96.20,384.66,2132.88
9.796969802865592,568,406,11.45,46.06,225.81
9.797563187381733,543,496,0.06,0.13,102.17
9.79858340158322,397,151,62.71,251.63,95.24
9.799683445305432,104,495,4.99,21.41,27.44
9.801738634860818,630,129,17.33,72.82,582.34
9.802246768680098,91,947,1.53,6.54,173.78
9.803163784439356,597,691,11.59,43.30,106.71
9.803861213633382,630,542,15.19,57.63,88.17
9.804279791025069,493,788,30.66,121.38,69.41
9.80543590728592,57,132,7.49,30.45,148.00
9.80576506050294,77,777,7.49,30.12,109.26
9.806732190252035,109,130,8.18,32.95,3624.96
9.810080990130453,913,146,2.64,9.98,82.27
9.811880063608903,471,828,3.99,16.15,128.94
9.8121001624751,623,374,23.39,90.82,560.84
9.815485147785878,404,894,1.48,6.05,54.54
9.816263943815327,757,831,20.04,77.73,274.17
9.817372403082341,862,501,61.91,246.69,238.50
9.817610265116521,672,759,1.05,4.42,135.59
9.817838943518991,636,618,11.58,45.25,1189.74
9.818189855100778,915,855,0.46,1.64,2133.34
9.820104059364002,889,269,11.94,47.36,67.41
9.820843772694687,751,448,9.61,39.63,25.05
9.820942700018765,409,108,4.94,18.28,2960.15
9.821278693235453,137,578,20.19,79.05,857.47
9.82271354618386,741,417,17.78,71.48,73.70
9.822863994010039,109,279,6.90,26.05,20.64
9.823490783717972,465,456,7.18,28.75,13.41
9.8258607474693,872,715,15.10,60.42,60.19
9.826214371433297,478,760,9.64,38.41,39.90
9.827055693746551,641,598,2.90,11.41,44.57
9.827488080264493,597,222,8.62,34.68,73.30
9.828343561339123,439,402,110.46,446.17,301.51
9.828344473806807,966,486,9.32,36.99,324.07
9.82886194556216,938,953,1.81,7.18,246.73
9.828971691354475,527,725,0.77,2.90,73.56
9.829462059491656,841,388,4.97,19.16,115.51
9.829814427659914,986,908,9.28,38.50,113.49
9.83699259815963,809,733,0.01,0.01,20.63
9.837002908769772,891,831,2.03,7.62,276.20
9.839487486888801,671,699,13.17,52.94,75.69
9.839655592955516,315,669,26.06,107.12,146.78
9.840114562551333,528,634,9.43,34.42,653.22
9.840538110217162,347,935,10.20,40.46,43.10
9.843553808854072,672,384,0.89,3.53,200.97
9.84465766544805,22,349,57.48,228.08,239.01
9.845882563636485,735,108,7.58,30.72,2967.73
9.846431956244956,75,611,16.23,62.81,71.40
9.847535974226213,980,855,0.72,3.64,2134.06
9.848163099250206,590,10,1.66,6.46,53.76
9.85026830467664,343,705,35.22,136.89,392.86
9.85268998707828,150,200,9.11,37.49,101.22
9.853140240781242,883,47,12.71,53.13,118.46
9.853368640063602,648,872,18.11,74.57,78.53
9.854272632357945,675,578,22.36,94.01,879.83
9.854466436867504,664,346,29.83,117.90,39.51
9.85743787976058,13,125,74.42,294.71,121.14
9.857583558150628,566,477,7.90,30.26,698.32
9.857700917316526,186,933,18.96,75.58,172.37
9.86018143103883,430,384,91.35,365.21,292.32
9.860480973021332,424,640,9.95,37.02,83.77
9.86082103945861,266,576,5.97,24.83,29.54
9.860888343833121,88,409,30.89,128.33,49.17
9.86108339833758,176,828,21.12,83.10,150.06
9.8612548106628,195,411,8.94,35.97,283.32
9.86518265798356,784,865,11.09,41.99,61.64
9.866201949928383,95,259,5.12,20.07,1339.54
9.867082592504937,169,383,2.70,10.82,796.75
9.870466106164614,524,855,15.38,61.48,2149.44
9.870510487931325,927,477,3.70,14.80,702.02
9.871731473042612,253,617,23.69,92.25,245.26
9.872548745552242,91,470,1.31,5.23,57.76
9.872645008872727,136,130,3.85,15.98,3628.81
9.8728117685048,531,772,4.21,16.45,28.76
9.872812993516987,357,633,4.29,15.45,46.42
9.87283991544165,413,149,12.32,47.41,264.70
9.873088773838358,481,259,17.46,69.66,1357.00
9.873419455409664,651,278,0.83,3.24,37.78
9.874777357750391,285,228,36.21,146.04,131.44
9.874811035696826,234,973,3.25,13.59,11.97
9.875107379010945,849,130,2.13,9.30,3630.94
9.875132751057043,934,470,4.53,17.62,62.29
9.875432782550815,623,259,18.70,72.12,1375.70
9.878399426376307,241,680,12.77,54.92,196.96
9.879212937312847,562,483,19.78,78.43,115.62
9.881849437236228,928,310,15.12,59.39,52.11
9.882705952719835,971,64,102.87,410.96,126.49
9.883251063263105,692,592,26.23,104.00,223.03
9.884378737933266,645,74,2.68,12.47,100.55
9.885881780310957,41,8,13.48,54.59,71.88
9.886452233612088,863,669,13.14,53.47,159.92
9.88724537021681,385,860,1.39,5.76,137.18
9.888161834491275,187,130,131.68,533.34,3762.62
9.888518842646626,600,383,16.28,63.27,813.03
9.89057671712844,782,950,6.50,27.00,148.41
9.891375499373963,484,227,27.33,112.89,97.62
9.89469466981768,156,33,22.03,88.42,186.47
9.895024320619852,639,789,11.79,48.04,50.44
9.895573709762346,916,802,14.32,57.16,16.07
9.896627804467975,635,917,14.70,60.33,187.30
9.897277701504422,668,681,13.44,54.82,135.23
9.899159064697143,529,435,6.55,26.36,358.72
9.899494707360807,543,259,0.02,0.11,1375.72
9.90141086299359,401,883,0.65,3.07,53.78
9.902025856832848,667,321,1.49,5.68,147.76
9.90243363407148,966,708,7.38,29.61,100.75
9.902465636843306,183,912,6.01,22.68,65.36
9.903419919499136,409,642,9.83,39.34,71.75
9.903648126894954,348,891,11.66,45.48,19.28
9.904182225514369,682,114,14.03,54.78,334.66
9.904230404482208,431,578,4.97,18.60,884.80
9.907800988660826,313,193,9.80,38.75,130.14
9.908217792214653,467,746,1.23,5.53,120.37
9.909026950679362,662,374,22.00,86.43,582.84
9.909505011123503,566,820,6.00,24.26,157.77
9.91024134737145,583,108,6.43,25.48,2974.16
9.910291389726787,10,552,10.26,43.50,76.18
9.913038760405978,12,127,19.65,76.01,73.53
9.913506944885523,915,408,0.29,1.35,240.36
9.91487951006577,179,937,4.80,20.70,30.22
9.917011253591568,985,654,5.39,19.15,174.94
9.919568001051035,575,758,3.01,12.41,186.75
9.920144369695684,298,738,8.90,33.30,207.50
9.921724404493773,527,267,0.57,2.33,580.52
9.923022564523276,604,538,0.17,0.72,112.05
9.924974819127572,672,766,0.65,2.88,721.76
9.926539846240562,719,259,10.24,39.34,1385.96
9.926831527270124,905,134,11.75,44.07,873.07
9.927584647327993,342,675,6.48,25.43,100.49
9.92767849886231,92,701,27.92,112.01,486.67
9.929408267965183,763,843,10.20,42.51,144.22
9.929942245292962,116,944,4.93,19.87,74.42
9.932801335316528,335,33,17.60,72.49,204.07
9.933099436172952,53,892,14.30,58.13,82.97
9.934748732925398,755,473,21.24,85.84,122.83
9.936252623721169,343,171,26.87,110.02,92.92
9.936579975112608,899,563,13.39,52.16,96.71
9.937424597763288,760,1,8.55,31.35,62.85
9.938436331179007,882,947,5.79,21.97,179.57
9.94002678764146,27,855,18.98,77.19,2168.42
9.941640830686643,409,130,7.57,31.77,3770.19
9.942948005797318,724,111,12.19,46.43,57.82
9.943203492158894,5,759,3.92,16.60,139.51
9.943866635846518,770,62,25.56,100.45,43.35
9.944138545065488,896,411,26.65,107.95,309.97
9.944448515757864,608,862,4.67,18.09,251.36
9.945586211326892,181,149,3.66,14.62,268.36
9.946736467682838,397,901,51.00,200.63,210.19
9.947976554869735,3,774,5.68,23.88,183.55
9.94809829718005,689,416,9.19,37.63,30.12
9.950599620405832,613,258,0.16,0.57,178.10
9.951439712986252,115,675,1.72,7.10,102.21
9.95151595237768,857,402,5.11,22.11,306.62
9.952702197229437,166,618,9.61,39.26,1199.35
9.952749724554447,409,677,6.59,25.18,72.18
9.95277670504467,984,950,10.41,44.36,158.82
9.953196230044131,889,130,9.25,38.11,3779.44
9.953662607483903,956,969,7.71,30.86,77.31
9.953964551933682,245,654,1.03,3.83,175.97
9.95548697355936,70,453,25.91,105.15,299.26
9.956038532743763,72,259,8.42,33.29,1394.38
9.956069541081819,586,63,3.26,13.64,78.44
9.959177304796368,136,114,3.08,12.90,337.74
9.959589131184565,418,22,37.00,145.29,265.08
9.96006524391557,58,349,13.13,52.89,252.14
9.96026020783226,97,406,22.83,90.40,248.64
9.961277967757553,908,108,22.76,90.73,2996.92
9.962175869416381,320,260,1.20,5.42,49.56
9.962782830557693,723,825,2.39,8.87,54.16
9.963888835024402,384,515,57.89,234.43,83.88
9.964718729262158,764,862,0.99,4.28,252.35
9.965628883969798,11,812,9.65,39.17,19.30
9.967154341156125,413,747,9.25,38.16,22.70
9.969166829246731,982,558,12.36,47.88,24.89
9.970041275448693,921,130,9.31,36.14,3788.75
9.970055327246667,66,995,4.84,17.97,101.07
9.971956434679264,934,560,3.53,14.09,2905.29
9.973243738626962,180,187,4.99,19.58,538.33
9.975131322914574,399,181,5.63,21.72,20.25
9.978086847770813,886,374,8.86,36.76,591.70
9.97854684164828,697,185,9.79,40.19,84.43
9.978839518235798,429,87,6.39,26.99,46.40
9.980067533230063,147,918,32.32,131.95,129.94
9.98168905317479,393,936,2.39,10.49,16.08
9.981843377799434,996,289,14.18,56.65,145.73
9.982998986016321,369,903,11.74,44.16,90.85
9.983420620194545,543,289,0.04,0.07,145.77
9.983685927235832,478,929,7.87,30.54,30.47
9.983978774632504,409,560,5.51,19.67,2910.80
9.984013991243355,13,344,58.85,235.86,217.69
9.98457761142004,159,108,29.37,117.55,3026.29
9.98572675666504,103,435,0.67,3.15,359.39
9.986119127979629,200,919,19.67,81.55,181.43
9.987525945929228,947,108,36.03,143.54,3062.32
9.987726489960666,56,631,38.35,152.62,74.71
9.988350442464403,767,712,4.15,16.73,1136.19
9.98858687520209,809,801,0.01,0.00,35.10
9.98950664915374,278,983,7.32,30.46,57.15
9.992410448487707,998,130,1.48,5.22,3790.23
9.992612322103934,620,855,2.94,12.55,2171.36
9.993941013444513,994,787,0.40,1.48,62.05
9.995041483185172,808,819,13.08,48.55,44.16
9.995698618484722,103,612,0.58,2.57,30.14
9.999377863540667,676,981,7.47,30.71,29.81
10.00096071197796,853,100,3.57,16.07,6.29
10.00223459162819,168,108,17.98,69.50,3080.30
10.004831358853057,573,843,15.67,62.73,159.89
10.005252941247937,911,114,7.88,34.24,345.62
10.00538886747652,323,114,12.01,46.74,357.63
10.005993213225212,764,949,0.84,3.44,87.11
10.00646468605765,360,890,2.92,12.64,43.61
10.006700133337697,624,768,1.75,6.39,38.96
10.007445660477158,966,350,5.96,23.65,88.80
10.008059189485007,853,284,3.08,12.99,140.77
10.008952131173833,404,334,1.20,4.85,261.07
10.011196413505404,872,224,15.68,62.85,80.45
10.013457259637054,336,682,7.99,30.86,62.77
10.013492975528038,218,592,0.98,3.68,224.01
10.013590728391105,54,560,2.62,11.37,2913.42
10.013951531012188,980,861,0.74,2.90,346.98
10.015022058094551,170,578,5.57,23.06,890.37
10.01506981959731,409,334,4.01,15.66,265.08
10.016377809292697,409,622,3.10,12.56,25.86
10.017104044227604,653,194,6.07,23.73,127.50
10.01978980165399,413,855,7.57,30.59,2178.93
10.020759642402206,546,861,11.84,46.51,358.82
10.024233468164425,354,131,11.08,44.26,42.85
10.024695099662143,828,149,29.98,120.08,298.34
10.025029778718114,210,194,25.12,100.27,152.62
10.02838414729064,759,564,27.80,111.71,113.04
10.029807343805665,161,585,2.82,11.16,163.18
10.030592339498996,653,864,4.96,18.77,26.77
10.03260851090735,409,119,2.53,10.03,101.87
10.033345791573229,82,855,8.23,32.71,2187.16
10.034373867792782,666,614,10.42,40.87,215.77
10.035880992093013,365,266,15.27,61.47,40.10
10.035946646256075,357,607,2.97,12.48,90.46
10.036440907701873,640,5,16.86,66.91,33.46
10.038752057862618,812,439,3.89,15.41,450.06
10.038933641606747,923,142,9.78,38.87,21.57
10.040020221885012,136,981,2.62,10.28,32.43
10.040422661878889,295,130,14.43,55.68,3804.66
10.04071081367599,464,130,24.48,97.59,3829.14
10.041361778547534,495,22,5.25,22.19,270.33
10.041965827486813,349,706,49.19,202.95,69.72
10.042256391535,331,872,17.62,71.04,80.47
10.04362877840198,296,336,0.92,3.48,31.78
10.045197968522917,352,184,8.46,35.49,22.00
10.045296551018119,569,187,32.06,127.22,570.39
10.045428608310202,214,926,10.44,40.06,61.41
10.045639321437854,914,439,0.74,3.01,450.80
10.04671683090743,777,374,22.06,87.20,613.76
10.046937640738905,980,988,0.70,2.20,387.46
10.04695796217011,961,388,8.27,33.42,123.78
10.04709393158873,998,760,1.11,4.11,32.46
10.047599516905823,377,108,18.22,74.71,3098.52
10.047952872575872,300,776,8.70,33.03,66.26
10.048085751599857,653,280,4.01,14.76,109.14
10.048757567201946,417,560,15.20,58.50,2928.62
10.048889106629765,612,529,6.32,23.82,32.68
10.050254462114786,872,389,15.83,64.64,41.87
10.052936958587525,112,267,11.17,43.90,591.69
10.05432827688302,119,618,19.73,82.14,1219.08
10.055648110863288,667,862,1.06,4.62,253.41
10.055766787900385,409,462,1.81,8.22,13.50
10.057053957851572,809,797,0.00,0.00,38.67
10.057868056669806,849,249,1.77,7.53,238.33
10.058552073785869,691,750,21.23,85.48,88.04
10.060380699785236,356,11,6.57,27.23,45.74
10.060442734928134,99,42,0.29,1.42,85.39
10.063994822098016,509,130,21.79,88.34,3850.93
10.064541013283087,981,108,6.58,25.85,3105.10
10.067367397226331,96,617,11.53,46.68,256.79
10.0678768245968,581,33,5.72,23.91,209.79
10.068251901207766,640,411,12.86,54.05,322.83
10.068627770237528,393,489,1.94,8.55,23.70
10.070784857619444,813,945,2.79,11.03,124.09
10.07309203003346,624,705,1.16,5.23,394.02
10.074060468035498,92,211,22.74,89.27,142.48
10.074448685535646,462,76,2.64,10.86,82.92
10.074703146784458,404,22,0.88,3.97,271.21
10.075482462860988,827,727,4.02,16.07,143.62
10.075654010707932,142,860,4.61,16.96,141.79
10.07622299385432,912,473,12.16,53.20,134.99
10.078898190776451,755,129,16.99,68.85,599.33
10.079271582742804,208,993,11.00,45.14,65.92
10.07967248746368,729,105,9.66,37.34,49.07
10.079913771974963,23,751,1.30,4.99,40.93
10.080587082614707,411,259,63.68,259.15,1458.06
10.081310344842253,929,252,6.37,24.10,42.08
10.081765210864658,904,426,1.27,4.21,22.19
10.082823245457417,809,130,0.00,0.00,3850.93
10.08509994959007,533,155,5.57,22.94,22.65
10.08510874592585,404,578,0.73,3.24,891.10
10.087355376234523,239,60,9.39,38.51,151.05
10.08805291604228,357,560,2.38,10.10,2931.00
10.08827180962345,629,486,6.51,24.70,330.58
10.088288314219934,624,858,1.09,4.14,21.29
10.089180914252937,93,855,12.76,50.37,2199.92
10.089578354867374,341,321,56.12,227.54,203.88
10.089720148838143,927,560,2.93,11.87,2933.93
10.089958508545033,21,278,19.90,76.15,50.36
10.090531982573879,612,175,4.59,19.23,98.03
10.090764982704961,780,277,14.51,57.15,42.83
10.091348392231048,635,83,12.12,48.21,292.48
10.091674720405651,147,130,27.05,104.90,3877.98
10.092988026438634,352,130,6.85,28.64,3884.83
10.093115776110553,220,658,6.31,24.24,75.74
10.093690395568462,451,418,17.02,68.77,162.31
10.094466510895815,625,862,13.47,51.94,266.88
10.095936457078324,791,286,15.65,64.76,62.58
10.096647187398327,48,187,12.91,50.88,583.30
10.097495571525979,778,759,8.85,37.03,120.56
10.09751706637422,92,749,17.62,71.65,27.99
10.098523841804258,967,130,19.20,75.24,3904.03
10.099509959554192,656,560,9.51,38.80,2943.44
10.100126781672275,355,196,5.98,24.13,77.69
10.101090230819224,22,493,54.41,216.80,175.79
10.103938775709464,580,862,31.22,119.64,298.10
10.10420756804647,409,536,1.72,6.50,90.05
10.104613310583794,563,452,19.09,77.62,107.98
10.105473039085869,409,259,1.34,5.16,1459.40
10.106610826358185,991,22,18.75,71.85,235.55
10.107845548258771,462,966,2.31,8.55,25.96
10.108185752907618,827,578,3.06,13.01,894.16
10.109069725848405,396,862,6.29,23.45,304.39
10.110385593864997,955,360,64.27,258.78,76.91
10.111027780026387,634,292,129.96,523.26,139.53
10.11189086738801,662,228,16.73,69.70,148.17
10.112214643399279,641,778,2.38,9.03,39.41
10.112295342242437,210,250,20.18,80.09,52.05
10.112960358370362,624,165,0.90,3.24,205.71
10.113681563603699,233,560,19.35,75.42,2962.79
10.11383298674783,142,24,3.32,13.64,21.81
10.115381284662316,312,463,9.44,38.67,124.28
10.115389231898478,251,861,3.93,15.93,362.75
10.116746973204384,225,93,8.18,32.73,58.55
10.117246933845989,835,919,13.50,54.44,194.93
10.117686986622687,196,634,15.10,62.59,538.36
10.120632493250135,417,730,11.85,46.65,317.29
10.121760876300728,193,944,25.36,104.78,99.78
10.12189529368806,712,855,227.67,908.52,2427.59
10.12191392521422,401,333,0.57,2.50,151.37
10.122010837957895,687,280,0.19,0.51,109.33
10.126952263811654,672,296,0.56,2.32,4.04
10.127630203779457,201,435,5.00,18.34,364.39
10.127911712451645,337,578,11.31,45.77,905.47
10.128620955127639,411,855,51.69,207.46,2479.28
10.129465155210289,543,335,0.00,0.07,72.49
10.130262542875691,742,130,2.11,8.98,3906.14
10.131780087339815,160,257,11.38,45.43,121.85
10.13239570163133,465,949,5.91,22.84,93.02
10.132453612475212,812,384,3.12,12.29,237.55
10.132739874866134,749,374,5.79,22.20,619.55
10.13276371564364,966,862,4.93,21.03,309.32
10.13437181840296,861,374,72.95,289.80,692.50
10.13593958990808,788,592,12.85,56.56,236.86
10.136973282534706,224,391,16.42,64.03,167.34
10.138229930879444,757,74,15.43,62.30,115.98
10.138800877522709,912,758,10.51,42.69,197.26
10.139033567936849,959,846,18.24,72.78,61.50
10.139137943826979,430,311,73.04,292.17,555.59
10.139569806990307,710,81,1.28,4.39,185.42
10.139813793733829,330,955,4.23,17.63,263.01
10.140391247768436,530,680,27.65,109.35,224.61
10.140762713770789,357,134,1.93,8.17,875.00
10.141617663506285,897,720,14.91,57.53,131.65
10.142694092554532,502,560,0.29,1.33,2963.08
10.143127871900925,501,714,46.80,191.70,55.94
10.143580653940482,324,145,1.52,6.45,31.63
10.145408750928008,714,617,11.14,44.80,267.93
10.145532370593521,615,540,13.88,53.00,67.37
10.146264216488836,624,94,0.68,2.56,49.31
10.147081885454078,276,557,13.28,52.44,93.64
10.148059199798425,656,130,7.46,31.34,3913.60
10.149318885773079,769,826,22.40,85.63,93.26
10.14960996419846,901,65,41.31,168.88,225.05
10.150187096504828,667,618,1.04,3.58,1220.12
10.150438339364735,799,586,5.92,25.75,19.56
10.15222465417582,292,108,27.65,111.88,3132.75
10.152360622824451,914,130,0.71,2.30,3914.31
10.154160920472334,835,664,10.74,43.70,128.64
10.154751269549685,571,108,17.16,69.75,3149.91
10.154881800158613,339,618,3.60,13.92,1223.72
10.15586698903919,50,470,46.40,184.58,108.69
10.157106761129263,55,908,5.74,20.40,96.47
10.158046218289222,385,561,1.26,4.50,129.42
10.159630807297646,388,852,24.78,99.00,99.97
10.16000466112265,914,712,0.49,1.81,909.01
10.160079826613536,527,108,0.51,1.82,3150.42
10.160680711496944,169,856,2.06,8.76,13.99
10.161314931685915,954,581,8.58,34.58,32.49
10.164403121649906,444,325,4.73,19.58,156.95
10.165636153432493,346,82,7.75,31.76,40.46
10.166586555133637,685,324,11.22,41.99,17.67
10.167122125654974,543,577,0.01,0.06,35.40
10.167697920223054,812,14,2.59,9.70,59.82
10.170062189949022,667,411,0.69,2.89,208.15
10.170788324679133,357,419,1.59,6.58,83.43
10.170922326785426,543,719,0.02,0.04,39.36
10.172783892011108,43,428,3.40,14.47,62.42
10.17334872141519,880,831,10.12,41.39,286.32
10.173594096287129,137,210,15.33,63.72,95.42
10.174588473018476,785,967,35.67,143.48,110.91
10.179593136846744,26,130,54.58,217.08,3968.89
10.18144002894584,861,289,57.33,232.47,203.10
10.18330927784293,696,203,4.88,19.54,60.50
10.184943680967809,809,770,0.00,0.00,100.45
10.186314582590361,360,926,15.00,61.91,76.41
10.186678089668373,613,698,0.13,0.44,208.80
10.188500269400432,33,95,41.82,167.97,61.89
10.18872858959177,897,872,11.35,46.18,75.99
10.189355975283323,825,221,10.54,43.62,23.62
10.189382986282574,855,386,495.07,1984.21,562.71
10.189629120652226,923,959,7.35,31.52,80.13
10.190830191760277,217,651,30.58,123.57,33.82
10.191838040305834,657,759,24.66,98.49,145.22
10.194095060746637,826,194,18.28,74.98,170.90
10.194790508317253,703,980,4.31,17.52,6.51
10.196366049616701,721,566,1.23,5.00,25.49
10.197370296732423,344,950,43.60,174.09,202.42
10.198552897259923,105,333,9.84,39.23,161.21
10.19858862166427,945,31,25.17,98.92,61.48
10.200152955541988,193,130,20.73,84.05,3989.62
10.201106863119216,136,560,2.08,8.20,2965.16
10.201498708389952,995,98,20.68,80.39,185.50
10.201727197016186,527,194,0.36,1.46,171.26
10.202590864633994,604,585,0.16,0.56,163.34
10.205304533502742,830,855,4.05,15.94,1988.26
10.208233335385271,376,578,1.74,6.67,907.21
10.20827471276851,793,858,10.62,43.77,31.91
10.209721769312289,998,438,0.72,3.39,121.41
10.209911429484672,931,22,13.07,51.75,248.62
10.210793531673238,791,22,12.84,51.92,261.46
10.210946605416984,316,80,13.12,51.19,58.50
10.214445111045963,137,922,12.36,51.36,71.18
10.21532759957688,56,504,30.34,122.28,58.58
10.217775290112218,456,186,2.63,10.78,78.21
10.21862316186649,192,979,28.61,112.54,100.62
10.219891202156946,995,317,16.01,64.38,100.20
10.220960710970594,542,325,17.36,70.81,174.31
10.223132081625746,690,758,13.65,52.69,210.91
10.2259196690243,628,631,2.52,10.51,77.23
10.226147344711677,613,33,0.07,0.37,168.04
10.228389378438663,698,912,42.53,166.27,85.22
10.228737380590422,622,243,5.12,20.74,132.13
10.22989186300645,623,578,14.44,57.68,921.65
10.229939367712465,464,270,20.26,77.33,404.92
10.23089420194689,22,855,53.24,208.22,2041.50
10.234285751783194,574,130,5.20,19.96,3994.82
10.236774376036282,273,705,23.02,91.82,417.04
10.238172027029604,938,266,1.37,5.81,41.47
10.240806315614634,258,967,36.43,141.67,147.34
10.244922291545093,742,855,1.83,7.15,2043.33
10.245353397417665,5,130,6.82,26.64,4001.64
10.245821590112204,167,132,5.43,22.34,153.43
10.24590094048126,624,548,0.62,1.94,17.11
10.246389714863643,193,585,17.65,66.40,180.99
10.249326647138163,809,460,0.00,0.00,95.88
10.250685177922573,232,84,1.28,5.88,748.18
10.251428398280012,294,514,0.81,3.38,205.49
10.251998862269799,383,341,161.71,651.32,389.25
10.252481858790095,141,344,16.77,68.93,190.86
10.25294741452533,359,275,9.75,37.08,95.54
10.253067839256756,442,149,8.03,32.98,306.37
10.253142463085958,870,309,4.32,17.48,326.44
10.254160393620754,177,855,7.28,28.53,2050.61
10.254696449276093,465,72,4.62,18.22,37.91
10.255048150464159,446,108,1.97,7.33,3152.39
10.255112928469615,540,745,13.71,53.66,94.87
10.25550083259493,598,747,9.06,35.51,31.76
10.257852405778511,947,858,28.02,115.52,59.93
10.258195420827338,980,657,1.17,5.34,99.66
10.259031683878144,409,658,0.91,4.25,76.65
10.259347428851267,14,519,12.33,47.49,37.13
10.26032921768808,540,605,10.96,42.70,22.55
10.260831357704284,285,194,29.01,117.03,200.27
10.261041231686546,697,384,7.90,32.29,245.45
10.263218366612524,616,268,11.35,46.42,83.95
10.263500693050341,849,265,1.71,5.82,176.37
10.26511427776274,809,695,0.00,0.00,17.09
10.265454295477838,612,855,3.63,15.60,2054.24
10.268930177880359,138,71,6.88,27.67,73.35
10.269333150861787,672,174,0.48,1.84,57.22
10.269944466481736,526,58,1.72,6.84,54.61
10.270830421595274,644,240,2.05,8.76,82.88
10.270919643490389,809,726,0.00,0.00,49.77
10.271248871177693,202,872,8.77,34.03,84.76
10.271472918343656,131,96,8.34,34.51,55.02
10.272584970197729,596,792,6.29,23.90,51.41
10.27310569346299,540,129,8.54,34.16,607.87
10.275445870101999,409,533,0.83,3.42,23.77
10.276833513740682,691,559,16.52,68.96,140.78
10.276849738052903,667,919,0.62,2.27,195.55
10.279045334871801,721,765,1.04,3.96,106.35
10.280618003960083,716,855,14.11,56.60,2068.35
10.280646529499794,812,973,1.93,7.77,13.90
10.28147038482923,624,560,0.40,1.54,2965.56
10.283096290200925,5,267,5.44,21.20,597.13
10.28388920450812,177,855,5.84,22.69,2074.19
10.284680661601104,630,358,11.60,46.03,81.61
10.288178664881256,622,783,4.41,16.33,52.17
10.289987948444173,249,375,47.15,191.18,102.78
10.290376571063687,611,660,14.26,57.14,100.36
10.29436686345995,176,103,16.79,66.31,19.36
10.298326978130888,674,773,26.25,104.17,197.75
10.299526785971969,652,888,6.87,26.53,196.01
10.30065221907342,557,341,18.31,75.33,407.56
10.302335462579439,715,868,11.85,48.34,129.70
10.303113036755974,752,411,52.93,206.07,261.08
10.303689518759231,300,572,6.54,26.49,123.45
10.303885602797173,855,499,412.28,1661.91,454.54
10.306129405831522,409,836,0.61,2.81,29.97
10.306496047874134,612,854,3.05,12.55,175.21
10.30655027204688,66,11,3.35,14.62,49.09
10.306589144874275,792,168,10.68,40.73,80.18
10.309049368989417,829,560,52.25,213.69,3017.81
10.31191984428625,444,606,3.90,15.68,171.25
10.312251153869193,282,841,20.41,82.41,39.57
10.313981114022509,650,2,7.10,30.28,8.24
10.315014183525886,542,560,14.42,56.39,3032.23
10.316216565020559,101,20,7.42,29.45,90.53
10.316799413177407,264,631,5.83,22.58,83.06
10.31805564493946,201,16,3.78,14.56,54.17
10.318305025062864,462,130,1.64,6.91,4003.28
10.318333771509412,341,560,81.42,326.14,3113.65
10.318425620758587,76,669,16.68,66.24,176.60
10.318640803935962,616,333,9.61,36.81,170.82
10.321060659671808,144,108,16.68,63.15,3169.07
10.321967938846988,920,394,25.95,105.61,195.08
10.32236765479022,5,130,4.13,17.07,4007.41
10.32310395528472,86,708,13.72,52.83,114.47
10.323242355956948,603,374,4.60,18.21,697.10
10.32578214875157,344,981,37.89,152.97,63.74
10.326443077957846,333,193,34.25,136.57,100.65
10.326746228240633,824,689,19.24,75.78,56.87
10.32863667711176,773,820,40.45,157.30,198.22
10.329049587516385,256,446,1.68,7.41,9.01
10.330137277015432,989,119,7.69,29.82,89.83
10.330316890438919,278,425,10.13,40.23,59.53
10.330414944385842,909,193,31.70,128.45,132.35
10.330491300928939,738,305,40.67,166.83,145.37
10.331758990940315,606,831,34.06,137.19,320.38
10.332154732425302,313,560,7.42,31.33,3121.07
10.332642601500321,562,831,16.00,62.43,336.38
10.333512483851152,964,560,1.54,6.65,3122.61
10.33391921480593,593,544,14.32,58.71,35.21
10.334381127893344,541,578,2.57,10.75,924.22
10.334544209986344,220,831,4.91,19.33,341.29
10.334908342354831,710,108,1.02,3.37,3170.09
10.335619214956035,215,344,10.68,40.47,163.65
10.338250761909595,585,560,36.74,144.25,3159.35
10.33927515497278,343,74,21.64,88.38,137.62
10.339661924652367,45,866,2.89,11.09,29.38
10.340721708437052,548,592,3.71,13.40,240.57
10.34089662293947,423,130,14.11,55.58,4021.52
10.340924873300136,956,855,5.97,24.89,1667.88
10.342325971204783,235,946,8.29,33.74,27.86
10.34251214907541,625,780,10.95,40.99,68.10
10.34358882039266,129,748,121.67,486.20,165.34
10.345403616519837,418,798,32.05,130.26,70.75
10.34596595606688,473,116,26.48,108.51,46.35
10.345981859168075,835,383,9.10,34.60,660.42
10.34605273172623,813,200,2.25,8.78,83.80
10.346775019592176,690,855,10.72,41.97,1678.60
10.3479380180213,930,138,24.98,99.61,52.65
10.352928814468164,370,354,13.95,58.42,58.21
10.353229440336978,12,850,15.66,60.35,94.57
10.354511583670156,345,344,3.33,11.95,166.98
10.35466382414771,454,371,18.01,73.23,282.17
10.355116308702591,459,971,7.46,28.27,418.42
10.356172221246736,975,130,4.22,15.85,4025.74
10.356715192086101,366,861,8.43,34.74,240.90
10.358574688094928,233,2,15.10,60.32,23.34
10.358734658215802,911,785,7.01,27.23,150.49
10.358803511516657,943,705,9.13,36.33,426.17
10.360186317727441,914,617,0.32,1.49,268.25
10.36354289406524,331,967,14.13,56.91,161.47
10.36521669763378,42,464,16.54,68.85,93.87
10.368479238921344,499,129,89.55,364.99,575.75
10.368594478105331,677,900,14.58,57.60,123.30
10.369103065572085,845,400,8.00,29.48,45.45
10.37081964135564,602,861,6.23,26.19,247.13
10.372238220090859,318,130,62.13,245.59,4087.87
10.37619868084283,742,676,1.41,5.74,32.12
10.376427181660958,54,377,2.07,9.30,76.78
10.37763948625588,151,796,19.26,75.98,132.25
10.378679436463333,985,374,3.98,15.17,701.08
10.378805053835764,352,22,5.74,22.90,213.96
10.380439705545456,760,282,6.53,25.93,88.94
10.380645874153291,467,201,1.16,4.37,15.72
10.381100604860096,780,200,13.61,54.49,97.41
10.382356166678942,328,769,8.80,34.20,94.43
10.383725259012493,612,937,2.43,10.12,32.65
10.385419078983364,990,555,10.45,40.63,177.82
10.386586253628298,245,17,0.75,3.08,88.89
10.387561214989603,604,328,0.07,0.49,34.27
10.387971624656384,720,884,25.54,106.11,73.02
10.388430497012275,460,167,19.74,76.14,42.08
10.388781321341268,103,338,3.85,15.51,112.69
10.389380489459535,676,675,6.47,25.65,108.68
10.39045995354306,148,253,12.62,50.63,104.87
10.391245483483806,285,755,23.54,93.49,92.39
10.39212020765437,774,82,35.79,147.76,76.25
10.392311895546086,816,766,5.31,22.07,727.07
10.392324024341496,998,578,0.78,2.61,925.00
10.392833585969578,724,309,8.96,37.47,335.40
10.396989729729372,445,175,13.94,57.46,111.97
10.397631823971267,729,249,7.81,29.53,198.99
10.398222720359309,280,419,21.41,87.92,104.84
10.3988877311197,889,489,7.41,30.70,31.11
10.39930487276658,385,317,0.79,3.71,100.99
10.39932097906725,8,213,14.68,57.20,62.00
10.400061743455007,622,560,3.33,13.00,3162.68
10.400964175632753,913,364,1.90,8.08,95.49
10.401872376189123,51,286,23.19,96.69,85.77
10.404269370669745,942,855,9.40,37.50,1688.00
10.40564511133557,710,886,0.68,2.69,37.44
10.408981373053898,458,560,29.81,123.27,3192.49
10.41196503131116,389,788,7.97,33.90,64.53
10.412610544565215,12,402,11.66,48.69,318.28
10.414777925125414,756,957,6.77,26.87,57.77
10.415681426505925,89,416,6.73,27.03,36.85
10.418345975731608,786,207,8.52,31.58,91.53
10.41977683477035,699,168,14.71,60.98,94.89
10.421703716306089,826,129,15.02,59.96,590.77
10.423131656838695,122,144,14.90,57.65,78.05
10.423817627032589,181,298,4.11,16.14,37.41
10.424687245575837,137,108,10.51,40.85,3180.60
10.427232006294703,381,153,1.93,7.04,48.72
10.428015531547171,667,430,0.53,1.74,292.70
10.42810728629154,300,41,5.27,21.22,59.86
10.428726613898489,103,265,3.18,12.33,179.55
10.429285859757599,13,869,47.07,188.79,120.80
10.4298873314836,803,345,10.63,41.13,22.58
10.432370912511551,353,880,4.21,16.26,45.60
10.43372811307856,360,790,12.51,49.40,122.90
10.43494457188689,409,855,0.56,2.25,1688.56
10.435360461336302,914,374,0.36,1.13,701.44
10.435954357288365,247,265,14.54,57.51,194.09
10.436973550927743,812,500,1.66,6.11,37.25
10.437089534865866,913,606,1.57,6.51,138.76
10.437222195473352,604,578,0.09,0.40,925.09
10.437737877609695,22,674,42.14,171.82,146.31
10.438615538084285,10,695,8.65,34.85,25.74
10.444973986362607,646,105,9.80,38.21,49.03
10.445571953812603,409,84,0.55,1.70,748.73
10.446463012272451,639,315,9.88,38.16,117.00
10.44795485565698,590,945,1.39,5.07,100.31
10.448324447036272,235,166,6.82,26.92,46.08
10.448684272537514,399,46,4.16,17.56,71.54
10.449715708491816,130,129,816.84,3271.03,1407.61
10.450114143445235,442,560,6.35,26.63,3198.84
10.45088329435418,326,217,6.09,25.08,129.66
10.451709671985705,852,934,20.04,79.93,34.13
10.454646790696703,948,560,2.30,9.03,3201.14
10.45597585959813,409,522,0.26,1.44,69.66
10.456764272957104,320,108,1.00,4.42,3181.60
10.458808466975519,409,333,0.30,1.14,136.87
10.459056087907502,428,138,12.45,49.97,65.10
10.46003491438572,341,284,65.60,260.54,206.37
10.460621454327216,691,26,13.33,55.63,230.41
10.461109327486405,80,967,11.16,47.34,172.63
10.4618264904953,247,634,11.41,46.10,549.77
10.462765861634736,721,114,0.73,3.23,358.36
10.46446723458002,526,989,1.30,5.54,31.12
10.46481058801282,303,861,9.01,38.35,256.14
10.466825169132289,759,176,29.02,116.20,95.33
10.467569429229156,615,878,10.19,42.81,60.81
10.467715366855519,57,458,6.32,24.13,129.59
10.468058826594067,672,618,0.34,1.50,1224.06
10.468746507229618,201,578,3.09,12.63,928.18
10.468840830468846,326,677,4.91,20.17,62.51
10.47008151254466,514,130,40.82,164.67,3311.85
10.47073391985554,99,560,0.31,1.11,3201.45
10.471075448165838,837,862,3.38,13.44,312.70
10.473626753233509,923,522,6.39,25.13,76.05
10.474266716219423,409,950,0.33,0.81,202.75
10.474712821815864,306,855,11.20,46.29,1699.76
10.475293331845903,556,75,34.56,135.89,97.37
10.475819565046642,138,705,13.16,51.94,439.33
10.476447300337275,576,905,5.98,23.56,50.05
10.478529211560746,672,122,0.20,1.30,57.85
10.482081248532278,307,232,32.15,130.82,38.03
10.482344501612141,592,486,48.38,192.19,378.96
10.485754695728774,268,852,16.03,67.92,95.96
10.486706875078642,526,113,0.95,4.59,243.42
10.486865058473366,708,812,21.56,92.91,27.67
10.487305918863914,524,895,11.65,49.83,19.16
10.488590501865502,946,403,5.77,22.09,108.51
10.488828722028007,9,471,7.24,27.87,23.39
10.491891042587824,218,869,0.61,3.07,121.41
10.492554987634309,180,855,3.68,15.90,1703.44
10.49286331262391,689,306,11.42,45.45,57.71
10.49494368856985,247,397,8.77,37.33,209.40
10.495721175204244,560,266,639.45,2562.00,680.92
10.49764350068384,306,303,11.46,46.25,49.81
10.498270202515979,692,862,21.03,82.97,333.73
10.499528685327446,620,855,2.58,9.97,1706.02
10.4995865679412,355,556,4.85,19.28,140.74
10.500557371580706,788,798,13.39,51.14,84.14
10.50075654593121,637,843,21.41,85.10,181.30
10.500778569178438,656,766,6.55,24.79,733.62
10.5014571769365,423,311,11.27,44.31,566.86
10.502603520766584,386,855,110.46,452.25,1816.48
10.503484045626163,667,898,0.36,1.38,55.21
10.504362701305618,41,658,12.43,47.43,89.08
10.504369614311425,99,950,0.20,0.91,202.95
10.504685212743636,694,578,5.51,21.22,933.69
10.506751683665742,142,971,2.72,10.92,421.14
10.509369914114728,989,578,5.86,25.26,939.55
10.511910516355725,232,60,7.64,30.39,158.69
10.512132325786483,99,65,0.21,0.70,225.26
10.5130524575795,37,305,5.69,22.50,151.06
10.51424231991528,748,668,32.76,132.58,87.58
10.514813446483961,697,678,6.15,26.14,654.72
10.516009660010626,913,978,1.36,5.15,68.99
10.51622203442194,744,262,36.77,143.99,101.77
10.51830986408831,18,896,2.91,12.18,110.86
10.51923491931525,501,646,38.77,152.93,76.98
10.519581825577383,784,655,8.25,33.74,121.18
10.521829915348873,729,600,6.25,23.28,69.52
10.523487392021297,182,864,10.38,40.92,37.15
10.523566351369169,17,560,18.37,70.52,2580.37
10.523637828227814,855,305,367.38,1449.10,518.44
10.523779659295935,194,158,40.52,159.75,78.60
10.523972694996719,672,352,0.24,1.06,23.14
10.5240623401066,651,461,6.88,26.94,50.45
10.524251622876102,576,618,4.91,18.65,1228.97
10.524467958097425,807,855,8.57,34.69,1457.67
10.525124855461598,77,545,5.74,24.38,51.87
10.526472754077261,200,390,19.75,77.66,80.82
10.5302599918395,493,560,35.32,140.47,2615.69
10.530823208934487,667,343,0.25,1.13,88.63
10.533015298002772,559,853,27.99,112.79,40.98
10.5333530444077,502,618,0.27,1.06,1229.24
10.534026962302624,699,654,12.00,48.98,187.97
10.534194002473578,290,259,2.25,8.97,1461.65
10.53435238744711,521,177,11.67,45.66,34.36
10.535068563863947,567,477,9.32,36.06,711.34
10.536911227605602,598,669,7.47,28.04,184.07
10.538240552549349,131,521,6.70,27.81,52.36
10.540487102250319,586,424,4.07,15.49,41.09
10.540574773225815,177,132,6.87,27.49,160.30
10.541072063560842,64,828,25.18,101.31,145.26
10.54158818803893,201,724,2.36,10.27,39.83
10.542092835366411,59,873,21.83,83.69,504.43
10.542247953640508,980,919,1.05,4.29,196.60
10.542250182585404,644,67,1.71,7.05,71.24
10.542545940500235,815,130,9.42,38.66,3321.27
10.54451720044295,432,372,1.07,4.10,15.21
10.54968856002873,665,22,18.60,74.54,190.42
10.551066190725859,852,954,19.29,76.67,53.87
10.55404702146815,209,128,23.89,98.82,98.01
10.557859236455341,409,618,0.11,0.70,1229.35
10.558357158821504,232,771,5.95,24.44,189.08
10.558525667261739,233,855,12.10,48.22,1469.77
10.55963374555573,775,950,1.42,6.34,204.37
10.562521637236864,915,108,0.25,1.10,3181.85
10.564230682102483,570,298,4.74,18.65,42.15
10.565046314848999,796,812,26.35,105.90,54.02
10.56671387156342,456,189,2.01,8.77,114.04
10.568136787775629,419,68,21.27,83.57,68.62
10.568260628891972,622,560,2.76,10.24,2618.45
10.568596268857728,684,130,11.96,48.05,3333.23
10.569204576984202,34,323,5.43,22.31,52.17
10.570519551289635,141,675,13.73,55.20,122.41
10.573002364847046,517,587,49.37,192.83,164.15
10.57328638522397,93,861,11.68,46.87,267.82
10.574981289624823,993,841,13.39,52.53,52.96
10.575188225208247,621,695,13.96,54.13,39.70
10.575340901494947,764,618,0.65,2.79,1230.00
10.575616716873677,401,216,0.43,2.07,68.12
10.575792664744789,139,597,19.24,80.72,53.92
10.576105682864544,652,334,5.50,21.03,270.58
10.576254295366109,747,303,6.03,25.73,55.84
10.576454698772203,930,479,19.47,80.14,63.60
10.578183766702221,986,47,7.57,30.93,126.03
10.578581079376399,853,953,8.66,32.32,255.39
10.578801046028833,382,808,9.03,34.84,57.58
10.578974755496933,45,873,1.85,9.24,506.28
10.583779181330629,411,862,52.54,208.54,386.27
10.584719998888632,676,855,5.30,20.35,1475.07
10.58687028456298,613,294,0.04,0.33,3.42
10.587651811580095,346,187,6.06,25.70,589.36
10.58786683106813,938,897,1.31,4.50,47.49
10.5895043147316,10,151,6.89,27.96,82.87
10.589848179244903,526,560,1.07,3.52,2619.52
10.591291283761544,616,604,7.28,29.53,7.68
10.592002557333057,622,304,1.98,8.26,148.33
10.592779767585673,921,22,6.84,29.30,197.26
10.593380899100802,127,396,14.59,58.94,38.04
10.594040455638428,858,843,12.06,47.87,193.36
10.594136485386736,555,464,34.94,142.88,128.81
10.594981159715697,985,130,3.06,12.11,3336.29
10.595272447939823,22,130,39.81,157.45,3376.10
10.595719913752777,832,433,16.82,67.88,40.86
10.596281490909556,809,855,0.00,0.00,1475.07
10.596846632135714,630,828,9.21,36.82,154.47
10.59757053960852,965,855,4.23,16.46,1479.30
10.597860994955456,731,22,18.01,70.26,175.46
10.598264343581347,136,501,1.74,6.46,154.67
10.598378838285901,733,634,4.18,16.45,553.95
10.59976246354892,831,416,68.89,272.40,105.74
10.600272089127524,672,585,0.14,0.92,144.39
10.606241160828759,379,757,2.01,7.68,64.31
10.606523828928253,915,326,0.29,0.81,20.46
10.606973114061127,101,672,6.17,23.28,7.09
10.607027334594111,599,438,3.09,13.50,124.50
10.607189276741586,254,130,33.66,133.42,3409.76
10.60740975756042,106,496,2.88,11.08,105.05
10.608098986192028,543,413,0.01,0.03,30.60
10.608519015728293,91,337,1.07,4.16,46.84
10.609125187089681,5,972,3.37,13.70,303.15
10.609902464978038,339,33,2.61,11.31,170.65
10.61008036303038,622,780,1.74,6.52,56.23
10.610435434709387,307,351,26.08,104.74,134.44
10.611081413365195,628,618,2.21,8.30,1232.21
10.611784694655299,401,638,0.53,1.54,32.57
10.612401481388106,601,21,5.64,23.99,81.79
10.616145370470207,408,109,47.55,192.81,73.60
10.616592156105217,137,130,8.07,32.78,3417.83
10.618257165651286,315,477,22.55,94.45,733.89
10.619804892860074,651,260,4.96,21.98,54.52
10.620660663300107,86,176,10.68,42.15,106.01
10.62194219620972,837,640,2.60,10.84,56.65
10.622494739797023,432,874,0.76,3.34,57.30
10.622749433654812,961,701,6.43,26.99,493.10
10.622866585423887,356,875,5.22,22.01,30.34
10.623409527127347,788,149,10.49,40.65,316.86
10.624623722974393,578,375,186.61,752.94,289.39
10.626360549215146,147,855,22.06,82.84,1501.36
10.627554946795392,898,639,10.87,44.34,49.03
10.628981278562252,667,11,0.20,0.93,49.29
10.62994969649206,626,193,17.45,71.01,149.80
10.63362812063542,636,390,9.13,36.12,89.95
10.6342539687511,370,902,11.88,46.54,150.94
10.636663080907548,994,855,0.31,1.17,1501.67
10.6367812104786,385,585,0.71,3.00,145.10
10.637762899079304,99,302,0.15,0.55,62.70
10.639688657129174,737,872,10.67,41.61,95.43
10.640100106214161,73,70,46.77,184.66,151.92
10.640137598849922,534,718,14.45,55.53,66.95
10.640883066893622,966,654,4.08,16.95,192.05
10.641199098442605,59,344,16.85,66.84,183.83
10.641471879015832,319,430,20.87,82.33,313.57
10.641827358389937,389,265,7.07,26.83,201.16
10.646533213461788,564,202,23.24,89.80,57.27
10.646565880222468,561,438,25.91,103.51,150.41
10.647515478503504,897,384,9.07,38.42,254.52
10.647579884625626,312,130,7.68,30.99,3425.51
10.647667631695821,481,485,13.77,55.89,77.69
10.652104594310076,30,739,8.53,32.61,169.87
10.652596552793872,31,867,12.66,48.82,41.48
10.65371849022372,559,259,22.84,89.95,1484.49
10.655814758191916,241,130,10.56,44.36,3436.07
10.65646336690562,532,855,15.22,62.56,1516.89
10.656895584695445,411,861,42.27,166.27,310.09
10.657277604106623,688,975,14.01,57.39,29.86
10.65820030052749,610,84,8.74,37.42,757.47
10.659593168366813,300,578,4.68,16.54,757.62
10.662079525919967,713,578,10.85,45.17,768.47
10.662771160380293,757,560,12.99,51.32,2632.51
10.664018374545332,848,138,11.41,43.91,63.35
10.66461377615029,505,406,11.17,45.12,259.81
10.664614936179587,393,311,1.70,6.85,568.56
10.66508662894308,666,182,7.96,32.91,48.88
10.66630528099186,86,20,8.15,34.00,98.68
10.666355086875999,809,439,0.00,0.00,450.80
10.66699246248376,438,130,30.05,120.36,3466.12
10.668027572475273,734,562,37.04,150.53,99.47
10.669233539356854,837,193,2.22,8.62,152.02
10.669395945166416,769,496,19.04,75.39,124.09
10.669635512392894,666,352,6.17,26.74,29.31
10.671040037154887,103,770,2.57,9.76,103.02
10.672676980931413,349,828,40.10,162.85,194.57
10.673149184144945,546,986,8.99,37.52,39.92
10.674752126845181,656,134,4.56,20.23,879.56
10.675139004602837,451,126,14.19,54.58,53.21
10.676579729714884,339,712,2.17,9.14,911.18
10.67725356884987,223,119,2.97,12.03,92.80
10.677341114732988,575,270,2.57,9.84,407.49
10.677789227119739,613,84,0.05,0.28,757.52
10.678059720764404,419,130,17.52,66.05,3483.64
10.678480013546785,87,354,9.56,36.84,67.77
10.678713931290549,537,92,32.35,127.10,104.00
10.679924234104615,458,621,25.54,104.05,79.67
10.680115549073316,604,618,1.40,6.28,1233.61
10.680120380315966,924,70,10.58,39.49,162.50
10.680573374359621,497,83,8.17,33.25,300.65
10.683747429263802,433,130,8.01,32.85,3491.65
10.683911154726935,16,622,11.15,43.02,17.67
10.684418306246092,131,990,5.69,22.12,46.32
10.684570262130208,777,202,17.35,69.85,74.62
10.685204042342649,713,634,9.13,36.04,563.08
10.686774929868143,782,73,5.29,21.71,189.95
10.688252112861731,812,701,10.58,43.44,503.68
10.68899210699035,961,103,5.49,21.50,15.25
10.689725378145711,401,263,0.26,1.28,200.76
10.689955761250431,404,112,0.58,2.66,44.48
10.690416443603915,598,855,5.45,22.59,1522.34
10.691705659684148,475,148,12.06,48.20,62.69
10.692393792774148,988,793,77.06,310.40,120.83
10.693082238703688,622,130,3.84,13.83,3495.49
10.693784710906098,64,40,20.64,80.67,60.17
10.694100955809139,973,985,2.82,11.08,14.93
10.694666107479486,938,84,0.93,3.57,758.45
10.694798108490758,199,344,20.68,83.81,204.51
10.695391103245687,307,187,20.49,84.25,609.85
10.69801197263329,280,690,17.63,70.29,59.60
10.698084043617683,837,130,1.70,6.92,3497.19
10.698183262830153,724,130,8.00,31.83,3505.19
10.69872865392462,576,861,3.85,14.80,313.94
10.702625368805542,284,535,41.87,164.50,117.14
10.70310151217134,318,292,50.16,195.43,162.04
10.703344864587494,631,134,17.17,65.89,896.73
10.707197918545077,955,674,53.09,209.92,199.40
10.708533795622284,539,350,25.02,100.81,113.82
10.708555746639515,816,57,4.30,17.77,28.43
10.709093997916616,697,261,5.08,21.06,34.90
10.709412518752682,163,477,10.30,41.24,744.19
10.71057954941941,218,117,0.62,2.45,51.60
10.710594239998246,477,654,149.34,594.85,341.39
10.711339323706145,495,401,4.13,18.06,5.41
10.712151476873924,504,14,12.03,46.55,59.52
10.71267792691471,129,618,279.24,1128.37,1512.85
10.71279373834849,914,563,0.23,0.90,77.85
10.713910643026693,927,129,2.31,9.56,1130.68
10.713923898701054,11,675,10.19,39.10,132.60
10.716407532111573,151,170,16.67,66.20,39.73
10.716407691058835,341,828,52.58,207.96,247.15
10.71708537710504,242,872,11.00,43.54,106.43
10.717390472252132,767,855,3.42,13.31,1525.76
10.718543814894028,891,560,3.79,15.49,2636.30
10.719341773280185,188,772,8.90,33.67,37.66
10.71968249730558,290,855,1.78,7.19,1527.54
10.719804654068081,741,525,14.37,57.11,51.05
10.720122555758136,530,988,21.77,87.58,332.17
10.720785469643115,462,698,1.35,5.56,167.62
10.722690918425982,672,563,1.54,5.55,79.39
10.723555825154298,956,693,4.86,20.03,107.02
10.724353273870031,404,560,0.54,2.12,2636.84
10.725077872535797,318,501,38.08,157.35,192.75
10.72673809141156,525,350,9.93,41.12,123.75
10.730215167331092,186,682,16.07,62.14,78.84
10.730388831391346,352,112,6.38,22.93,50.86
10.730473496009632,622,957,2.77,11.06,60.54
10.731416685458683,579,592,28.62,117.90,220.81
10.731847324505173,909,560,25.37,103.08,2662.21
10.732486777939837,133,586,132.13,532.04,147.62
10.733191632082285,811,368,11.02,43.27,80.20
10.734562384501219,798,470,15.85,68.29,124.54
10.73541943678284,936,560,2.80,13.28,2665.01
10.736545019436143,749,423,4.44,17.76,48.75
10.737260481575257,540,887,6.95,27.21,122.68
10.740055032522209,497,108,6.44,26.81,3188.29
10.740241434058863,489,569,6.00,25.11,133.22
10.740529919608367,141,634,11.08,44.12,574.16
10.741384106446233,582,855,12.11,50.91,1539.65
10.74289326639376,526,855,0.74,2.78,1540.39
10.74491544251272,710,6,0.57,2.12,177.24
10.746401785051267,964,672,1.32,5.33,6.87
10.746509060227673,655,868,25.10,96.08,154.80
10.746873322149733,612,58,2.01,8.11,56.62
10.747371293767499,5,59,3.02,10.68,69.86
10.747690855967177,431,168,3.91,14.69,98.80
10.748844923863995,887,959,24.61,98.07,104.74
10.749014829287066,196,743,12.33,50.26,402.86
10.75203132164232,189,124,23.15,90.89,120.49
10.75288311089904,80,757,9.33,38.01,60.65
10.753666613113957,251,855,3.36,12.57,1543.75
10.753711753793864,516,961,6.62,28.18,28.12
10.753892522817932,494,21,13.99,55.66,95.78
10.754651553857558,48,419,10.23,40.65,76.28
10.755327665175388,872,468,21.47,84.96,224.59
10.755978827153319,359,618,7.20,29.88,1520.05
10.756491781054985,542,582,11.00,45.39,61.91
10.756616139422237,707,397,14.53,59.01,223.93
10.756991033431117,453,103,59.60,239.66,74.85
10.757989396677452,226,945,6.29,25.85,106.60
10.758389604109299,455,187,18.09,73.53,627.94
10.75971111783198,673,898,2.98,13.28,47.32
10.761482748654359,441,134,13.26,53.46,909.99
10.762452361352805,12,639,9.72,38.97,58.75
10.764147065266199,867,130,8.45,33.03,3513.64
10.764955967834771,932,855,10.53,41.46,1554.28
10.76542817151102,161,130,2.20,8.96,3515.84
10.76745697962315,204,8,22.11,87.92,79.31
10.767844348193362,752,872,40.62,165.45,125.58
10.768155444014992,57,600,5.89,22.54,75.41
10.769418168096713,750,959,16.53,71.51,121.27
10.77183617252152,319,557,16.11,66.22,91.44
10.772007807126776,789,874,10.10,40.34,67.40
10.772079492680174,705,251,87.86,351.47,100.43
10.774668583406239,788,912,7.67,32.98,92.89
10.77593016690065,768,108,7.52,31.44,3195.81
10.776657355833027,256,274,1.51,5.90,173.30
10.777184479975828,642,988,14.76,56.99,346.93
10.778346235046715,439,660,90.04,360.76,190.40
10.778678555062722,761,374,14.28,59.04,715.72
10.778702029499868,409,868,0.16,0.54,154.96
10.779820656233147,980,474,0.86,3.43,62.47
10.779935339517145,52,222,7.47,31.32,80.77
10.78091737405693,376,592,1.53,5.14,222.34
10.782087582470504,959,402,24.27,97.00,342.55
10.783000271461468,757,41,11.43,49.22,58.86
10.785408023267077,512,84,3.79,16.14,762.24
10.786925321369955,935,655,8.60,34.50,104.68
10.787677128612218,814,705,39.65,163.90,391.12
10.792206249742648,187,855,125.13,502.81,1679.41
10.792748103445994,601,65,4.88,19.11,230.14
10.793924804091953,856,698,3.06,10.93,170.68
10.795995019611464,680,332,45.65,178.96,93.73
10.796131093904553,328,705,6.80,27.47,397.92
10.796531501734542,259,360,296.62,1187.87,346.02
10.796942870538526,264,840,4.69,17.89,78.73
10.796947253937505,615,48,8.55,34.26,49.20
10.79782938983632,663,682,15.09,61.61,93.93
10.798894577380223,561,995,20.36,83.15,84.74
10.799016235336337,404,873,0.43,1.69,506.71
10.799702192954602,131,152,4.51,17.61,36.83
10.800123555457242,620,530,2.04,7.93,89.62
10.800156579867975,457,256,10.15,42.85,16.05
10.80018344894664,173,17,6.66,26.25,77.18
10.80080958218479,672,374,1.31,5.56,717.03
10.802385889276941,861,53,62.18,251.76,120.31
10.802562864022972,927,18,1.83,7.73,14.01
10.802723464333862,30,855,6.47,26.14,1685.88
10.802724695582558,161,664,1.84,7.12,130.48
10.802853239828869,594,861,14.39,56.39,266.15
10.803974315265673,517,771,38.23,154.60,227.31
10.80628728353981,419,130,15.31,60.97,3531.15
10.806374803967003,21,105,19.51,76.27,68.54
10.80743300639664,621,334,16.23,63.44,286.81
10.807880091494109,910,500,1.13,4.94,38.38
10.809110128466491,721,311,0.61,2.62,569.17
10.80988156872984,381,103,1.38,5.66,76.23
10.811709865110208,93,532,9.06,37.81,71.62
10.811829396482526,292,998,31.51,130.53,34.12
10.812022837602942,743,938,80.63,322.23,84.20
10.814924018730224,769,953,15.75,59.64,271.14
10.81548253604322,677,562,12.61,49.90,112.08
10.815727149656421,103,187,15.06,61.17,517.87
10.816727303840594,694,578,4.27,16.95,772.74
10.81964575085826,814,862,32.56,131.34,418.83
10.822473251891688,127,863,11.72,47.22,65.19
10.822878382935398,546,520,7.94,29.58,46.50
10.82495851947655,648,838,14.99,59.58,102.73
10.82532006622979,404,452,0.28,1.41,108.26
10.826348267145969,781,108,6.23,24.23,3202.04
10.827476208014684,164,474,19.24,76.77,81.71
10.82886704946073,49,719,4.13,17.73,43.49
10.8317972347295,909,855,20.24,82.84,1706.12
10.83315691970195,408,855,38.68,154.13,1744.80
10.8340325721173,337,873,9.27,37.57,515.98
10.834532672854218,604,517,0.99,5.29,155.59
10.836037585581463,299,861,5.46,22.38,271.61
10.836253952704618,120,187,14.52,55.51,532.39
10.837065637111056,773,787,31.25,126.05,93.30
10.838279221876995,623,600,11.52,46.16,86.93
10.839021880941806,935,105,7.09,27.41,75.63
10.839290728228336,175,873,21.97,90.00,537.95
10.839364531815994,527,233,0.24,1.22,48.46
10.83954195631535,734,523,29.70,120.83,99.31
10.839906886746904,594,634,11.41,44.98,585.57
10.840375958559514,543,215,0.01,0.02,40.48
10.840737558700082,587,972,33.27,130.88,336.42
10.841197575112133,158,877,15.74,62.86,110.93
10.84387027002365,296,187,0.87,3.17,533.26
10.844035323940204,357,130,1.37,5.21,3532.52
10.844058896234301,296,229,0.61,2.56,26.20
10.845188837347111,872,560,25.69,99.89,2690.70
10.847186067070309,72,228,7.52,30.39,155.69
10.848920794948155,718,757,13.46,53.49,62.68
10.849692360667479,931,674,10.12,41.63,209.52
10.8497162551704,352,626,4.86,18.07,75.87
10.852093519686223,545,680,10.25,41.62,189.21
10.852390893889217,935,522,5.35,22.06,81.40
10.852690858193233,604,560,1.13,4.16,2691.83
10.852765634180574,142,950,2.00,8.92,206.37
10.852939200085185,168,642,19.69,79.11,76.68
10.853234252323231,622,374,2.30,8.76,719.33
10.85433818183413,963,477,23.23,92.46,618.08
10.856989515548749,610,412,7.58,29.84,92.40
10.857896433267612,917,855,38.11,149.19,1782.91
10.860383924081155,287,377,12.23,49.97,89.01
10.862180489008225,976,334,8.90,35.86,295.71
10.86263253659392,870,410,3.41,14.07,169.61
10.864559116168692,565,206,27.71,113.48,58.98
10.867181130004226,853,225,6.66,25.66,39.39
10.867502565883735,837,134,1.45,5.47,911.44
10.869515769191674,989,108,5.04,20.22,3207.08
10.869831523250452,344,447,40.34,164.17,115.06
10.870099097410682,748,130,26.88,105.70,3559.40
10.870140816273906,56,907,24.68,97.60,69.85
10.872884027734083,784,581,6.68,27.06,39.17
10.873849522452705,461,3,10.19,40.26,34.07
10.874181474029983,604,189,0.86,3.30,91.75
10.876182401879326,3,934,6.26,27.81,40.39
10.879372539520988,563,736,15.53,63.86,210.35
10.880739372059212,913,855,0.94,4.21,1783.85
10.882415993783669,385,490,0.55,2.45,41.62
10.883283366721034,517,166,30.79,124.80,76.87
10.885112084611187,718,86,10.74,42.75,44.74
10.888531031331159,672,279,1.12,4.44,21.76
10.889481454207456,409,704,0.08,0.46,75.57
10.89019482435108,314,195,15.50,60.70,51.47
10.893399991336231,812,236,8.67,34.77,41.73
10.893927067074033,409,65,0.09,0.37,230.23
10.894667862757114,470,48,25.81,98.73,75.01
10.894836144141431,641,850,1.82,7.21,96.39
10.895484248459287,451,578,11.34,43.24,784.08
10.895567336066003,105,477,14.85,60.78,632.93
10.897025369531644,565,452,22.40,91.08,130.66
10.89730782496289,395,877,7.69,29.21,118.62
10.898074994311147,664,61,25.96,104.52,66.67
10.89964149633671,218,141,0.46,1.99,44.58
10.900739344160026,581,33,7.55,31.62,178.20
10.900819283659438,977,495,38.96,154.90,57.02
10.902219937171605,423,129,9.27,39.48,1139.95
10.90406656074961,895,888,3.59,15.57,199.60
10.904570398090643,672,768,0.89,3.55,32.33
10.907815361099821,326,916,3.90,16.56,61.06
10.910100566555748,112,180,10.46,40.40,26.36
10.910192914618282,237,950,6.77,28.42,213.14
10.911412356309803,148,130,12.58,50.11,3571.98
10.911654124737504,913,824,0.85,3.36,76.63
10.912812071290025,723,713,1.95,6.92,37.99
10.913226708853555,1,305,12.51,50.34,530.95
10.914376126261347,423,69,8.15,31.33,35.61
10.914827387738999,395,267,5.73,23.48,602.86
10.915408831287206,527,319,0.36,0.86,66.58
10.916754977510848,754,803,2.85,12.84,43.98
10.917211112974956,346,197,5.15,20.55,33.70
10.920987473036671,409,855,0.05,0.32,1783.90
10.921529402303287,856,656,2.03,8.90,22.26
10.924160864292631,600,108,17.17,69.76,3224.25
10.924930644029983,456,146,1.61,7.16,83.88
10.925217407467999,985,630,2.98,11.95,39.80
10.925565405234583,320,127,0.85,3.57,48.07
10.927146822077695,848,972,8.99,34.92,345.41
10.927257841359998,895,350,3.02,12.55,126.77
10.928949056527694,697,435,4.30,16.76,368.69
10.929885666610867,998,129,6.87,27.25,1146.82
10.93054206746237,777,556,13.92,55.93,154.66
10.93129329679602,989,162,3.77,16.45,118.71
10.934227358882806,998,759,5.44,21.81,121.64
10.934768041499535,900,866,24.72,98.58,54.10
10.934946221919024,166,858,15.62,61.25,63.49
10.934977199433229,690,625,10.85,48.75,51.84
10.935008761545918,748,406,21.24,84.46,281.05
10.935687655783841,469,108,16.87,70.80,3241.12
10.93586306147983,292,806,25.94,104.59,96.02
10.937191239632062,812,618,6.95,27.82,1527.00
10.940318007140041,360,263,68.37,277.65,269.13
10.94187915373719,612,772,1.76,6.35,39.42
10.942133754446742,766,130,146.85,586.77,3718.83
10.942891144145314,382,397,7.27,27.57,231.20
10.943969158844352,404,113,0.29,1.12,243.71
10.944298006274257,267,171,120.43,482.43,213.35
10.945406289555192,225,418,7.66,31.73,137.92
10.945457724446767,18,867,2.99,11.02,36.02
10.94554440551578,914,409,0.22,0.68,0.54
10.947361541856056,545,838,8.25,33.37,110.98
10.947411622622218,729,265,4.85,18.43,206.01
10.94783139694151,784,242,5.59,21.47,49.13
10.949907863987413,164,130,15.31,61.46,3734.14
10.95127067603455,941,228,12.49,51.81,168.18
10.951322080012725,381,614,1.16,4.50,216.93
10.951354509974072,629,130,4.61,20.09,3738.75
10.952610779500223,795,108,6.15,24.15,3247.27
10.95607542447605,539,419,20.38,80.43,81.35
10.960230213429718,956,965,3.87,16.16,20.33
10.960458955982356,184,12,4.53,17.47,43.50
10.960858439896619,256,873,3.32,12.73,541.27
10.960957575441398,973,470,2.44,8.64,101.17
10.961065493140953,198,130,21.96,91.19,3760.71
10.96195117997291,821,458,11.59,46.41,115.64
10.962035720970892,758,767,42.51,168.40,55.82
10.963691429425845,133,146,106.65,425.39,190.53
10.964396659142626,975,745,6.14,23.72,101.01
10.964590684307625,788,888,6.44,26.54,206.04
10.964615297472443,337,994,7.83,29.74,9.00
10.965742860769323,581,866,6.76,24.86,60.86
10.966833327613275,784,884,4.48,16.99,77.50
10.969020650559871,171,437,42.30,171.05,103.76
10.972307120832792,537,921,25.24,101.86,54.54
10.974936367715054,982,130,9.69,38.19,3770.40
10.975127913816939,120,108,11.22,44.29,3258.49
10.976478500092654,612,855,1.27,5.08,1785.17
10.97731879036121,109,130,15.08,58.52,3785.48
10.977803054351151,386,377,89.21,363.04,178.22
10.980684352447437,65,20,45.74,184.49,144.42
10.983383011473316,50,129,36.57,148.01,1183.39
10.984777540729754,153,766,10.00,38.72,596.77
10.984898900739411,810,207,11.08,44.71,102.61
10.985089160634624,964,130,0.96,4.37,3786.44
10.985831411853507,473,999,21.50,87.01,103.22
10.986290430934725,132,388,31.68,128.62,130.68
10.987989724908761,169,83,2.04,6.72,302.69
10.988515662732475,302,383,12.38,50.32,672.80
10.989984970442084,458,753,22.77,92.87,53.27
10.990732840333889,209,953,19.69,79.13,290.83
10.990974285924313,627,221,2.67,11.20,26.29
10.992431269931549,390,560,18.30,71.65,2710.13
10.994354558122366,353,994,3.38,12.88,12.38
10.99554194324436,527,184,0.15,0.71,17.62
10.995566928854387,710,560,0.53,1.59,2710.66
10.99686951250609,65,130,37.41,147.08,3823.85
10.99706108158599,998,434,4.46,17.35,37.56
10.99714830396004,759,134,24.73,96.91,936.17
10.998432452299252,661,501,10.68,43.90,203.43
10.99853061095192,232,98,4.89,19.55,190.39
10.9989527867156,968,757,9.63,39.48,72.31
11.00052880578619,177,861,5.43,22.06,277.04
11.001405266389883,736,634,41.55,168.80,627.12
11.001811566030874,651,225,4.34,17.64,36.07
11.002022053519319,622,853,1.76,7.00,27.42
11.002462156188997,752,176,31.61,133.84,137.62
11.003375242460056,367,717,7.72,30.43,102.06
11.005395016707338,401,222,1.17,4.24,81.94
11.005937001944899,31,560,9.53,39.29,2720.19
11.00622535975612,954,371,10.93,42.94,293.10
11.00780930414151,292,418,21.01,83.58,158.93
11.008300952954016,502,862,0.24,0.82,419.07
11.00934146587617,274,691,34.50,138.80,90.13
11.010777025031489,311,259,114.03,455.14,1301.90
11.010970444746471,409,84,0.11,0.43,762.35
11.01101694391019,79,280,15.28,61.64,85.57
11.011121737533257,169,259,1.40,5.32,1303.30
11.012032684798607,378,917,12.50,51.02,161.69
11.012260971210775,872,854,19.97,79.92,195.18
11.016340040943165,618,108,304.03,1222.97,3562.52
11.016513113906354,910,575,1.02,3.92,10.86
11.016683893445219,32,108,22.90,93.59,3585.42
11.018900054285256,370,672,10.17,36.37,13.72
11.019739574700234,177,828,4.40,17.66,251.55
11.02040203370138,535,521,23.48,93.66,75.84
11.021482624722884,349,866,32.19,130.66,93.05
11.022880535523102,920,314,21.12,84.49,81.82
11.023075501361104,356,865,4.44,17.57,66.08
11.024746037690559,385,460,0.53,1.92,76.67
11.025097328060639,292,239,16.50,67.08,55.01
11.026807182139116,606,103,27.51,111.25,88.68
11.027130926318408,693,560,22.02,85.00,2742.21
11.027782942372564,529,613,6.45,26.23,6.73
11.027842219607626,113,565,48.10,195.61,139.18
11.027975895185149,750,341,14.13,57.38,222.09
11.028996111409777,287,267,10.16,39.81,492.59
11.029252605108907,710,285,0.27,1.32,93.76
11.030359670129851,849,130,1.07,4.75,3824.92
11.031044271262605,605,26,4.32,18.23,234.73
11.033927039678124,597,766,11.19,42.73,607.96
11.034806852318093,608,130,3.51,14.58,3828.43
11.034877206627902,579,108,23.29,94.61,3608.71
11.037562178687566,661,371,8.68,35.22,301.78
11.038089769683603,496,538,24.70,99.39,136.75
11.039702854072674,733,560,3.18,13.27,2745.39
11.039973650839018,915,337,0.13,0.68,29.87
11.040459705231209,197,130,6.62,27.08,3835.05
11.04076547194085,780,386,11.38,44.85,374.42
11.040774121128639,860,180,27.66,114.13,54.02
11.041430490912797,500,403,7.77,30.61,116.28
11.043747256940653,467,574,0.85,3.52,20.81
11.044920423996748,527,893,0.14,0.57,94.83
11.046641091566638,802,383,3.23,12.84,676.03
11.047419771311604,490,723,8.49,33.13,15.41
11.048160012473424,637,562,16.93,68.17,129.01
11.048255075316643,967,999,34.21,138.42,137.43
11.048298973738511,109,73,11.93,46.59,201.88
11.048972422325676,913,623,0.59,2.77,46.75
11.04927210137776,625,955,10.07,41.77,219.99
11.050007654051342,908,597,19.16,77.31,61.89
11.050257846525511,748,377,17.24,67.22,195.46
11.051101326241337,742,166,1.22,4.52,62.47
11.051683855015929,225,847,7.25,28.82,35.56
11.05251991135223,371,49,60.57,241.21,78.30
11.053833005692951,914,65,0.17,0.51,147.25
11.05504915467935,667,997,0.21,0.72,71.06
11.05621110350148,604,584,0.75,2.55,7.91
11.056433582020533,91,267,0.95,3.21,493.54
11.057231562835813,598,874,4.99,17.60,72.39
11.057799559351173,967,618,27.54,110.88,1250.51
11.057801661789679,203,354,12.26,48.24,80.03
11.05808827295998,163,991,8.15,33.09,80.00
11.059029977706802,527,949,0.11,0.46,93.13
11.059329159998445,737,937,8.33,33.28,40.98
11.059440155027879,818,705,9.25,35.84,407.17
11.06036569120886,222,578,16.58,65.36,800.66
11.06087045854143,649,560,42.35,164.78,2787.74
11.061746342325364,944,529,19.82,79.96,46.05
11.062912168772678,47,988,25.45,100.58,372.38
11.06365835682178,543,988,0.00,0.02,372.38
11.066490647548056,360,774,55.20,222.45,202.96
11.066839664662488,998,500,3.67,13.68,34.28
11.067454441184378,825,80,8.78,34.84,46.79
11.069176902822056,405,215,0.87,3.54,41.35
11.06960660136783,908,308,15.99,61.32,100.35
11.069891269663955,177,477,3.43,14.23,636.36
11.070275716255122,847,452,6.96,28.60,137.62
11.070921288042053,235,124,5.50,21.42,125.99
11.0715403293522,938,223,16.80,67.40,28.83
11.073042483808656,640,108,11.19,45.46,3619.90
11.074614769919954,486,794,77.29,301.67,146.12
11.074964993073776,875,64,5.66,24.68,86.33
11.075547670246426,889,584,6.51,24.19,14.42
11.076259124233085,767,84,11.31,44.51,773.66
11.077632210810208,672,771,2.58,11.14,229.89
11.078967339477442,193,661,29.67,122.35,64.89
11.080111014337817,968,513,7.70,31.78,90.99
11.08035111206986,313,861,6.27,25.06,283.31
11.080849136599022,467,560,0.78,2.74,2788.52
11.082509768170299,710,817,0.35,0.97,97.87
11.083336477460385,826,320,11.89,48.07,15.46
11.085956271818748,82,6,15.37,60.88,192.61
11.086259107271287,159,108,23.55,94.00,3643.45
11.087566013146477,841,619,10.51,42.45,81.74
11.08895793072292,569,757,27.11,106.11,99.42
11.089532533981782,127,712,9.42,38.65,920.60
11.089590790218558,990,964,9.37,36.95,13.74
11.09048577730527,295,134,11.00,44.68,947.17
11.090629588119002,574,953,4.21,16.60,295.04
11.091835246462395,643,512,8.20,31.41,24.34
11.095286722449963,206,130,11.12,47.86,3846.17
11.095703791534033,467,383,0.57,2.17,676.60
11.096208641725859,623,207,9.29,37.46,111.90
11.097938377527765,10,108,5.45,22.51,3648.90
11.101274915444526,302,578,9.93,40.39,810.59
11.101502166858175,406,108,55.12,225.93,3704.02
11.101627658559973,108,872,738.90,2965.12,818.82
11.102619369903408,533,965,4.82,18.95,25.15
11.102819645653213,622,318,1.33,5.67,158.68
11.102986080733723,385,759,0.38,1.54,97.29
11.103349746954326,67,873,14.02,57.22,555.29
11.103507314699016,803,234,8.80,35.18,22.39
11.105067249579117,205,411,12.73,51.11,179.00
11.107255356654273,746,560,23.23,97.14,2811.75
11.107309718325121,833,929,11.63,45.34,35.73
11.107495839019528,409,5,0.07,0.36,10.75
11.107971507811024,234,996,4.50,17.89,61.15
11.108418172259972,200,919,15.70,61.96,212.30
11.109824112270065,983,130,11.61,45.54,3857.78
11.11050798154796,341,944,44.94,177.15,124.90
11.112085572370871,812,57,5.59,22.23,28.13
11.114229254961597,676,883,4.40,15.95,58.18
11.116574649238862,671,244,10.76,42.18,43.14
11.116736190022598,598,609,3.57,14.03,55.19
11.117099026484595,710,108,0.19,0.78,2965.31
11.117242352865492,934,618,8.39,32.00,1258.90
11.118348327648166,653,284,3.21,11.55,167.71
11.11870593831888,716,904,11.71,44.89,15.92
11.119656624793334,471,727,4.36,19.03,147.98
11.121563453068848,264,130,3.33,14.56,3861.11
11.123264481562376,849,448,0.96,3.79,26.01
11.123962674328254,809,413,0.00,0.00,30.60
11.124115824372774,574,511,3.38,13.22,12.19
11.124496045677668,675,577,26.76,105.84,62.16
11.125286184846727,786,228,6.39,25.19,174.57
11.12609500368637,852,130,15.48,61.19,3876.59
11.126277470407581,797,490,7.83,30.84,40.96
11.126419528518964,507,910,13.09,52.90,17.01
11.126549746639009,858,618,12.42,51.07,1271.32
11.127600415879966,423,477,6.09,25.24,642.45
11.127674333466562,687,869,0.10,0.41,121.51
11.128153314344377,582,618,12.62,49.29,1283.94
11.131021034659284,915,966,0.12,0.56,17.07
11.132191761447622,878,415,11.89,48.92,88.80
11.132475915208946,853,560,5.73,21.69,2817.48
11.134183843876617,585,578,28.56,116.54,839.15
11.13430532078256,966,560,3.59,13.48,2821.07
11.134688409510446,562,988,26.22,102.79,398.60
11.135238265419767,606,891,22.91,88.34,38.40
11.135613669492116,301,831,79.57,313.29,351.97
11.137551094732931,431,868,2.79,11.90,157.75
11.138448417161323,387,560,5.30,21.04,2826.37
11.138534287009962,99,108,0.11,0.44,2965.42
11.138666538907048,613,202,1.36,5.37,75.98
11.140619837928512,404,845,0.17,0.95,29.65
11.140721585101574,598,267,2.74,11.29,496.28
11.140915638150016,219,257,8.77,36.57,130.62
11.141313269198895,117,701,10.40,41.20,514.08
11.141656045515564,447,344,22.81,92.25,186.98
11.141690701817359,22,199,34.81,140.65,118.62
11.142587140162743,376,222,1.09,4.05,66.45
11.143947286881913,6,555,37.63,154.98,180.51
11.145286444142279,723,225,3.04,12.37,31.86
11.146215072389424,169,383,1.11,4.21,677.71
11.14640959130146,866,618,18.96,74.09,1302.90
11.14707158485528,367,130,5.96,24.47,3882.55
11.147349758847232,22,314,28.35,112.30,110.17
11.147414396547758,247,134,8.05,29.28,955.22
11.151299754553754,346,273,4.28,16.27,96.10
11.155004861000682,411,242,35.67,143.33,84.80
11.155449854125694,290,486,1.51,5.68,303.18
11.155549540532704,213,193,12.51,49.49,134.86
11.157330303232657,877,130,23.84,94.78,3906.39
11.157873364216577,55,861,4.34,16.06,287.65
11.158026344540668,1,285,10.10,40.24,103.86
11.158801433014302,630,501,8.04,31.76,211.47
11.160654435523998,850,33,18.93,77.46,197.13
11.160947148404443,845,515,5.59,24.06,89.47
11.161193865360653,704,194,15.36,60.21,175.11
11.161270433477807,584,933,2.79,11.63,175.16
11.161626944242638,626,63,15.01,60.86,93.45
11.162885060517842,812,855,4.49,17.74,1789.66
11.163349044051108,446,402,1.82,7.19,344.37
11.165969105044473,427,211,5.88,23.76,148.36
11.16705901662882,184,439,3.34,14.28,364.10
11.167063409362127,251,187,19.53,80.90,552.79
11.167165373226396,550,654,12.61,52.51,354.00
11.167477121017182,710,638,0.20,0.58,32.77
11.16781925653431,723,108,2.56,9.81,2967.98
11.169985084334993,728,143,19.40,74.60,160.03
11.173595200414686,337,917,5.86,24.01,167.55
11.173978431215682,958,705,15.57,64.16,422.74
11.174273076012998,996,391,11.92,49.23,179.26
11.175102335223798,694,618,3.27,13.68,1306.17
11.175710194137281,185,734,16.88,67.55,137.71
11.17608484556856,872,435,165.30,653.52,533.99
11.176410558802544,997,500,13.67,57.39,47.95
11.177286052102929,998,227,2.68,11.00,100.30
11.178858390095105,944,383,25.01,99.89,702.72
11.180336356858822,853,888,4.58,17.11,210.62
11.18232997460138,61,383,13.22,53.45,715.94
11.18291588304453,660,855,37.57,152.83,1827.23
11.18566741606163,954,215,8.73,34.21,50.08
11.186215715615752,365,259,12.67,48.80,1315.97
11.189499677291602,566,375,4.96,20.53,294.35
11.190991958912194,878,65,9.49,39.43,156.74
11.19111316864314,13,212,37.00,151.79,207.84
11.191147585734894,292,130,13.16,53.92,3919.55
11.193155775781385,744,556,29.51,114.48,184.17
11.194059011609852,865,955,13.52,52.56,233.51
11.196697228415198,688,384,10.97,46.42,265.49
11.19686485795129,68,654,13.08,55.54,367.08
11.197008900352369,798,364,13.96,54.33,109.45
11.199148023770272,658,368,18.14,70.94,98.34
11.199436180563834,914,810,0.12,0.39,44.83
11.201009851070179,533,151,3.94,15.01,70.14
11.20118315065106,133,517,85.33,340.06,210.13
11.201519629133932,667,418,0.11,0.61,159.04
11.201756640775795,672,453,2.25,8.89,241.91
11.205719376621023,900,560,19.66,78.92,2846.03
11.206221111657435,611,459,10.80,46.34,39.07
11.209288562243247,580,429,23.94,95.70,50.93
11.209462172883075,469,480,14.84,55.96,298.75
11.209481518540215,913,606,0.50,2.27,88.84
11.209641929651369,667,418,0.11,0.50,159.15
11.209838449929059,588,862,20.30,82.49,439.37
11.210687787500005,540,792,5.29,21.92,46.02
11.211127874309264,103,647,18.33,70.35,95.76
11.213196354993835,691,842,17.59,72.54,73.74
11.213605059487175,789,701,7.88,32.46,521.96
11.214251728441715,244,977,8.93,34.21,163.83
11.215876490443172,681,705,26.67,108.56,449.41
11.216535914426025,970,564,5.04,19.39,94.84
11.216744604001867,941,108,10.40,41.41,2978.38
11.218892654521074,255,698,6.22,23.71,176.90
11.21897774854291,880,509,8.94,36.66,97.28
11.219774310699272,900,618,15.55,63.37,1321.72
11.219986116062099,672,259,1.96,6.93,1317.93
11.221480104771555,774,358,40.57,162.39,122.18
11.22159298371667,429,412,10.43,40.50,102.83
11.227989269143258,63,927,18.18,75.27,25.91
11.228076062237276,218,130,0.46,1.53,3920.01
11.231156657923929,663,560,12.21,49.40,2858.24
11.231324031870514,369,284,9.12,35.04,176.83
11.234663734980721,57,390,5.48,22.65,77.13
11.235138120599874,232,413,3.63,15.92,34.23
11.235368496772503,906,369,27.53,106.91,62.57
11.235578369963045,543,577,0.00,0.02,62.16
11.235634672644933,55,988,3.12,12.94,401.72
11.236573433374389,737,8,6.45,26.83,85.76
11.238257936426137,781,319,4.56,19.67,71.14
11.238399545096005,74,187,27.43,110.19,580.22
11.238526096916944,262,497,19.79,81.98,46.60
11.241698150413992,279,884,4.10,17.66,81.60
11.242346047811694,142,757,2.02,6.90,101.44
11.242757002707398,350,991,25.55,101.22,105.55
11.243127287530431,104,947,3.87,17.54,119.39
11.244864352205944,499,130,73.80,291.19,3993.81
11.245045023496967,278,561,7.99,32.24,91.14
11.246740230303663,695,560,7.76,31.94,2866.00
11.24715898973583,971,866,84.67,336.47,158.76
11.25103600728715,867,654,7.35,28.67,374.43
11.251408305181604,356,855,3.67,13.90,1830.90
11.252151956445894,784,438,3.47,13.52,123.83
11.254192661490505,394,595,39.62,155.46,125.10
11.25515102852692,748,259,13.24,53.98,1331.17
11.256366790452725,909,374,16.64,66.20,735.97
11.257042324827818,159,270,18.67,75.33,426.16
11.258515841733638,574,260,2.81,10.41,57.33
11.26147103784364,553,273,1.92,7.39,98.02
11.261982196174092,339,259,1.75,7.39,1332.92
11.262124074762355,346,259,3.16,13.11,1336.08
11.26343958454821,837,828,0.99,4.48,252.54
11.264857233500955,230,285,12.13,47.01,115.99
11.26586561988243,296,654,0.50,2.06,374.93
11.266961597877,781,162,4.09,15.58,122.80
11.267674144899486,495,577,10.88,46.14,73.04
11.267904755343189,672,654,1.35,5.58,376.28
11.267981037740972,451,130,8.78,34.46,4002.59
11.269550967257791,649,573,33.51,131.27,96.24
11.271918476780698,756,560,5.40,21.47,2871.40
11.274579327347789,185,835,13.50,54.05,48.10
11.27517298707237,546,161,5.32,24.26,12.44
11.275638965603312,212,130,42.28,165.56,4044.87
11.278855425937351,223,920,5.50,23.33,89.99
11.278862815017753,837,861,0.86,3.62,288.51
11.280428687519889,109,202,9.82,36.77,85.80
11.281652493720335,425,383,11.58,47.95,727.52
11.283836850274367,22,70,22.05,90.25,184.55
11.284712938081173,504,933,8.87,37.68,184.03
11.285086319008748,543,802,0.00,0.02,12.84
11.285219639991343,648,578,11.68,47.90,850.83
11.286701140109969,225,626,6.67,25.19,67.53
11.287443805343036,586,129,29.81,117.81,1213.20
11.289276295701105,170,861,8.32,31.41,296.83
11.292485044194711,432,489,0.69,2.65,25.80
11.294496216179407,624,113,0.20,1.34,195.81
11.294904094690349,555,851,36.02,144.49,166.14
11.295846722903779,115,267,1.51,5.59,497.79
11.296250993109926,645,108,2.39,10.08,2980.77
11.298889116531786,659,666,3.86,17.29,30.60
11.29933989979588,932,532,7.96,33.50,79.58
11.299719713053289,223,985,4.56,18.77,16.51
11.300401805390539,148,548,10.00,40.11,23.40
11.300822243853467,846,107,11.93,49.57,67.32
11.301000111114414,527,302,0.09,0.37,40.48
11.30275459973901,364,84,21.85,87.60,795.51
11.303178660829197,597,294,11.79,50.10,15.21
11.303930862135049,552,428,15.45,60.73,65.42
11.303988468340087,954,851,6.59,27.62,172.73
11.306158323238797,382,640,5.47,22.10,50.93
11.307500306412967,672,652,1.26,4.32,22.29
11.309144243257782,414,555,9.33,39.76,153.82
11.309902637708825,409,7,0.05,0.31,72.65
11.310696664328132,60,427,31.41,127.28,55.17
11.31388730955143,22,864,18.32,71.93,55.47
11.314943605345372,775,390,1.11,5.23,78.24
11.316543248937059,598,114,2.49,8.80,360.85
11.316879481853707,527,824,0.10,0.27,76.73
11.317027791819061,976,771,7.03,28.83,236.92
11.317741146137491,196,89,10.00,40.26,37.03
11.317761962036379,143,431,31.67,128.36,43.57
11.318456375568958,594,654,9.21,35.77,385.49
11.318726820094316,712,442,183.53,737.07,210.16
11.319746731487347,573,615,18.91,77.33,53.17
11.320600668141218,121,420,9.98,41.21,43.07
11.320627378619317,935,686,4.83,17.23,77.63
11.321502060873936,891,712,7.87,30.53,744.94
11.322298999089904,624,259,0.31,1.03,1336.39
11.322797971352268,576,374,3.13,11.67,739.10
11.323189941764637,345,560,4.36,18.22,2875.76
11.32514184610018,812,209,3.37,14.37,82.50
11.325452878531468,500,108,9.28,38.67,2990.05
11.326935042210513,757,644,20.77,80.67,27.82
11.327080701139153,863,424,13.25,51.94,54.34
11.32748246902053,406,182,44.85,181.08,93.73
11.3281775619269,717,378,20.15,81.91,71.17
11.328705617122218,372,580,3.11,12.10,98.81
11.329184459253952,628,855,1.66,6.64,1832.56
11.329419938907796,404,892,0.18,0.77,83.15
11.32978599434782,279,766,3.35,14.31,611.31
11.330886292448394,756,654,3.98,17.49,389.47
11.332456873983917,499,861,57.60,233.59,354.43
11.333989720897794,322,108,15.06,62.18,3005.11
11.334093562950839,279,757,2.86,11.45,83.53
11.334430208058901,576,985,2.46,9.21,18.97
11.336281016480084,487,560,9.33,35.74,2885.09
11.337194447016635,879,698,16.45,63.98,193.35
11.33813757438552,898,134,9.85,37.47,965.07
11.33880623438913,31,699,7.74,31.55,56.72
11.33945576486975,212,337,33.30,132.26,57.31
11.33979242152853,490,851,8.27,32.69,181.00
11.340207420859148,793,108,23.81,97.02,3028.92
11.340277335811347,674,411,42.31,167.21,185.64
11.340389056752333,190,606,3.28,14.47,92.12
11.342324395246735,452,793,27.39,110.23,124.41
11.342482660254385,989,284,3.16,13.29,179.99
11.342842957069273,229,982,5.65,20.55,43.84
11.342987377271765,667,327,0.13,0.37,108.03
11.343833218389927,37,33,4.52,17.98,201.65
11.344661448444274,660,6,31.21,121.62,186.19
11.347831188834313,217,930,26.27,103.39,106.41
11.34835343210435,630,259,6.44,25.32,1342.83
11.349058777377804,349,166,26.45,104.21,88.92
11.349071608439228,136,757,1.33,5.13,84.86
11.349814755873156,574,108,1.99,8.42,3030.91
11.350054151744544,274,450,27.95,110.85,113.23
11.35031445196427,747,560,4.92,20.81,2890.01
11.350471126771495,782,453,4.15,17.56,246.06
11.351179522201614,376,108,0.79,3.26,3031.70
11.351984617202902,389,487,5.44,21.39,41.18
11.353506393944759,977,383,32.17,131.66,759.69
11.355885744835314,404,855,0.13,0.64,1832.69
11.358719474995171,449,634,7.82,32.42,634.94
11.364124180652961,286,503,17.15,68.62,76.21
11.365064714021557,284,435,35.49,144.50,569.48
11.365206968769598,961,315,5.90,22.22,100.35
11.365454024985953,526,114,0.51,2.27,361.36
11.366615424434638,584,818,2.27,9.36,38.11
11.367068387417284,824,14,15.61,61.12,75.13
11.367926237358633,992,42,7.13,28.47,75.98
11.36914534497958,853,254,3.38,13.73,136.80
11.372039958165434,373,589,9.86,38.85,86.31
11.373770541724076,676,80,3.01,12.94,49.80
11.37807395868942,972,200,69.84,275.57,131.80
11.378159433552666,442,562,41.95,168.21,144.74
11.37933905527921,11,908,7.85,31.25,69.17
11.380584052689189,103,462,14.30,56.05,19.86
11.381971641399408,404,576,0.09,0.55,9.30
11.382487215747673,881,22,8.51,32.41,80.44
11.388188917281605,667,854,0.06,0.31,195.24
11.390329037081608,212,559,26.86,105.40,116.81
11.391866801287042,674,977,33.31,133.90,164.97
11.392144916186611,837,130,0.80,2.82,4045.67
11.392501303297818,261,666,7.26,27.64,37.86
11.393049141544447,712,121,147.90,597.04,189.11
11.394836451688679,288,452,11.86,49.09,122.09
11.396626044289325,439,770,72.67,291.43,175.69
11.39688978498975,142,873,1.34,5.56,556.63
11.398292702010371,220,581,4.04,15.29,28.90
11.398532372857431,667,953,0.07,0.24,295.11
11.398759752465537,407,402,3.45,13.50,347.82
11.398810976878591,675,197,22.44,83.40,49.52
11.399906412423652,433,872,6.97,25.88,660.49
11.402592753708602,197,724,9.74,39.78,41.57
11.406389230271243,652,562,4.58,17.71,149.32
11.407208896442768,200,906,26.44,105.36,133.35
11.407487317817152,718,129,8.51,34.24,1221.71
11.409044015235198,837,587,0.53,2.29,131.41
11.409438593818315,551,43,12.25,47.03,26.72
11.409598843833079,804,758,11.05,45.06,179.45
11.4096036872781,113,815,39.93,155.88,78.59
11.41092346910355,927,855,5.07,20.84,1837.76
11.412093303414162,645,964,1.97,8.11,15.71
11.412550250654302,865,808,10.45,42.11,68.03
11.413217238123492,852,953,12.19,49.00,307.30
11.417496959895677,527,560,0.05,0.22,2890.06
11.418430867147737,439,284,57.47,233.96,201.97
11.418559216079931,613,801,1.03,4.34,36.13
11.419830609944952,243,822,26.66,105.47,93.46
11.42046811253821,998,560,2.20,8.80,2892.26
11.421121789751904,501,734,42.75,168.72,180.46
11.42405004976284,409,759,0.09,0.22,97.38
11.42689539669966,24,130,4.37,17.44,4050.04
11.430203682236664,357,402,1.08,4.13,348.90
11.431065547026416,385,486,0.30,1.24,303.48
11.431331957461966,218,16,0.30,1.23,43.32
11.431996374037217,900,972,12.66,50.71,288.23
11.433110395603205,812,330,2.95,11.42,20.58
11.433243452952288,718,560,6.62,27.62,2898.88
11.435191269748083,245,577,0.56,2.52,73.60
11.435404317625004,652,70,3.63,14.08,188.18
11.43557881837559,540,180,4.44,17.48,58.46
11.436273192299382,867,119,5.64,23.03,98.44
11.437778833797367,148,634,7.96,32.15,642.90
11.440631369814193,975,412,5.25,18.47,108.08
11.440724205677666,325,84,36.27,138.04,831.78
11.442557464247486,167,477,7.77,34.31,650.22
11.442662586586753,667,855,0.01,0.23,1837.77
11.444329654063397,104,333,3.41,14.13,140.28
11.445605057065947,5,225,2.00,8.75,27.19
11.448516723055734,456,445,1.45,5.71,58.91
11.44887797057134,786,919,4.95,20.24,217.25
11.450404644427863,244,425,6.83,27.38,54.78
11.450474515731573,171,323,33.80,137.25,85.97
11.45182185695382,23,134,1.02,3.97,966.09
11.451850976285343,408,913,30.85,123.28,33.12
11.452362713107386,404,523,0.09,0.46,99.40
11.454281967874259,13,154,30.74,121.05,103.99
11.454443517377069,185,504,11.14,42.91,48.82
11.455896336204688,980,545,0.71,2.72,34.08
11.45668982125784,409,108,0.07,0.15,3031.77
11.458604169521303,656,60,4.63,17.63,131.91
11.458622978975082,604,411,0.64,1.91,186.28
11.459183312962367,724,734,8.07,33.50,188.53
11.461826070733165,812,41,2.14,9.28,61.00
11.46188304450733,973,786,1.64,7.00,21.88
11.462166668122096,255,4,4.77,18.94,67.76
11.462317545434104,855,268,370.84,1466.93,438.76
11.464385442167577,565,919,27.99,111.19,245.24
11.465314194075184,217,736,20.14,83.25,188.94
11.46532015150796,966,968,2.60,10.88,34.38
11.465630157963044,96,56,10.90,44.12,108.50
11.468283231277868,210,559,19.75,75.67,136.56
11.469538871148687,613,108,0.86,3.48,3032.63
11.4702302571197,747,564,4.24,16.57,99.08
11.470519710687613,0,422,6.10,23.12,117.48
11.4705306413681,978,716,13.40,55.59,58.29
11.470636838018798,401,5,0.73,3.51,9.48
11.471414524950609,409,873,0.04,0.11,556.67
11.471773545142627,526,8,0.47,1.80,86.23
11.472509599243939,586,972,23.67,94.14,311.90
11.474343146324824,158,958,12.33,50.53,76.49
11.474553321395016,713,334,7.57,30.42,303.28
11.475321498106048,684,60,9.27,38.78,141.18
11.47592953544543,357,242,0.84,3.29,85.64
11.476105907687355,835,199,10.03,38.07,128.65
11.476184626493573,255,24,3.66,15.28,21.10
11.477298044049485,687,409,0.10,0.31,0.21
11.478272525465542,188,679,6.67,27.00,51.01
11.480023283139294,22,969,15.87,64.57,93.18
11.480452460775924,622,161,1.17,4.50,13.61
11.483118128902044,527,862,0.03,0.19,439.40
11.486321071786332,510,471,2.78,11.10,21.81
11.48639776448842,507,560,10.12,42.78,2909.00
11.487860088404826,976,439,5.36,23.47,239.32
11.488020426083263,611,362,9.22,37.12,122.34
11.488904012667636,464,267,25.18,103.63,522.97
11.489106255863375,190,344,2.90,11.57,189.88
11.490149195618114,404,383,0.05,0.41,759.74
11.491431625962548,31,484,6.54,25.01,119.43
11.491574879598508,114,108,72.15,289.21,3104.78
11.492332276389591,409,384,0.03,0.18,265.52
11.493134288788209,185,861,8.45,34.46,362.88
11.494436826061325,370,166,7.18,29.19,96.10
11.496118361011904,911,766,5.59,21.64,616.90
11.496831504629842,46,419,14.12,57.42,95.47
11.497045362719367,420,403,8.73,34.34,125.01
11.49753881267862,178,134,2.17,7.87,968.26
11.501811474999185,493,446,28.33,112.14,35.52
11.502776667522266,123,388,20.67,82.73,151.35
11.504191383649076,911,845,4.25,17.39,28.31
11.504205842930833,819,248,8.43,35.73,132.91
11.505395041123103,823,594,16.75,65.35,52.52
11.505518805373734,676,705,2.52,10.42,451.93
11.506337109823356,518,909,5.84,23.27,72.04
11.507218719565579,484,165,23.92,95.51,229.63
11.508546221672292,637,311,13.67,54.50,468.81
11.510870178986835,784,477,2.60,10.92,652.82
11.511852414014935,812,592,1.62,7.66,223.96
11.512329648303082,613,280,0.72,2.76,86.29
11.514318963265328,860,413,22.35,91.78,56.58
11.518234386338069,837,982,0.47,1.82,44.31
11.520790395107321,921,506,11.32,43.22,117.13
11.52537809651091,440,479,4.89,18.23,68.49
11.525729905670014,830,438,3.24,12.70,127.07
11.528443983275583,794,872,28.66,117.46,689.15
11.528497336138335,313,443,5.01,20.05,91.65
11.533740707262542,341,130,35.97,141.18,4086.01
11.534187075099425,667,285,0.04,0.19,116.03
11.534867047679624,430,130,63.29,250.28,4149.30
11.53601741846051,138,670,12.96,50.39,96.31
11.536383294337185,341,108,28.68,112.50,3133.46
11.538008463009183,27,953,15.53,61.66,322.83
11.540033079901791,737,233,5.49,21.34,53.95
11.540608532131326,576,6,1.95,7.35,188.14
11.543909914515602,889,657,5.11,19.08,104.77
11.546334012211165,106,831,2.10,8.98,354.07
11.547431044891121,519,517,7.76,29.37,217.89
11.551016304020049,757,600,17.61,67.25,87.37
11.555511487852993,246,33,12.77,49.16,214.42
11.555605634084941,709,904,8.57,33.55,24.49
11.557862319979359,998,470,1.79,7.01,102.96
11.55828162550037,840,971,15.76,62.97,352.23
11.5593672241977,194,17,34.98,140.13,112.16
11.561783234477419,863,51,9.94,42.00,106.63
11.56236115407639,723,187,2.20,7.61,582.42
11.563612919612275,39,896,4.81,19.16,115.67
11.563917720419752,245,639,0.48,2.04,59.23
11.565104971322796,527,130,0.04,0.15,4149.34
11.56792602940863,651,83,3.67,13.97,306.36
11.569322662981195,564,954,19.84,79.24,47.46
11.57014422087711,637,775,11.10,43.40,16.33
11.570463175786415,784,65,2.24,8.68,158.98
11.573563809829793,0,962,4.94,18.18,61.17
11.574120585501404,217,298,16.93,66.32,59.08
11.574232093473464,842,259,15.20,58.54,1358.03
11.575343842986141,207,805,21.99,89.91,82.68
11.576043875876328,613,766,0.58,2.18,617.48
11.576054506082405,921,265,8.59,34.63,214.60
11.576589763421229,409,130,0.02,0.16,4149.36
11.578620528929724,921,344,6.95,27.68,196.83
11.578672818689327,398,872,9.76,38.53,698.91
11.579917769462577,60,107,27.76,113.42,95.08
11.580003198941391,419,134,18.98,76.49,987.24
11.580733584527733,606,503,19.20,72.92,95.41
11.582101174296062,256,419,2.35,10.38,78.84
11.582374979538965,567,85,7.29,28.77,144.25
11.583981684936607,883,732,11.64,46.54,75.16
11.585274374841289,667,202,0.07,0.12,85.87
11.586001637575126,218,664,0.29,0.94,104.81
11.587653348963174,913,579,6.96,26.16,101.57
11.588091773189785,230,560,9.49,37.52,2918.49
11.588972700568108,269,824,13.44,53.97,74.56
11.591812727131837,453,200,49.73,196.33,155.09
11.592844887633925,809,854,0.00,0.00,195.24
11.59298077552166,409,712,0.04,0.12,597.08
11.593576973670716,440,397,3.93,14.30,235.13
11.595681009316845,915,627,0.14,0.42,11.34
11.596690189906731,301,183,63.38,249.91,86.06
11.597902641097628,369,857,12.53,50.04,34.64
11.59960803273112,818,430,7.34,30.77,257.62
11.599712854658922,396,827,7.85,30.19,20.86
11.599823795205642,674,129,27.49,106.41,1249.20
11.600777216173556,480,130,59.97,238.78,4209.33
11.601297596311113,25,130,12.45,50.29,4221.78
11.601383368632888,302,259,8.26,32.22,1366.29
11.6017547468171,342,129,5.21,20.22,1254.41
11.603910496265186,296,912,0.47,1.59,93.36
11.604867725803421,386,560,74.73,299.69,2993.22
11.60556064409698,89,280,7.70,29.33,93.99
11.606001190209119,336,843,7.01,24.77,200.37
11.607435870778133,225,932,5.04,22.15,38.54
11.61091446860034,598,768,1.74,7.06,34.07
11.611164012774836,2,330,4.82,18.52,25.40
11.61173985153186,956,477,3.49,12.67,656.31
11.613980154745896,575,803,2.22,8.64,37.40
11.616995743604722,98,130,38.35,152.04,4260.13
11.617224150042313,980,113,0.53,2.19,156.41
11.617424699799793,757,499,13.38,53.87,246.97
11.61955052288979,873,22,111.60,445.07,176.17
11.623535852897268,588,128,17.12,65.37,115.13
11.62403318102903,8,984,16.94,69.29,61.30
11.62410220463564,385,727,0.16,1.08,148.14
11.624493951493683,514,187,32.93,131.74,615.35
11.62457316896364,575,667,1.72,6.92,1.84
11.624741341544215,256,69,2.05,8.33,37.66
11.625099707162278,136,301,0.78,4.35,250.69
11.625357908310743,689,615,8.63,36.82,61.80
11.626757099890426,239,327,11.65,43.36,119.68
11.626815442839932,540,360,3.37,14.11,225.82
11.627663799102322,338,488,21.73,90.96,125.16
11.630461239008165,404,739,0.12,0.29,169.99
11.631189883818864,977,664,33.42,131.55,138.23
11.633433713994357,105,189,12.77,48.01,104.52
11.634791296422714,375,705,59.11,235.24,511.04
11.636216123036071,612,309,1.07,4.01,336.47
11.636891016114186,636,583,7.57,28.55,33.05
11.637328203226327,507,733,8.87,33.91,22.14
11.638360894125253,368,485,20.20,78.14,97.89
11.642241756878912,439,843,47.53,191.79,247.90
11.642264787210408,190,130,2.22,9.35,4262.35
11.643393837191818,841,988,8.52,33.93,410.24
11.643821565281808,540,642,2.99,11.12,79.67
11.644014671549991,279,702,2.17,9.28,108.31
11.644075734777038,813,84,1.81,6.97,833.59
11.64433580035561,0,130,3.83,14.35,4266.18
11.645848218607274,852,60,10.22,38.78,123.64
11.64637805506836,791,309,10.89,41.03,347.36
11.648224262163751,872,8,139.04,559.87,208.33
11.648504088181356,5,259,1.92,7.56,1368.21
11.649101161929723,975,110,3.45,15.02,98.34
11.649925623900266,950,130,43.10,170.04,4309.28
11.650575156201217,672,934,0.95,3.37,32.95
11.652223602544911,905,996,10.14,39.91,59.37
11.652498907843476,540,428,2.36,8.76,67.78
11.652851985724162,278,573,6.67,25.57,84.00
11.653027390874332,847,711,5.38,23.22,65.74
11.653378167436683,992,263,6.08,22.39,275.21
11.654770745038181,344,187,39.86,156.97,655.21
11.657650954165621,667,187,0.30,1.54,655.51
11.658606873466564,855,0,296.80,1170.13,311.15
11.66085950241023,856,41,1.80,7.10,62.80
11.661161308882932,927,65,3.88,16.96,162.86
11.661332768379857,470,734,21.04,81.92,209.57
11.664862577455951,807,888,7.03,27.66,217.65
11.668003461330516,225,247,4.69,17.46,33.97
11.6683911099232,710,855,0.10,0.48,1170.23
11.668851030356679,710,525,0.09,0.39,41.21
11.669273684560636,647,766,19.12,76.64,636.60
11.671571094941667,809,65,0.00,0.00,162.86
11.672417701034046,495,551,9.15,36.99,56.18
11.67313831646836,579,977,20.12,81.45,151.67
11.673633953117596,782,618,3.62,13.94,1325.34
11.674224863879601,44,746,1.07,3.98,98.21
11.67465850104926,125,984,23.82,97.32,85.12
11.675271121101353,180,279,11.78,46.68,21.06
11.675860172139844,218,490,0.22,0.72,32.91
11.676611952275081,952,503,51.39,204.18,146.80
11.678522448043395,901,22,34.24,134.64,210.41
11.679138246366373,541,967,2.04,8.71,112.92
11.681518213658816,346,162,2.60,10.51,125.40
11.682547583564203,941,130,8.55,32.86,4317.83
11.68356277711358,41,896,12.90,49.90,128.57
11.683578236621987,260,73,11.46,45.87,213.34
11.68551372842701,872,985,112.61,447.26,131.58
11.687593436694648,660,164,24.48,97.14,85.94
11.689994683815286,986,500,8.34,31.58,47.01
11.690002842849696,239,855,8.99,34.37,1179.22
11.690281415956845,99,646,0.05,0.39,77.03
11.69110876630704,723,130,1.34,6.27,4319.17
11.691768713967118,442,130,33.76,134.45,4352.93
11.693363900116513,823,171,13.41,51.94,150.66
11.693622574444287,967,712,22.46,90.46,619.54
11.693997718910735,53,323,24.59,95.72,110.56
11.694918913405008,812,576,1.40,6.26,8.75
11.695209306907016,409,618,0.04,0.08,1325.38
11.695668140088548,952,909,40.59,163.59,112.63
11.696527434114653,198,862,18.67,72.52,458.07
11.6965557573203,31,129,5.07,19.94,1259.48
11.698558655205801,276,580,11.15,41.29,109.96
11.700024366137807,898,285,7.14,30.33,123.17
11.704885822926888,896,909,25.41,103.16,138.04
11.705936170234688,170,560,6.10,25.31,2999.32
11.708207519488457,399,838,3.35,14.21,114.33
11.71195247301094,622,919,1.05,3.45,246.29
11.71355022814734,408,801,24.70,98.58,60.83
11.71567335085187,351,592,26.21,108.23,250.17
11.718114945180147,505,888,9.52,35.60,227.17
11.718713741999162,622,158,0.70,2.75,51.23
11.720764839055771,632,786,27.04,111.10,48.92
11.721201826038893,456,618,1.21,4.50,1326.59
11.721285428782918,612,667,0.93,3.08,2.47
11.72437478985051,232,872,3.27,12.65,450.53
11.724539951997809,409,130,0.00,0.08,4352.93
11.724841201719281,482,402,31.29,121.54,380.19
11.72576249413848,103,988,11.56,44.49,421.80
11.728685548078307,438,608,25.02,102.05,39.60
11.73016123110948,13,947,24.84,96.21,144.23
11.730191031200391,845,259,5.48,22.83,1373.69
11.730779802421885,960,658,4.78,19.94,75.72
11.731651834375294,570,560,3.39,15.26,3002.71
11.733218479378023,645,472,1.81,6.30,78.25
11.735926117993063,177,618,2.74,11.49,1329.33
11.737526666258365,117,578,8.13,33.07,858.96
11.738230587878661,225,877,3.61,13.85,98.39
11.738645506993082,287,988,8.14,31.67,429.94
11.739495274108924,757,618,10.59,43.28,1339.92
11.740317510211135,955,342,46.58,186.93,66.80
11.740628685777153,99,648,0.09,0.30,47.99
11.741786685401925,994,861,2.76,9.62,365.64
11.74226935717395,323,675,21.92,88.64,105.32
11.742990712969153,192,743,22.04,90.50,344.27
11.743206825097282,567,595,5.65,23.12,130.75
11.74376097453613,385,26,0.19,0.89,234.92
11.745701595274259,126,488,10.31,42.90,135.47
11.746324494816069,903,945,18.94,71.91,125.54
11.7473409199419,223,538,3.88,14.89,140.63
11.749802876509383,411,141,37.30,148.98,81.88
11.750835731109891,959,839,18.71,78.29,72.83
11.752083860643943,284,701,39.70,162.27,561.66
11.752585718947762,694,578,2.42,11.26,861.38
11.752598412987092,682,963,18.71,75.22,111.17
11.753686857779922,891,855,6.40,24.13,1185.62
11.754074942725685,123,882,16.78,65.95,38.75
11.755657860070867,666,536,7.30,30.56,97.35
11.757367337977268,248,851,26.58,106.33,207.58
11.7587800161503,223,430,3.14,11.75,260.76
11.758863613466925,888,947,45.32,181.85,189.55
11.760538495916744,969,477,18.84,74.34,675.15
11.761519697171428,409,947,0.01,0.07,189.56
11.761783527936927,576,108,1.87,6.88,3135.33
11.761958219593259,645,270,1.12,5.18,427.28
11.762695110458775,275,41,19.20,76.34,69.10
11.76307884617733,606,279,14.69,58.23,35.75
11.76351534951174,339,22,1.40,5.99,211.81
11.763824920128494,387,862,4.15,16.89,462.22
11.764120707839782,558,752,5.16,19.73,139.00
11.764716368382135,463,259,24.99,99.29,1398.68
11.765085131432958,908,766,12.82,56.35,649.42
11.765948157101322,235,130,4.18,17.24,4357.11
11.76627784656014,57,705,4.85,17.80,515.89
11.766580135814818,460,130,15.47,61.20,4372.58
11.766657269289423,812,871,1.20,5.06,72.88
11.769290713406871,199,580,25.55,103.10,135.51
11.770232894872404,425,606,10.97,43.81,69.20
11.771384140746411,809,377,0.00,0.00,195.46
11.772607968792304,272,517,23.00,94.78,240.89
11.772996212463832,178,839,1.63,6.24,74.46
11.774476400500692,988,72,86.43,343.51,116.82
11.775046427378843,212,560,21.57,83.83,3024.28
11.781514969249114,622,508,0.50,2.25,33.07
11.781941838233317,977,634,30.69,120.98,673.59
11.782367088972943,96,982,8.94,35.18,53.25
11.783299243784786,415,304,18.04,70.76,166.37
11.784283697535507,432,655,0.47,2.18,105.15
11.785013312995288,483,621,22.47,93.15,85.91
11.785563465698015,319,578,14.64,56.50,876.02
11.786196757903788,747,972,3.11,13.46,315.01
11.78684370097215,410,757,34.54,135.07,77.82
11.788288354637512,730,600,63.82,253.47,151.19
11.790709233835376,802,960,2.62,10.22,22.56
11.793959637371973,744,20,22.96,91.52,167.38
11.794772984464485,652,705,2.97,11.11,518.86
11.797266156506804,301,606,50.82,199.87,120.02
11.799088060074912,857,255,6.86,27.78,22.14
11.800093393037486,11,290,6.05,25.20,11.73
11.801771193042182,607,130,17.48,72.98,4390.06
11.801850412494952,218,293,0.18,0.54,134.65
11.802334062857916,427,634,10.75,44.42,684.34
11.802411610846807,107,108,19.21,75.87,3154.54
11.80478269012167,666,240,5.88,24.68,88.76
11.805239248381305,527,855,0.05,0.10,1185.67
11.805501061918756,692,949,16.34,66.63,109.47
11.805699133467243,75,108,19.58,77.79,3174.12
11.809778283217192,812,185,0.96,4.10,35.42
11.809904489924357,396,618,6.29,23.90,1346.21
11.810814535291938,736,130,37.72,151.22,4427.78
11.81146545179531,265,181,41.68,172.92,57.82
11.812228434974587,962,289,12.13,49.04,215.23
11.813096625710992,221,257,5.36,20.93,135.98
11.813587499363127,941,141,6.62,26.24,88.50
11.815928666058062,872,108,89.01,361.52,3263.13
11.816048799130344,409,102,0.02,0.05,141.19
11.816186371861004,935,259,3.48,13.75,1402.16
11.816207995071784,891,26,5.08,19.05,240.00
11.816301781012228,544,766,6.90,28.31,656.32
11.817016602712943,834,121,4.49,15.97,193.60
11.818266457481657,913,555,5.14,21.02,158.96
11.818477097217384,369,866,10.35,39.69,169.11
11.818495013343338,233,504,11.13,42.82,59.95
11.81897689371143,813,417,1.29,5.68,47.94
11.82080576626897,672,73,0.51,2.86,213.85
11.82129018797298,804,955,8.79,36.27,195.72
11.821290277349961,773,560,24.20,101.85,3048.48
11.821899859015597,417,873,9.80,38.14,454.87
11.822232653655101,496,949,20.45,78.94,129.92
11.8223109699726,404,139,0.07,0.22,80.79
11.82410135670833,342,817,13.31,53.49,111.18
11.824230696635437,612,527,0.71,2.37,0.81
11.825714405182229,1,108,7.85,32.39,3270.98
11.82575754595235,698,663,39.71,153.64,89.11
11.82610443958993,575,187,1.34,5.58,656.85
11.826274003664828,638,631,7.06,25.71,72.95
11.82874421638702,11,603,5.18,20.02,23.39
11.829617765580613,519,130,5.72,23.65,4433.50
11.83000458180981,735,374,6.03,24.69,745.13
11.831056798995608,409,151,0.01,0.04,70.15
11.831327495624677,953,592,63.88,258.95,314.05
11.831972494143633,973,123,1.39,5.61,67.34
11.832307579309253,109,272,7.52,29.25,102.30
11.832739306230836,52,84,6.31,25.01,839.90
11.832824211619323,687,72,0.04,0.27,116.86
11.833179570625436,458,278,17.73,75.14,43.30
11.83341515893179,913,560,4.21,16.81,3052.69
11.834087497943228,850,428,15.39,62.07,83.17
11.834421089196889,227,730,19.80,80.50,273.27
11.835279994307362,629,699,3.68,16.41,60.40
11.835967451464706,672,855,0.57,2.29,1186.24
11.839979012912565,379,949,1.64,6.04,131.56
11.840270199348467,547,122,43.04,177.63,100.89
11.8405675770986,184,627,2.87,11.41,14.21
11.841560504765456,656,284,3.28,14.35,165.55
11.842509297575107,181,265,11.27,46.55,184.19
11.844194599488539,15,998,6.99,28.15,14.00
11.844751482292471,540,698,1.83,6.93,155.47
11.845967876919035,667,952,0.51,1.96,164.10
11.847040697939505,8,263,40.98,167.35,316.19
11.847311688835006,438,259,20.60,81.45,1422.76
11.848210896952951,809,130,0.00,0.00,4433.50
11.848241504413089,169,861,0.81,3.40,366.45
11.848521150383554,27,723,12.00,49.66,18.27
11.849024621553232,218,409,0.10,0.44,0.14
11.849585672007862,843,945,50.35,197.55,175.89
11.851709175022005,421,82,9.06,36.44,69.94
11.853007380284522,396,669,4.85,19.05,188.92
11.854179276157137,542,148,8.70,36.69,40.85
11.854182071437483,652,945,2.12,8.99,178.01
11.854487220761044,12,248,8.24,35.26,114.57
11.854913538885942,328,326,5.92,21.55,22.48
11.855896982245511,876,486,1.66,5.80,305.14
11.856196126411195,489,784,5.09,20.71,13.77
11.856573408450343,431,862,8.54,35.03,470.76
11.857881942570797,260,560,9.01,36.86,3061.70
11.858715934458969,752,96,27.93,111.07,63.11
11.860587367474224,635,409,9.26,38.95,9.40
11.860928183997999,379,397,1.31,4.73,236.44
11.862337117186444,409,285,1.97,7.43,125.14
11.863275562828303,825,296,6.85,27.99,8.44
11.863805169883538,667,298,0.29,1.67,59.37
11.863966990760678,982,560,10.53,42.72,3072.23
11.865418457717062,32,120,19.00,74.59,63.29
11.865615024416556,738,130,33.11,133.72,4466.61
11.868223393782262,500,831,9.43,37.58,363.50
11.868394626761102,222,988,13.44,53.01,356.95
11.869300653881535,786,585,10.20,38.72,126.74
11.870494758551406,578,13,174.09,701.93,270.30
11.872987875584315,941,374,5.51,20.73,750.64
11.873656506291942,781,383,3.04,12.54,762.78
11.8748591368137,190,909,1.79,7.56,139.83
11.875232563810314,355,113,3.85,15.43,160.26
11.876477830791249,710,75,0.09,0.30,77.88
11.87708213379555,874,6,15.14,57.25,203.28
11.878166440080843,933,452,36.05,147.98,158.14
11.879424040548063,346,341,2.18,8.33,114.68
11.881739520642176,558,130,4.10,15.63,4470.71
11.883758108834288,86,927,9.17,35.57,26.13
11.885087486104721,409,978,1.37,6.06,56.96
11.885506659975286,245,727,0.39,1.65,148.53
11.886396237629285,837,130,0.31,1.51,4471.02
11.886503245070212,533,406,3.27,11.74,184.35
11.887330097777665,109,945,5.53,23.72,183.54
11.887357264837362,305,130,105.49,425.46,4576.51
11.887781228772248,178,912,1.10,5.14,94.46
11.889315278889283,304,130,32.82,133.55,4609.33
11.890121615579114,913,84,3.52,13.29,843.42
11.891819241502846,268,883,88.35,350.41,134.89
11.89367600943845,687,31,0.08,0.19,20.02
11.897141875143072,407,736,2.80,10.70,154.02
11.897923417722827,784,701,3.01,10.76,564.67
11.89893012892919,809,248,0.00,0.00,114.57
11.8993861394915,412,637,22.12,85.96,65.52
11.901381582238633,381,560,0.97,3.53,3073.20
11.901414613168296,746,219,19.63,78.58,56.20
11.901776947148456,89,149,5.29,24.04,322.15
11.90181213533562,696,831,4.11,15.43,367.61
11.903580638300532,335,713,14.93,57.56,45.35
11.904121914013752,173,589,5.02,21.23,91.33
11.90433375686038,802,820,1.94,8.28,200.16
11.904659642925855,296,929,1.38,7.06,37.11
11.905498585567129,380,397,6.96,28.43,243.40
11.906200458623477,0,872,61.84,249.31,423.36
11.906485461723044,640,989,9.99,40.94,23.28
11.907473931082265,988,96,73.06,283.89,136.17
11.910064599662496,173,705,4.07,17.16,522.93
11.910665527287314,895,640,2.58,9.97,43.52
11.912993331794988,369,158,7.41,32.28,58.64
11.91429707957331,39,963,3.64,15.52,114.81
11.914621073626314,608,108,7.88,31.72,3278.86
11.914632694348446,856,941,1.58,5.52,22.31
11.91678500720834,515,184,17.78,71.69,29.19
11.917638167240138,124,758,25.42,100.57,204.87
11.91790198367937,628,576,1.38,5.26,8.26
11.918470585706181,100,773,1.26,5.03,103.11
11.918558162474168,562,986,30.18,119.14,61.76
11.918627264646975,116,305,9.68,36.67,435.14
11.92184384813474,582,255,9.75,39.54,31.89
11.92242379208644,612,477,0.44,1.93,675.59
11.923637866826425,405,522,0.76,2.78,82.16
11.924379837549248,218,902,0.10,0.34,151.04
11.924622184063866,946,698,4.12,17.97,159.59
11.924637502289038,543,855,0.00,0.02,1186.24
11.927352694784307,624,423,0.25,0.78,25.49
11.930747348505378,93,402,7.62,30.19,387.81
11.93105826828142,181,585,9.28,37.27,136.02
11.932669510513032,70,333,36.57,151.61,176.85
11.933463427960465,135,475,12.11,47.78,60.31
11.93622512619506,784,823,2.19,8.57,54.13
11.936631755147223,389,543,4.13,17.26,4.15
11.937223767976498,966,855,2.20,8.68,1188.44
11.938263548682814,83,174,62.59,243.77,119.81
11.93863618123559,222,912,10.57,42.44,105.03
11.939097255699354,812,10,0.80,3.30,23.31
11.939168599021409,270,699,86.07,341.21,146.47
11.940984338354799,540,861,1.44,5.49,367.89
11.942592065240818,105,269,9.41,38.60,63.38
11.944494112887849,492,743,5.03,19.49,349.30
11.944541160687347,166,240,19.56,76.54,108.32
11.945290422954598,862,506,92.41,378.35,209.54
11.945740713221616,409,477,1.14,4.92,676.73
11.947539310574525,659,303,3.18,14.11,59.02
11.948676946612213,177,442,2.13,9.36,136.58
11.948730307054666,566,259,4.14,16.39,1426.90
11.952501957312752,784,73,1.61,6.96,215.46
11.953116522939322,872,709,83.52,339.84,117.07
11.95388337512964,973,91,1.05,4.56,4.26
11.954539103973154,72,140,22.72,94.14,90.86
11.954555287456069,417,954,7.76,30.38,55.22
11.954577296185803,45,669,1.74,7.50,190.66
11.954731085003498,939,862,6.57,26.13,384.92
11.956724558414512,575,443,1.01,4.57,92.66
11.958480327959876,527,888,0.16,0.65,182.01
11.95972911244493,262,578,17.23,64.75,719.16
11.96034378275582,685,130,8.52,33.47,4617.85
11.961902893038033,451,81,6.50,27.96,191.92
11.962235864054385,341,174,22.78,91.90,142.59
11.962989855266393,380,650,5.68,22.75,35.96
11.964338430045037,613,192,0.51,1.67,91.01
11.964942222700177,852,614,7.67,31.11,224.60
11.96704928470617,713,209,8.84,36.51,91.34
11.967077945401796,407,873,2.31,8.39,457.18
11.967697760105995,902,252,30.63,120.41,72.71
11.968179325295878,242,477,16.70,68.94,693.43
11.968188293779047,797,452,6.07,24.77,164.21
11.968297456230605,944,101,19.45,80.44,42.73
11.969698369041028,966,945,1.83,6.85,185.37
11.970275763136847,210,861,15.12,60.55,383.01
11.97081506934762,695,130,6.59,25.35,4624.44
11.971819025202574,467,889,0.45,1.72,19.53
11.974164470892784,296,974,1.40,5.66,51.30
11.97430064949305,565,766,21.77,89.42,678.09
11.975197256433955,456,791,0.82,3.68,41.85
11.975544732417664,201,28,1.83,8.44,34.68
11.975597999971894,786,108,7.69,31.03,3286.55
11.976745478015557,227,855,15.66,64.84,1204.10
11.977188834291955,968,339,7.11,27.27,13.10
11.97982596194696,370,388,5.63,23.56,156.98
11.98151089013912,938,578,13.55,53.85,732.71
11.983377043517867,612,710,0.51,1.42,0.81
11.983594385981757,865,872,8.54,33.57,348.38
11.983782661219855,892,475,17.03,66.12,77.34
11.984687607271091,913,648,2.67,10.62,50.66
11.986493349377145,758,474,40.05,164.82,121.76
11.987001556424572,450,98,22.70,90.53,174.74
11.987340061912,898,140,6.24,24.09,97.10
11.98775360008366,505,560,7.24,28.36,3080.44
11.98869780420509,709,835,23.28,93.79,61.35
11.9895132603957,186,339,12.64,49.50,25.74
11.989644021942409,387,162,3.44,13.45,128.84
11.99074790748893,718,64,5.58,22.04,91.91
11.995495033142861,590,522,0.89,4.18,83.05
11.99563603666475,765,869,22.17,84.18,143.68
11.996076782617694,867,773,4.55,18.48,107.66
11.996286898509839,850,452,12.68,49.39,176.89
11.997244372628485,667,184,0.32,1.35,29.51
11.997515039324226,159,913,15.11,60.22,25.73
11.99888164704555,357,706,0.76,2.53,70.48
12.001272606115393,482,816,24.80,96.74,42.57
12.002187678095149,173,831,3.41,13.75,371.02
12.002411882742013,784,259,1.34,5.62,1428.24
12.002645339393709,751,586,8.06,32.87,102.20
12.003131172706762,559,931,27.15,109.41,68.78
12.004034129783038,387,823,2.70,10.75,56.83
12.004396112718425,151,47,14.20,55.95,114.78
12.005882660247797,936,590,2.86,10.42,7.04
12.007714881408639,111,409,11.50,46.32,16.42
12.009960198465118,723,573,3.64,14.63,87.64
12.011871826888445,710,851,0.14,0.67,207.72
12.014255503313404,815,703,16.25,62.34,33.77
12.014640638884565,514,712,26.18,105.56,645.72
12.016233117309605,526,989,0.43,1.37,23.71
12.017200716883606,874,130,11.81,45.44,4636.25
12.018543951220312,209,736,18.25,73.09,172.27
12.019200167851064,211,130,29.94,118.42,4666.19
12.019437016698019,394,453,31.25,124.21,227.58
12.021529607855987,914,873,0.05,0.34,457.23
12.021574823270655,882,712,7.82,30.93,653.54
12.021776601928071,820,704,40.35,159.81,100.56
12.023846885096706,663,781,17.72,71.39,30.26
12.02446558701784,989,663,4.98,18.73,76.37
12.025962427408698,610,919,6.02,23.82,252.31
12.027488293544835,894,741,11.18,43.36,68.29
12.027947825085656,956,560,2.41,10.26,3082.85
12.028131273774857,875,311,4.73,19.95,473.54
12.028154357559714,749,311,3.71,14.05,477.25
12.030120127070099,690,193,10.00,38.75,144.86
12.033079783966377,548,679,5.12,18.28,56.13
12.037988217770272,933,777,29.38,118.60,85.31
12.039217610336427,405,823,0.64,2.14,57.47
12.039499238009672,806,594,19.47,76.55,71.99
12.039611102012074,890,855,8.89,34.72,1212.99
12.04028715713047,190,688,1.61,5.95,48.03
12.040572791765815,368,85,15.63,62.51,159.88
12.04608083588774,67,383,11.98,45.24,774.76
12.046652815849493,266,487,137.04,543.88,178.22
12.047564626912378,686,413,15.60,62.03,72.18
12.048151891279353,891,855,3.86,15.19,1216.85
12.04882697185972,456,438,0.72,2.96,82.17
12.053436717759444,828,630,49.83,202.71,75.15
12.055100559962266,365,954,9.92,38.88,65.14
12.055768455272304,184,453,5.55,23.96,233.13
12.056074529500322,346,664,1.59,6.74,139.82
12.056224616577257,522,82,16.46,66.59,86.40
12.056632653152302,381,632,0.74,2.79,111.84
12.058100895036983,413,130,14.43,57.75,4680.62
12.05823254308876,511,193,2.27,9.92,147.13
12.059609413318116,610,873,4.75,19.07,461.98
12.059901777972115,18,13,2.37,8.65,272.67
12.060047495531869,812,988,0.53,2.77,284.42
12.060336083477125,5,152,1.64,5.92,38.47
12.06109788091707,419,187,15.88,62.96,672.73
12.06274914717567,184,84,4.58,19.38,848.00
12.064534438046152,221,435,4.52,16.41,574.00
12.06663048350973,407,20,1.70,6.69,169.08
12.066813118626516,672,108,0.52,1.77,3287.07
12.066982389106302,439,875,38.58,153.21,58.53
12.06769053976791,31,397,3.87,16.15,247.27
12.070431603565673,892,560,13.76,52.36,3096.61
12.07071251084166,320,165,3.08,12.38,232.71
12.072443322445658,542,130,6.99,29.70,4687.61
12.073630534936566,337,406,11.36,45.95,195.71
12.075544340377766,19,907,7.38,30.20,77.23
12.07605661451194,404,84,0.03,0.19,848.03
12.078396984143922,697,944,3.47,13.29,83.91
12.080101510924614,197,108,8.28,31.50,3295.35
12.083860322939602,849,361,0.74,3.05,21.43
12.084796044755201,387,701,2.39,8.36,567.06
12.085779802751924,24,861,3.91,17.19,386.92
12.086671017399572,311,782,97.08,380.17,111.02
12.088936390236553,991,558,20.89,84.66,36.52
12.08940627660293,362,141,24.18,98.16,112.68
12.089426177853948,288,201,9.79,39.30,18.23
12.092638934769365,606,832,23.83,96.19,91.71
12.095358150945746,378,259,14.14,57.03,1442.38
12.095419663420625,217,866,13.14,53.18,182.25
12.096293159880611,198,377,14.74,57.78,210.20
12.097405973070217,838,383,22.64,91.69,797.40
12.098988378531505,660,142,19.36,77.78,24.92
12.100941702305327,162,971,25.44,103.40,377.67
12.100975904846795,543,784,0.82,3.33,6.44
12.101209042450847,409,873,3.39,13.03,465.37
12.103079918094629,548,712,3.45,14.83,656.99
12.103734538837776,892,281,11.17,41.19,46.61
12.103868302066761,915,412,0.10,0.32,86.06
12.104540220783976,460,874,12.08,49.12,57.52
12.1046768151331,719,730,8.93,34.56,282.20
12.105571379877052,177,319,1.95,7.41,58.45
12.107646456615292,723,130,2.85,11.78,4690.46
12.108610639786782,998,202,2.64,11.36,88.51
12.110309252048022,809,309,0.00,0.00,347.36
12.111503651573509,409,675,2.40,10.63,107.72
12.111622544708741,301,752,39.45,160.42,150.52
12.112088651067053,645,130,1.28,3.90,4691.74
12.113087710468728,693,560,17.03,67.97,3113.64
12.113246072980838,915,220,0.10,0.22,15.39
12.115692360307909,11,435,4.15,15.87,578.15
12.116086900975,97,592,17.79,72.61,331.84
12.117161276557324,115,458,1.09,4.50,76.23
12.12091708623657,207,521,17.98,71.93,93.82
12.121682500611106,15,862,5.28,22.87,390.20
12.121981668405558,83,639,50.46,193.31,109.69
12.122873997161653,784,891,1.42,5.02,16.61
12.124403167893208,312,108,6.26,24.73,3301.61
12.124646518910849,312,695,4.77,19.96,30.12
12.127115704325284,955,618,39.92,155.80,1386.13
12.12805554471375,320,556,2.57,9.81,186.74
12.128186663374052,578,188,146.34,586.37,173.34
12.128827837695631,764,560,0.49,2.30,3114.13
12.129021304671966,801,152,12.51,48.32,50.98
12.129119892769994,904,759,4.69,19.80,102.07
12.130609203215961,372,130,2.45,9.65,4694.19
12.131957574120346,912,663,21.22,83.81,97.59
12.132249866251561,409,958,2.09,8.54,78.58
12.132288220538683,687,539,0.05,0.14,80.48
12.132601590608877,966,15,1.27,5.58,24.14
12.132703985412736,757,731,16.28,61.54,86.54
12.134407753757605,772,596,7.86,31.56,31.76
12.136286566278663,933,130,23.48,95.12,4717.67
12.13764788720515,980,302,0.42,1.77,32.64
12.138642247003867,233,383,8.78,34.04,806.18
12.138751909024084,4,127,13.98,53.78,52.63
12.141706577688595,418,945,31.37,127.78,216.74
12.142081578197853,549,119,6.59,25.86,105.03
12.1435546070274,885,855,12.01,49.13,1228.86
12.14397783440016,970,402,4.06,15.33,391.87
12.14402911063161,502,131,0.21,0.61,17.82
12.144501778749062,757,108,12.54,49.00,3314.15
12.145369671884737,5,136,1.31,4.61,5.66
12.145482147905115,820,413,31.79,128.02,89.54
12.145923736245125,504,978,11.61,48.34,68.57
12.146206409617468,585,308,27.20,108.82,127.55
12.146248702615386,742,13,0.94,3.58,273.61
12.146409694679074,353,309,2.65,10.23,350.01
12.146718155558393,295,279,8.47,36.21,44.22
12.1470110833985,606,84,19.46,76.73,867.49
12.147691053840395,63,745,15.04,60.23,116.05
12.149069557572322,683,120,11.29,46.44,74.58
12.149942129853658,598,108,1.42,5.64,3315.57
12.15018701555853,633,920,9.41,37.01,99.40
12.15214256671794,581,560,5.94,22.96,3120.07
12.154151229361613,185,108,7.32,28.10,3322.89
12.154799247651994,525,958,8.57,32.64,87.15
12.1581123996799,667,578,0.30,1.05,586.67
12.158419886771153,555,371,31.93,127.03,273.14
12.158431824762658,359,912,5.71,24.17,89.52
12.159132264525343,652,872,1.81,7.18,350.19
12.16012286534271,737,592,4.23,17.11,336.07
12.161713397503755,273,522,19.86,78.16,86.45
12.163370308317049,372,130,1.81,7.84,4719.48
12.163905478872136,613,560,0.25,1.42,3120.32
12.16404643382619,573,461,17.74,69.90,58.00
12.165940792851249,949,199,26.28,105.28,129.38
12.16625194586616,136,826,1.00,4.66,49.07
12.166973986188186,940,429,15.06,61.22,55.56
12.169730557862362,5,988,0.91,3.70,285.33
12.17123489986974,837,130,0.24,1.27,4719.72
12.171795380044859,437,22,21.71,82.05,233.52
12.176424568742263,409,361,1.55,6.99,22.98
12.176573316253885,201,241,3.83,14.40,48.19
12.176793940295918,615,720,12.60,49.20,118.71
12.17710037983328,523,617,20.59,78.81,288.84
12.17786415843953,592,947,68.66,267.41,258.22
12.178382643260397,487,862,35.11,143.11,425.31
12.17951564593021,409,334,1.25,5.74,304.53
12.180035231488468,815,78,12.49,49.85,44.99
12.181625503270016,318,108,31.91,126.77,3354.80
12.181726455385283,404,703,0.06,0.13,33.83
12.182696136824338,51,383,21.37,85.26,827.55
12.18462989655663,399,22,2.87,11.34,236.39
12.186536536551532,948,664,1.63,7.40,141.45
12.187997949501108,607,560,15.27,57.71,3135.59
12.188615282411307,41,108,14.55,54.55,3369.35
12.189530355545982,562,773,23.86,95.28,131.52
12.190611209087402,806,850,15.36,61.19,64.75
12.191225504784065,562,818,19.10,76.18,49.87
12.19383504674249,586,302,20.17,82.03,52.81
12.196924026554091,83,758,37.38,155.93,202.20
12.198207335189647,992,402,4.51,17.88,396.38
12.198313586415306,500,108,7.82,29.76,3377.17
12.199498927233465,622,868,0.49,1.76,158.24
12.200677609549698,541,642,1.76,6.95,81.43
12.200987843764521,281,709,9.07,37.54,102.86
12.20197232969623,80,274,10.67,39.13,121.52
12.20210935719592,730,618,55.80,226.40,1441.93
12.202493536736828,775,338,3.11,13.22,94.07
12.205303075481494,613,774,0.25,1.17,162.64
12.205758067618643,358,292,24.07,98.11,77.99
12.205859203428652,714,89,8.75,36.05,32.79
12.206313368387478,405,560,0.39,1.75,3135.98
12.206813925107074,481,438,11.16,44.73,93.33
12.213280728294254,174,934,28.74,113.85,61.69
12.213459496138583,607,130,11.29,46.42,4731.01
12.213748330172116,5,273,0.73,2.97,78.89
12.21811515742538,447,61,18.84,73.41,72.29
12.219961811501989,812,373,0.62,2.15,39.47
12.221671200267677,973,560,0.87,3.69,3136.85
12.223839032225078,148,794,8.47,32.38,125.93
12.224672256964206,612,218,0.28,1.14,0.62
12.225371801147046,700,344,19.97,75.80,176.94
12.225378196515434,209,584,14.68,58.41,24.04
12.226870638582355,998,108,2.31,9.05,3379.48
12.227669376918477,590,458,1.39,5.65,77.62
12.227812697283287,559,439,22.20,87.21,175.41
12.22878797369469,930,698,21.67,84.74,181.26
12.22961376899392,160,700,8.94,36.49,84.74
12.230378637160218,361,997,4.53,18.45,61.92
12.230572739025359,55,949,2.56,10.38,107.84
12.232327808135498,259,402,285.00,1157.38,681.38
12.233384018481223,814,987,26.04,105.30,115.22
12.233585055944495,123,486,13.03,54.31,318.17
12.234268027059887,980,331,0.37,1.40,57.28
12.234667788713482,764,267,0.48,1.82,523.45
12.234710962415292,914,1,0.10,0.24,32.49
12.236022893079598,624,22,0.08,0.70,236.47
12.236519828989698,376,374,0.60,2.66,751.24
12.237038279641908,964,560,3.26,12.45,3140.11
12.237594576077267,407,617,1.41,5.28,290.25
12.238317217247072,960,981,4.54,18.02,68.28
12.239849976462068,611,560,7.65,29.47,3147.76
12.240434357007205,74,274,22.45,87.74,143.97
12.240718341265493,731,108,17.51,69.03,3396.99
12.242635073272387,624,562,0.10,0.60,76.28
12.24381056432814,118,777,26.98,103.93,112.29
12.245742195223727,250,816,10.59,41.46,53.16
12.247884483353902,746,654,16.14,62.44,405.61
12.24867280261735,297,477,17.37,72.39,710.80
12.249372762110184,955,524,31.60,124.20,81.43
12.249694076141028,898,633,4.65,19.44,41.66
12.25022456118872,404,206,0.02,0.11,47.88
12.251217917358302,540,537,1.26,4.23,103.12
12.251497838972359,628,563,1.05,4.21,64.91
12.253511289653611,177,578,1.43,5.98,588.10
12.254261865107095,234,486,3.31,14.58,321.48
12.255773898980307,322,245,12.76,49.42,14.41
12.257560076995912,656,794,2.92,11.43,128.85
12.259260640981289,73,100,42.35,173.11,47.38
12.259951575547767,91,422,0.91,3.35,118.39
12.260000373725262,300,634,3.45,13.09,687.79
12.260733730405477,273,863,15.33,63.56,57.33
12.261374089129683,189,22,21.34,83.18,257.81
12.261776202145374,789,106,6.34,26.12,15.32
12.262582396436253,299,560,4.67,17.71,3152.43
12.262642356846023,297,578,14.88,57.51,602.98
12.263129343824797,492,722,4.08,15.41,218.67
12.263623896832222,835,129,12.11,49.24,1271.59
12.263821802280118,837,390,0.22,1.05,78.46
12.264240810471573,161,995,2.66,10.95,87.40
12.264478281341937,2,838,3.88,14.64,95.57
12.264676634116423,661,560,12.87,52.02,3165.30
12.266008300468664,279,872,9.09,35.13,359.28
12.266325191550653,303,130,12.49,46.53,4743.50
12.267266482129628,710,94,0.10,0.57,49.41
12.267597882292725,178,6,0.96,4.18,204.24
12.267886694205934,179,65,4.25,16.45,167.11
12.269231993862059,494,578,11.42,44.24,614.40
12.270645695551961,844,306,10.60,39.78,56.85
12.272619776563317,483,168,18.54,74.61,97.65
12.273158311629674,463,278,19.73,79.56,63.03
12.274130816289716,933,977,19.00,76.12,139.98
12.275734987333664,413,74,18.71,70.83,106.45
12.276239259412671,543,404,0.68,2.65,0.79
12.276612035686256,218,743,0.15,0.47,349.45
12.278222601693383,338,665,18.67,75.40,93.21
12.278679985285235,429,985,10.91,44.65,142.49
12.278853653008868,244,637,5.49,21.89,71.01
12.28113405824983,987,586,22.73,92.49,104.76
12.28127435098328,309,675,70.69,279.32,178.41
12.281706381067629,234,906,3.05,11.53,136.40
12.284117540948111,967,513,17.98,72.48,108.97
12.284125792321701,452,299,36.09,140.80,53.80
12.284642227745953,613,881,0.13,1.04,32.54
12.285318934293702,954,24,13.38,51.76,30.57
12.287655554430996,89,578,6.77,26.02,621.17
12.288607988669817,8,22,33.62,133.73,291.43
12.289317431180425,407,599,1.11,4.17,14.61
12.29070873460139,100,847,9.05,38.33,32.27
12.29157427916839,622,108,0.35,1.41,3397.34
12.292185450671013,164,560,17.24,68.70,3182.54
12.292259155971177,31,622,3.19,12.96,4.60
12.292567527998822,812,430,0.38,1.77,261.14
12.293855814871668,913,648,5.34,20.39,56.00
12.294697865880172,973,348,0.68,3.01,46.16
12.295925328953581,666,747,4.91,19.77,18.37
12.296262387582185,764,918,0.28,1.54,130.22
12.296769681088275,381,872,0.45,2.34,359.73
12.297265674652959,39,383,3.22,12.30,830.77
12.297478417457652,697,270,2.75,10.54,343.96
12.297715546699433,401,84,0.67,2.84,868.16
12.29871124161454,806,64,12.21,48.98,104.12
12.300976200837008,197,727,6.49,25.01,155.02
12.303611857992758,177,130,1.21,4.77,4744.71
12.30365899110147,302,156,10.64,42.17,99.06
12.304450968150183,166,38,15.78,60.76,79.36
12.30671693860005,33,94,42.90,171.52,92.31
12.308042598836481,576,87,1.57,6.69,38.41
12.308278637051972,456,185,0.47,2.49,28.57
12.309350694383136,504,563,9.53,38.81,74.44
12.310902120103336,235,193,3.64,13.60,150.77
12.31204645163427,514,560,21.05,84.51,3203.59
12.312187746884353,682,139,14.68,60.54,95.47
12.31272956891736,409,632,1.21,4.53,113.05
12.313020036756685,882,827,6.10,24.83,26.96
12.31457276894145,346,108,1.54,5.20,3398.88
12.315546085077608,674,675,21.42,84.99,199.83
12.315818690301102,999,766,27.25,110.18,705.34
12.317010594951334,611,855,5.74,23.73,1234.60
12.317044783145676,382,259,4.43,17.67,1161.81
12.318011523671263,182,203,18.61,75.12,66.85
12.318314053850676,148,798,6.02,26.36,60.35
12.318823666550898,977,560,27.84,112.14,3231.43
12.318836680530172,622,744,1.00,3.60,92.52
12.319886970599136,902,560,24.46,95.95,3255.89
12.322665005831112,694,384,2.37,8.89,267.89
12.3227475049365,409,866,0.86,3.67,183.11
12.323451095965847,946,862,3.71,14.26,429.02
12.32361445173226,578,17,125.27,495.90,237.43
12.323733508830726,398,374,7.90,30.63,759.14
12.324012092504805,251,698,15.88,65.02,197.14
12.324018355236502,409,130,0.80,2.87,4745.51
12.324127817250526,910,828,3.47,13.54,206.18
12.324449635647344,348,855,9.15,37.01,1243.75
12.324936978559219,770,453,35.32,140.37,268.45
12.325581422758216,467,307,0.37,1.35,84.62
12.325943594919742,542,13,5.90,23.80,279.51
12.328134843258999,606,285,15.21,61.52,140.35
12.328168141070373,492,388,3.20,12.21,160.18
12.328449084859752,886,181,7.71,29.73,44.98
12.32905086580083,475,258,14.77,62.57,156.44
12.330050514397144,786,42,6.06,24.97,82.04
12.330247336350213,870,614,2.94,11.13,227.54
12.330852305128545,192,710,18.01,73.00,18.58
12.332755429503681,396,537,3.90,15.15,107.02
12.332945627532832,169,878,0.62,2.78,40.05
12.33518665253319,672,130,0.31,1.46,4745.82
12.335893534463814,333,875,34.98,141.87,93.51
12.336015728979538,477,305,141.92,568.88,577.06
12.337121259769797,982,580,7.90,34.82,143.41
12.339253808720054,780,468,8.86,35.99,233.45
12.339464107789723,495,536,7.49,29.50,104.84
12.340491028541802,550,484,10.17,42.34,105.68
12.340628452802845,951,114,11.93,46.66,301.14
12.340655595125428,779,734,10.57,40.41,220.14
12.341399373499682,645,175,0.68,3.22,90.68
12.341540672981736,960,531,3.59,14.43,20.04
12.343481143156659,366,949,6.96,27.78,114.80
12.343993383395865,223,47,2.07,9.68,116.85
12.347159917967435,985,486,28.41,114.08,349.89
12.347412187520321,783,121,9.85,42.32,203.45
12.349334995353543,478,108,6.25,24.29,3405.13
12.349837121013923,512,843,4.72,19.62,202.27
12.351194238189153,11,833,3.16,12.71,48.50
12.351195078329715,927,610,5.21,20.92,24.28
12.351216817854247,588,130,13.05,52.32,4758.87
12.35444094013644,294,406,3.15,12.06,198.86
12.35480737876671,895,353,2.03,7.94,12.26
12.355324993321906,890,477,7.22,27.50,576.10
12.358363891807501,125,662,19.62,77.70,89.32
12.36076729090703,356,972,3.00,10.90,318.01
12.362228916649151,955,684,25.44,98.76,64.22
12.36337728103003,994,782,1.76,7.86,112.78
12.363468808763983,64,865,20.61,83.51,54.18
12.365529835582127,274,580,28.72,115.25,172.13
12.36725228997296,296,580,1.11,4.55,173.24
12.36752313770358,369,283,6.61,25.67,164.86
12.369445039868094,661,228,9.93,42.09,184.50
12.370105934810274,849,578,0.61,2.44,496.51
12.370650951399817,278,861,12.02,51.01,398.94
12.371606479549921,264,240,3.11,11.45,111.43
12.372640626423523,194,374,27.82,112.31,786.96
12.373243803670348,858,614,10.30,40.77,237.84
12.37511588152135,853,33,2.75,10.98,174.27
12.376616220111005,956,411,2.07,8.19,151.05
12.377024788116433,24,788,5.95,24.62,32.49
12.377410358384651,460,130,9.75,39.37,4768.62
12.378180308210467,137,272,6.78,26.00,109.08
12.378272974538827,811,477,8.61,34.66,584.71
12.37857622545702,693,346,13.65,54.32,18.85
12.37939945410385,177,618,0.93,3.84,1442.86
12.3797131349442,409,175,0.56,2.31,91.24
12.380821611435781,572,108,25.80,97.65,3430.93
12.383690118738059,236,654,7.95,33.78,413.56
12.385110740676224,457,665,8.25,34.60,101.46
12.38996486701433,247,638,6.58,27.39,32.29
12.39096199203507,389,862,3.75,13.51,432.77
12.392265332953562,543,486,0.42,2.23,350.31
12.393571898183065,244,193,4.30,17.59,155.07
12.393829698901657,719,988,6.77,27.79,292.10
12.394936507511774,254,947,27.53,109.27,285.75
12.395139843461823,546,717,4.74,19.52,86.65
12.395140186194766,500,95,6.23,23.53,68.12
12.395163218927944,351,98,21.35,86.88,196.09
12.3972610739807,527,130,0.08,0.57,4768.70
12.397576146335986,605,578,3.62,14.61,500.13
12.398679969772735,249,820,39.51,159.48,167.53
12.399017874658147,404,489,0.20,0.59,20.91
12.401338799177937,387,438,1.60,6.76,94.93
12.40285499429873,255,520,6.91,24.98,53.41
12.403520372364552,977,210,23.03,89.11,83.58
12.404869514334152,983,578,8.82,36.72,508.95
12.405099370866115,905,96,7.81,32.10,143.98
12.406382028492825,415,499,13.76,57.00,260.73
12.407728190031335,14,406,14.24,60.89,213.10
12.40783687279895,711,508,13.51,52.23,46.58
12.408018469700798,784,955,0.83,4.19,99.59
12.408578144671324,685,618,6.53,26.94,1449.39
12.409014656731017,299,286,10.43,43.37,79.05
12.409389368399388,133,988,68.61,271.45,360.71
12.41263958396651,608,855,6.37,25.35,1250.12
12.413204425346642,255,357,5.03,19.95,7.56
12.41356160922995,232,701,2.65,10.00,569.71
12.416057911361738,672,477,0.25,1.21,584.96
12.418278071432812,625,883,7.74,34.03,142.63
12.418358606741915,979,174,19.78,80.84,133.63
12.419777140509467,941,562,4.41,17.90,80.69
12.420842108844582,889,443,3.66,15.87,96.32
12.424337778806168,469,255,10.82,45.14,30.77
12.424796664244383,613,62,0.18,0.86,43.53
12.42540364613243,5,435,0.58,2.39,578.73
12.429180272283038,152,234,9.77,41.21,21.30
12.431064752589942,895,855,1.63,6.31,1251.75
12.433242827547216,950,810,34.69,135.35,79.52
12.43338710606781,73,947,34.91,138.20,320.66
12.435484357381643,912,637,17.10,72.42,88.11
12.435766943804609,753,126,10.48,42.79,53.38
12.437031746395004,372,70,1.48,6.36,153.09
12.437424140255569,998,708,1.89,7.16,94.80
12.437724262723378,369,477,4.93,20.74,589.89
12.442320373564995,579,344,15.69,65.76,192.63
12.443014449986533,710,578,3.91,14.67,512.86
12.443103705910584,581,221,4.45,18.51,20.86
12.443268094168431,196,655,8.16,32.10,113.31
12.443462774455456,824,144,15.65,58.91,93.70
12.444686862914047,665,784,19.89,81.57,24.08
12.446607628943198,400,788,9.07,36.38,41.56
12.447703100377092,667,540,0.22,0.83,4.45
12.44937621113093,390,947,14.97,63.49,335.63
12.450520978608974,772,330,6.17,25.39,31.57
12.45087039244675,575,84,0.92,3.65,869.08
12.451083626383847,622,844,0.55,3.05,40.33
12.451961319158483,696,698,3.13,12.30,200.27
12.453159449403795,238,945,9.18,37.34,225.92
12.45617791622215,234,967,4.31,16.99,76.79
12.457335591703355,476,905,10.96,42.94,43.06
12.459352083691313,651,127,2.92,11.05,55.55
12.459886946721433,904,65,3.66,16.14,170.77
12.460149824398467,527,477,0.11,0.46,590.00
12.460394135017665,12,622,7.06,28.20,10.11
12.461521747199967,741,435,13.88,54.41,592.61
12.461542792655342,223,736,2.02,7.66,174.29
12.462213411616691,925,861,15.51,63.76,414.45
12.462575622034219,177,223,0.83,3.01,8.49
12.46419817025609,404,843,0.12,0.47,202.39
12.4648254331067,622,908,1.87,8.24,58.22
12.465342544182754,622,814,1.67,6.57,106.97
12.465708032650419,721,84,0.54,2.08,869.62
12.465911781458534,190,30,1.03,4.92,27.17
12.46621528520219,409,248,0.32,1.99,114.89
12.468812260282908,296,312,0.86,3.69,20.82
12.469652347645969,218,855,0.12,0.35,1251.87
12.470409532764116,694,103,1.88,7.01,46.37
12.47246970030965,333,861,27.59,114.28,442.04
12.47320558580133,872,734,72.61,287.12,292.75
12.473305215619863,945,718,45.72,180.20,67.76
12.474648833453358,828,747,40.77,165.41,59.14
12.47519362092088,361,572,3.59,14.86,101.24
12.475259467289433,869,855,29.18,114.50,1281.05
12.476565833534794,396,719,3.05,12.10,30.84
12.476601898824686,568,35,9.31,36.75,91.23
12.47665145865228,202,60,18.22,70.29,141.86
12.476684752618803,482,214,19.79,76.95,59.85
12.477282546965524,913,130,3.98,16.41,4772.68
12.47796412896791,295,873,7.20,29.01,472.57
12.478501091175039,674,513,16.92,68.07,125.89
12.48059360250392,503,814,30.11,116.69,137.08
12.481629737164614,576,785,1.48,5.21,151.97
12.481932865334452,378,862,11.13,45.90,443.90
12.482847243468687,245,26,2.81,11.60,242.81
12.48383943639762,733,581,4.32,17.82,22.83
12.486250111552604,394,65,24.89,99.32,195.66
12.48686673402147,457,476,6.65,27.95,49.59
12.489238741035978,749,861,2.68,11.37,444.72
12.490749619158501,367,71,4.72,19.75,78.07
12.492278022301436,133,477,54.41,217.04,644.41
12.497865943737,997,855,12.01,49.91,1293.06
12.499027368083961,116,47,7.33,29.34,124.18
12.499130598886603,312,855,4.03,16.79,1297.09
12.499514126103799,676,877,1.98,8.44,100.37
12.504376110920642,544,584,5.63,22.68,29.67
12.505956038196178,652,891,1.44,5.74,18.05
12.507099784491446,316,756,10.62,40.57,28.11
12.508569754159296,438,477,18.64,76.29,663.05
12.509042786500526,978,179,13.91,54.66,30.36
12.510577708076646,67,74,9.23,36.01,115.68
12.511705626703845,966,648,0.99,4.59,56.99
12.513649267752173,52,712,5.17,19.84,662.16
12.513787606654322,308,355,25.72,101.83,41.15
12.514913606668102,585,693,21.14,87.68,75.46
12.515772193995598,664,855,28.69,112.76,1325.78
12.516701678359935,2,335,2.93,11.71,60.49
12.516861731081534,103,87,9.25,37.12,47.66
12.517225971853177,872,318,57.56,229.56,184.33
12.517357126915842,319,861,11.17,47.28,455.89
12.52163819599653,630,108,15.22,59.93,3446.15
12.523133561204734,872,616,46.40,183.16,75.93
12.523958619003356,113,285,32.40,127.86,172.75
12.524235572706116,911,855,3.72,13.67,1329.50
12.524936946423583,85,743,31.37,128.51,380.82
12.526373325812227,338,523,14.77,60.63,93.58
12.529754315038781,664,509,22.33,90.43,119.61
12.53313422146445,296,420,0.70,2.99,35.04
12.533384058571292,27,130,10.12,39.54,4782.80
12.533905528704885,611,746,4.78,18.95,67.22
12.534602830135837,676,447,1.81,6.63,75.22
12.534633604425972,628,130,0.85,3.36,4783.65
12.535687108901206,311,603,75.87,304.30,99.26
12.535711194376885,409,609,0.46,1.53,55.65
12.536237363014749,892,545,8.19,33.00,42.27
12.537650774307393,994,157,1.62,6.24,51.01
12.537857004636978,681,977,22.10,86.46,111.21
12.537897604237639,14,263,12.10,48.79,328.29
12.538587418496459,667,108,0.17,0.66,3446.32
12.54041986471686,558,108,7.06,29.46,3453.38
12.54110650602713,812,640,0.37,1.40,43.89
12.541453385677608,599,259,3.01,11.60,1164.82
12.543185638494903,358,924,19.99,78.12,59.48
12.54341639881089,666,46,4.09,15.68,61.51
12.543878322427867,784,60,4.93,19.15,146.79
12.545835640572315,207,127,14.66,57.27,70.21
12.54749424842106,914,108,0.08,0.16,3453.46
12.548728290413013,347,514,8.38,32.08,92.89
12.548757502100447,218,378,0.10,0.25,46.00
12.550241515774786,347,855,6.33,25.75,1335.83
12.551941589717284,525,861,7.18,25.46,463.07
12.5543995923802,238,665,7.74,29.60,89.31
12.555687717279767,457,453,5.39,22.56,273.84
12.556172893198422,506,311,41.48,168.06,345.78
12.5596946457623,576,259,1.05,4.16,1165.87
12.561898762978005,195,425,10.42,41.05,54.23
12.564173104664262,275,514,15.22,61.12,108.11
12.564388955688013,282,400,18.44,70.50,54.82
12.565259412654813,998,985,1.42,5.74,115.50
12.56725859428633,684,476,12.96,51.26,62.55
12.568227880316423,543,873,0.35,1.88,472.92
12.57050347166969,176,855,27.27,110.35,1363.10
12.570710475435707,467,342,0.26,1.09,53.75
12.571730081168942,910,59,2.51,11.03,72.37
12.571852902548317,125,334,15.33,62.37,319.86
12.572472695904846,936,950,1.85,8.57,137.20
12.573536880027785,207,477,11.98,45.29,675.03
12.574320022165923,153,117,7.66,31.06,40.73
12.576149783351179,47,350,24.96,99.22,126.18
12.577946625543452,114,618,59.69,241.45,1509.08
12.578863268775418,781,861,6.32,23.94,469.39
12.581761089658698,72,420,18.52,75.62,53.56
12.582994989379367,528,259,6.62,27.80,1172.49
12.583859645451867,865,156,11.04,43.14,110.10
12.584696087121653,644,439,5.37,22.45,180.78
12.586412021463195,562,866,16.31,64.38,199.42
12.586556671456009,545,31,8.51,33.76,21.47
12.587384934778669,338,671,12.41,48.22,54.59
12.587821264873913,929,201,8.02,29.09,22.42
12.58887260842599,640,187,8.89,35.00,681.62
12.589041998857748,687,953,0.02,0.12,258.97
12.589555461060913,247,378,5.59,21.80,51.59
12.59068025261304,760,675,5.18,20.75,205.01
12.591855624143067,837,861,0.21,0.84,469.60
12.592627122897802,255,902,6.32,24.45,102.27
12.593937178450872,941,458,3.82,14.08,81.44
12.594258856951443,837,707,0.13,0.71,59.14
12.594732200575288,317,130,20.76,80.23,4804.41
12.595713987617543,352,863,3.97,14.10,61.30
12.598475460921485,304,391,26.19,107.36,205.45
12.59952668420113,518,477,4.53,18.74,679.56
12.600271083804518,650,236,6.96,29.00,40.74
12.601332081933007,809,460,0.00,0.00,39.37
12.602819333991633,682,683,11.82,48.72,58.26
12.603502679957453,99,285,0.03,0.27,172.78
12.60579951071729,508,778,9.66,36.92,49.07
12.606315507620947,591,560,9.39,37.45,3265.28
12.607667621291569,967,16,15.52,61.27,58.84
12.610895158494696,2,276,2.41,9.30,43.70
12.611070295282602,647,134,15.11,61.53,1002.35
12.611449646987763,753,705,8.87,33.92,531.80
12.61171368968625,240,134,23.05,88.38,1025.40
12.61195809876909,860,98,18.40,73.38,214.49
12.612588064135357,426,130,4.29,17.90,4808.70
12.613742447506212,777,739,22.77,89.52,192.76
12.615360549034675,304,192,21.10,86.26,94.10
12.617562910124256,398,843,6.04,24.59,208.43
12.617567303625425,57,129,3.42,14.38,1275.01
12.617676804643315,605,22,2.83,11.78,294.26
12.618843858785542,626,477,13.71,53.82,693.27
12.618966832097685,296,439,0.59,2.40,181.37
12.620188001601264,168,108,19.55,78.10,3473.01
12.621199354754749,543,560,0.38,1.50,3265.66
12.621368409697459,604,668,0.32,1.59,87.90
12.621883834977087,749,130,2.49,8.88,4811.19
12.62379238169519,809,730,0.00,0.00,226.40
12.624747411321705,901,108,27.07,107.57,3500.08
12.62587557699178,404,2,0.11,0.36,9.41
12.62597629037558,411,402,30.45,120.60,711.83
12.62719166517607,881,414,6.50,26.04,46.26
12.627757325884797,156,922,22.27,87.83,93.45
12.628515865921148,667,65,0.10,0.56,195.76
12.631860279536541,82,533,16.82,69.58,28.56
12.633211504556787,137,245,5.16,20.84,16.76
12.633660239468712,645,477,0.58,2.64,693.85
12.636134628311956,543,294,0.32,1.18,12.38
12.637783547500916,672,412,0.33,0.88,86.39
12.639820844059019,661,312,8.29,33.80,25.08
12.640242882854517,872,705,36.59,146.57,568.39
12.640895657855342,557,528,18.40,73.04,46.20
12.643154475239694,677,560,10.28,39.62,3275.94
12.643936999841705,540,535,0.73,3.72,94.39
12.64847936023225,891,930,3.71,14.34,88.45
12.648996111354895,872,486,29.08,117.49,379.39
12.649261044144874,62,664,8.87,34.66,99.30
12.64929380521324,409,618,0.25,1.28,1509.33
12.651141541825677,404,158,0.10,0.26,58.74
12.652079820903486,234,663,3.34,13.65,100.93
12.653978555722876,82,855,13.82,55.76,1376.92
12.654155810761178,921,752,5.60,22.08,156.12
12.654481880845081,672,129,0.20,0.68,1275.21
12.654768630117708,848,259,7.02,27.90,1179.51
12.655074594208452,959,497,15.26,63.03,61.86
12.655407382291632,531,383,4.11,15.93,834.88
12.656209098607953,711,130,10.94,41.29,4822.13
12.658150903255729,359,60,4.90,19.27,151.69
12.658369646910367,880,438,7.37,29.29,83.66
12.661097093734664,667,51,0.06,0.50,85.32
12.661797224486211,527,839,0.12,0.34,74.58
12.661809946787283,992,758,3.55,14.33,205.75
12.663879582316913,137,839,4.01,16.83,78.59
12.663890499175471,914,774,0.04,0.12,162.68
12.663944209314074,626,84,10.79,43.03,880.41
12.664600287087433,181,72,8.54,36.44,84.16
12.667440989694901,99,146,0.06,0.21,190.59
12.670286911446174,527,636,0.10,0.24,28.65
12.672051851385735,642,578,16.45,64.98,529.31
12.67346183830875,962,474,10.04,39.00,131.80
12.673639804651469,99,698,0.04,0.17,200.31
12.673727007049406,180,808,9.38,37.30,77.41
12.675278818169252,6,980,39.37,164.87,40.77
12.675541525866613,189,587,16.27,66.91,147.68
12.67566963856814,42,977,16.98,65.06,128.19
12.67663488763262,727,203,30.50,124.52,97.35
12.679941321419932,150,173,7.18,30.31,20.93
12.68126966692196,407,123,0.92,3.25,55.23
12.682452804376494,230,873,7.74,29.78,480.66
12.682590580397793,844,855,8.01,32.32,1384.93
12.684461661505274,878,977,7.80,32.25,135.99
12.686796253516814,543,130,0.23,0.95,4822.36
12.686942614101811,404,562,0.06,0.20,64.44
12.688258327111418,162,712,20.54,82.86,682.70
12.691606548226378,605,57,2.26,9.52,16.64
12.692506515799636,915,52,0.05,0.17,19.89
12.693535881409703,928,365,11.89,47.50,50.77
12.694667916916359,774,522,33.54,129.14,119.99
12.696547595606686,904,103,3.17,12.97,40.29
12.699041624915917,654,900,81.02,332.54,131.73
12.70165297262815,409,891,0.26,1.02,14.60
12.702267661915686,809,334,0.00,0.00,319.86
12.70227708954571,278,130,10.57,40.44,4832.93
12.705089940855565,5,417,0.36,2.03,30.74
12.70794775801328,422,267,23.18,95.21,546.63
12.708005432610127,232,578,1.95,8.05,531.26
12.708663862176317,99,434,0.05,0.12,37.61
12.709054387375694,716,284,12.37,45.92,177.92
12.709439993214083,974,945,10.25,41.05,190.45
12.712431237826673,462,6,3.71,16.15,168.58
12.712701553390767,936,855,1.53,7.04,1386.46
12.713279999036038,750,84,11.32,46.06,891.73
12.713400027102535,527,108,0.03,0.21,3500.11
12.716706044299924,462,803,3.12,13.03,40.52
12.72490897185257,878,290,6.76,25.49,18.49
12.72697346470818,259,606,236.25,943.26,297.77
12.728225729320577,488,501,27.17,108.30,195.89
12.72969964148767,419,157,12.87,50.09,63.88
12.730328838710793,213,862,9.67,39.82,453.57
12.732474436349564,533,114,5.84,22.72,247.29
12.73418946287111,272,85,21.65,87.43,150.16
12.735032181063087,296,941,0.61,1.79,14.69
12.735505048438899,99,640,0.03,0.09,35.03
12.738299048047015,743,84,75.26,305.56,966.99
12.738411189887534,385,344,0.19,0.70,192.82
12.739753750321578,427,24,8.75,35.67,33.37
12.74006588540065,591,766,7.72,29.73,713.06
12.74020713860172,697,249,2.16,8.38,161.64
12.740219644318126,108,22,704.82,2795.29,999.08
12.741060167453387,284,977,35.01,142.91,171.00
12.74205595259288,26,297,47.34,195.47,104.85
12.74212795004932,798,701,12.10,48.25,581.81
12.742197224767853,164,524,14.13,54.57,95.56
12.742679143029598,962,378,7.52,31.48,59.11
12.74282677629855,902,419,20.32,81.95,70.41
12.744276541520968,117,618,7.89,32.84,1517.22
12.74525157954217,152,126,7.71,33.50,61.09
12.745591620737283,507,413,6.42,27.49,77.25
12.748820699486062,803,560,7.98,32.54,3283.92
12.749034167144309,590,855,0.99,4.66,1387.45
12.749855903495467,964,927,2.42,10.03,23.34
12.750204349335908,938,55,10.99,42.86,21.37
12.751571581196789,376,130,0.53,2.13,4833.46
12.75368705534014,672,235,0.11,0.57,13.71
12.754654356933191,649,618,26.57,104.70,1543.79
12.755520854205148,25,578,10.30,39.99,541.56
12.756136207755349,188,22,34.19,139.15,1033.27
12.758479278827474,632,130,22.41,90.64,4855.87
12.763825164385509,608,477,5.07,20.28,698.92
12.764156925802403,827,563,5.69,21.27,80.13
12.765182276466385,526,939,0.28,1.09,26.41
12.765656575732788,319,486,9.39,37.89,388.78
12.766983457524605,863,625,12.37,48.93,46.40
12.767602437168838,749,690,1.69,7.19,40.44
12.769651848183829,773,397,25.71,105.81,272.98
12.77100762378104,92,553,21.07,82.93,28.46
12.771043610586746,667,888,0.08,0.42,182.09
12.771371352516237,424,267,11.04,43.30,557.67
12.772599501976154,409,595,0.17,0.85,130.92
12.774045591038469,934,73,12.64,49.05,150.84
12.774214167494108,672,701,0.18,0.39,581.99
12.776794789694206,605,937,2.14,7.38,43.12
12.778859177431496,110,745,19.53,78.81,135.58
12.78168937708406,980,130,8.06,32.71,4863.93
12.782665989235495,221,666,4.40,16.46,20.08
12.782951469654842,559,983,17.36,69.85,54.08
12.785862674995066,191,165,6.70,23.25,239.41
12.787687521125184,198,370,11.49,46.29,35.05
12.788776275991976,31,225,4.41,17.06,18.26
12.789767783031644,333,855,22.13,92.15,1409.58
12.790668902981377,651,222,2.11,8.94,44.55
12.791373153298638,429,701,9.03,35.62,591.02
12.792436425345624,63,118,11.59,48.64,115.52
12.793831630783517,602,698,5.25,20.94,205.56
12.795203097521089,325,108,27.54,110.50,2822.83
12.795425235085002,123,305,10.75,44.48,587.81
12.796054817874603,980,336,6.68,26.03,31.45
12.797116799251263,645,181,0.53,2.11,36.97
12.797199637546012,466,259,13.35,52.62,956.61
12.798574461565329,409,705,0.14,0.71,568.53
12.800380368274318,173,130,3.89,17.04,4867.82
12.801313826417616,713,87,7.46,29.05,55.12
12.803275892607308,656,560,2.18,9.25,3286.10
12.804361365814392,771,175,47.65,189.27,138.89
12.805297925510118,278,985,7.98,32.46,123.48
12.805358178109024,31,797,3.34,13.72,28.11
12.806134728858318,672,722,0.08,0.31,218.75
12.806886449874776,356,869,2.14,8.76,116.64
12.807314081690498,76,22,12.80,53.44,1046.07
12.808049779772668,678,555,130.38,524.34,257.41
12.80940448969671,43,882,4.98,21.74,29.81
12.809512662706661,75,633,14.82,63.06,56.48
12.810309653593592,667,542,0.11,0.31,23.91
12.812685611078027,761,8,11.27,47.77,145.00
12.812944305869822,512,855,4.02,15.60,1413.60
12.813640768055048,413,130,15.68,61.57,4883.50
12.814107300662798,473,390,17.31,69.70,80.80
12.816370977894552,983,98,10.59,43.49,225.08
12.82089589505585,244,477,3.61,13.98,702.53
12.821646178378629,466,855,10.89,41.73,1424.49
12.821776836624865,240,560,17.42,70.96,3303.52
12.822080374414622,722,97,44.10,174.65,116.71
12.822756571552794,798,22,9.69,38.56,1055.76
12.824408289735782,912,397,14.81,57.61,287.79
12.82701876902267,217,705,10.67,42.51,579.20
12.829049629528603,126,901,12.11,48.98,119.68
12.829386101909469,400,199,10.51,44.31,139.89
12.83266098623992,131,734,3.49,14.33,296.24
12.833113860632212,200,411,30.49,124.60,151.09
12.834743303194111,914,831,0.04,0.08,371.06
12.835300663357007,830,666,2.57,10.13,22.65
12.835743096588327,323,259,17.62,71.02,974.23
12.836074570306572,405,480,0.38,1.37,239.16
12.837583099127484,536,54,20.77,84.07,30.07
12.83904633315428,137,374,3.32,13.51,790.28
12.839570133829897,799,695,5.04,20.71,35.16
12.840788745129492,387,678,1.39,5.37,525.73
12.84116273302679,640,235,7.29,27.74,21.00
12.841697889730144,31,861,2.79,10.93,472.39
12.84258939042044,914,861,0.01,0.07,472.40
12.842873318840926,612,22,0.18,0.96,1055.94
12.846942945626079,189,873,13.29,53.62,493.95
12.84729269465342,882,655,5.59,24.22,118.90
12.847341155238706,584,560,5.91,23.76,3309.43
12.847741813509646,230,419,5.36,24.42,75.77
12.848137990863355,490,740,6.45,26.46,54.12
12.848952458761516,340,486,15.93,63.86,404.71
12.850217262896015,143,435,25.81,102.55,618.42
12.85067561765006,85,108,30.28,119.88,2853.11
12.85104582982092,417,872,6.22,24.52,123.71
12.851331789019996,904,813,2.64,10.33,8.32
12.851461174129161,533,641,4.67,18.05,11.88
12.853356126105956,109,788,4.62,19.10,46.18
12.853409026327963,404,130,0.05,0.15,4883.55
12.85625825877473,992,635,3.10,11.23,42.05
12.85816414585705,816,395,10.38,42.78,33.86
12.859166112654666,936,560,1.30,5.74,3310.73
12.860320975804303,944,971,16.69,67.22,394.36
12.862173862198667,968,85,5.41,21.86,125.29
12.862457984222141,45,319,1.71,5.79,39.60
12.862489481606561,452,771,28.25,112.55,217.52
12.864494147153243,376,351,0.36,1.77,87.24
12.867672047472785,506,177,34.02,134.04,37.03
12.867846476631167,823,656,11.70,45.77,20.95
12.868515361081561,579,381,12.41,53.35,14.75
12.87222672422973,722,766,34.98,139.67,748.04
12.872269348100847,366,406,5.20,22.58,218.30
12.873100088606177,284,130,28.97,113.94,4912.52
12.876216504666852,207,622,8.97,36.32,15.54
12.87652848785467,638,22,6.63,25.66,1062.57
12.87691055507749,262,249,13.04,51.71,174.68
12.877977712978863,231,187,16.66,65.70,698.28
12.881959282277563,67,811,7.19,28.82,41.85
12.882457010592532,791,419,8.04,33.81,83.81
12.883148492618702,866,33,40.80,158.62,215.07
12.885017399881601,666,450,4.63,18.02,95.16
12.888837179177209,691,579,14.02,58.52,67.37
12.889117823339166,502,538,0.16,0.45,140.79
12.889172480074393,525,663,5.12,20.34,106.05
12.890899200137651,911,592,2.88,10.79,270.29
12.891148651525667,527,932,0.03,0.18,38.57
12.891632878693978,436,65,11.02,45.92,206.78
12.89175572179776,179,675,5.73,24.63,210.74
12.893621084215447,319,948,7.92,31.68,15.32
12.894036493606722,104,439,2.96,11.17,184.33
12.895508417772474,527,215,0.05,0.13,50.13
12.898280692251715,975,573,2.92,12.10,72.82
12.899691463212369,562,267,13.03,51.41,570.70
12.901281624898498,228,802,36.40,148.10,44.68
12.90143737720613,157,560,12.79,51.09,3323.52
12.904530027595154,994,866,1.36,4.88,159.98
12.904691680553334,794,779,25.69,103.16,66.10
12.907722829091819,417,383,4.83,19.69,839.71
12.908328273240961,710,996,2.90,11.77,62.27
12.908821230607382,994,913,1.01,3.87,17.42
12.909311785855074,946,861,2.71,11.55,475.11
12.909981501713991,355,383,7.86,33.29,847.57
12.911542362359581,251,954,13.42,51.60,65.18
12.913548372183726,912,607,10.98,46.63,57.40
12.914085474218346,464,972,21.19,82.44,339.20
12.917651909316003,976,714,4.80,18.67,40.85
12.917721298088471,998,97,1.26,4.48,117.97
12.91976275875251,550,135,8.78,33.56,56.56
12.920692829994623,911,665,2.47,8.32,91.78
12.921135419099219,82,130,11.18,44.58,4923.70
12.921734518372041,861,855,93.68,381.43,1518.17
12.922323972571595,432,855,0.44,1.74,1518.61
12.922373257368514,473,949,14.50,55.20,129.30
12.922415598054954,2,569,2.03,7.38,108.14
12.922463614438525,948,953,3.01,12.31,261.98
12.923139885111501,966,560,0.91,3.68,3324.43
12.923658400045616,564,460,16.08,63.16,55.45
12.923693092662894,366,324,4.50,18.08,22.17
12.924890054706871,661,130,6.78,27.02,4930.48
12.928177525351042,145,752,6.36,25.27,162.48
12.928689505945554,493,65,22.43,89.71,229.21
12.930528158999037,663,582,21.54,84.51,61.08
12.936913430896828,692,296,13.67,52.96,15.46
12.936980616378293,385,335,0.10,0.60,60.59
12.937185680304726,40,895,12.37,47.80,18.68
12.93773130424273,446,413,8.04,27.48,69.61
12.937982240284125,748,26,11.07,42.91,206.54
12.93812648030049,358,81,15.07,63.05,206.99
12.938478865448937,462,43,2.72,10.31,24.46
12.938852785995707,889,603,3.24,12.63,102.50
12.939921626439226,775,578,2.74,10.48,544.30
12.940485106841814,75,557,12.45,50.61,85.49
12.940897989805299,0,129,48.83,200.48,1324.04
12.943023166187395,1,117,6.33,26.16,39.17
12.943295449554274,223,384,1.49,7.00,269.38
12.944337221502735,301,947,32.43,127.99,368.06
12.944577828690399,235,7,4.33,16.67,76.98
12.94509712790011,672,311,0.08,0.23,345.86
12.947022044597654,137,890,2.76,10.75,30.26
12.94703495220503,532,618,15.89,63.69,1559.68
12.94735832951088,300,547,2.53,10.56,180.16
12.947971407536311,471,228,4.46,17.35,152.56
12.948128835793906,387,108,1.06,4.31,2854.17
12.950187646313177,906,478,26.99,109.41,51.28
12.950408781821702,160,335,7.73,28.76,68.32
12.953647472126383,630,998,11.58,48.35,16.06
12.954655312936424,338,451,9.93,38.29,37.89
12.955723523222971,288,402,8.36,30.94,720.19
12.956613546073704,409,306,0.13,0.58,56.98
12.959132431643967,613,383,0.17,0.69,847.74
12.960116963669517,66,190,3.07,11.55,7.99
12.962047465384323,809,855,0.00,0.00,1518.61
12.96242319759696,151,149,11.08,44.87,333.23
12.962957610344773,377,753,42.38,167.82,76.30
12.96741335741382,100,632,7.11,31.22,97.75
12.967760146850134,346,416,3.58,15.27,109.32
12.96807818655053,840,309,12.75,50.22,292.07
12.968195246172284,136,130,0.84,3.82,4931.32
12.968368276673317,845,74,4.58,18.25,120.26
12.969452573997353,799,771,4.29,16.42,221.81
12.97036556744311,828,503,33.00,132.41,149.69
12.970405611600853,404,187,0.01,0.14,698.29
12.971298517025371,889,128,2.54,10.09,117.67
12.971314945237049,46,747,12.54,48.97,71.68
12.971408031583225,874,664,11.60,45.92,110.90
12.971498342179878,579,480,13.52,53.85,252.68
12.972039510518997,753,13,15.67,60.63,295.18
12.972420951675318,428,953,16.61,66.56,278.59
12.973626652898899,390,275,15.88,64.92,77.00
12.97529182496242,143,950,20.35,82.20,157.55
12.976194848764717,651,618,1.84,7.10,1561.52
12.976352318768908,656,393,4.11,16.84,10.96
12.97689278532369,114,468,49.71,197.58,283.16
12.97769315448276,177,108,7.47,29.56,2861.64
12.978219763990015,800,406,3.18,13.00,221.48
12.978351392368172,232,846,1.64,6.41,51.21
12.978424727009045,913,233,3.40,14.02,37.44
12.978622595584017,731,159,13.38,55.65,73.60
12.978661727534364,929,174,5.61,23.48,139.24
12.978672317739752,960,377,2.79,11.64,170.61
12.979564170012624,503,456,30.43,119.26,32.92
12.979595138415455,5,949,0.35,1.68,129.65
12.980216973769501,444,876,2.96,12.72,8.76
12.981093897517903,169,108,0.60,2.18,2862.24
12.984043398138658,620,451,1.50,6.43,39.39
12.985435771164616,564,759,12.90,50.26,114.97
12.986470673229798,746,820,13.27,53.95,180.80
12.98717196887345,608,430,4.29,15.99,265.43
12.988156112478888,489,193,3.97,16.94,159.04
12.98909838854748,946,62,2.41,9.14,37.07
12.98929013454685,404,964,0.03,0.11,10.06
12.989421748395888,502,941,0.07,0.38,14.76
12.992922235889406,579,108,10.95,42.90,2873.19
12.994134328924963,728,560,15.85,58.75,3340.28
12.994494181572945,221,466,3.21,13.25,44.94
12.996334183523867,974,913,8.37,32.68,22.39
12.998614019397078,191,334,4.33,18.92,324.19
13.00274094557749,31,477,2.27,8.66,704.80
13.002773899488348,329,629,5.02,20.65,21.43
13.003030934128613,601,536,3.97,15.14,88.04
13.004744590828464,519,384,4.78,18.87,274.16
13.00493396469152,340,861,13.11,50.75,394.54
13.00582615717917,773,339,21.71,84.10,47.45
13.006475221799937,445,669,11.69,47.22,202.35
13.006976664102774,980,560,5.04,20.99,3345.32
13.011085043973916,246,809,9.93,39.23,9.93
13.012245542575224,611,854,3.97,14.98,199.21
13.0127283224374,427,285,7.14,28.53,179.92
13.012931213561362,330,175,6.14,25.43,145.03
13.013387202248973,201,517,4.82,17.60,245.71
13.015261505682373,800,270,2.54,10.46,346.50
13.022744556492826,294,507,2.25,10.13,29.74
13.023102143688892,725,185,14.91,58.65,43.48
13.023546654181425,913,84,4.30,18.09,971.29
13.024512383680474,162,123,16.46,66.40,60.94
13.026257295941953,333,114,17.97,74.18,215.55
13.026679598224542,784,114,3.98,15.17,219.53
13.028722753313287,911,113,1.62,6.70,129.48
13.029196831411037,200,134,24.92,99.68,1050.32
13.030112637717734,446,560,5.47,22.01,3350.79
13.030197312242898,845,797,3.67,14.58,31.78
13.03046262780447,409,205,0.20,0.38,51.31
13.030961659782905,687,637,0.01,0.11,88.12
13.0317453046177,687,379,0.01,0.10,4.74
13.03215659938194,826,708,9.69,39.38,104.49
13.0330129677314,845,560,2.77,11.81,3353.56
13.033139904552403,380,83,4.60,18.15,160.53
13.038131435561523,878,865,5.00,20.49,48.14
13.038371938968357,224,931,12.66,51.37,81.44
13.03980304130782,911,93,1.36,5.34,31.55
13.041632100276107,638,108,5.15,20.51,2878.34
13.042748809484035,40,108,9.61,38.19,2887.95
13.04317005602917,224,872,9.92,41.45,133.63
13.046251127114763,511,267,2.09,7.83,572.79
13.046512896100069,131,248,2.83,11.50,117.72
13.047114131251211,526,31,0.15,0.94,8.81
13.04864914200819,665,129,18.57,73.21,1342.61
13.049760516330888,611,259,3.08,11.90,977.31
13.05165883621057,998,299,3.13,12.93,46.50
13.052059225988623,718,633,13.40,54.36,69.88
13.052279851635411,784,949,2.90,12.27,132.55
13.052673934605021,169,895,0.48,1.70,19.16
13.05306900170153,385,292,0.17,0.43,78.16
13.053874760712633,672,387,0.06,0.17,4.37
13.053980242917833,852,259,6.05,25.06,983.36
13.054899495812053,113,134,26.27,103.21,1076.59
13.055683954127536,245,209,3.58,13.18,61.99
13.055815035503453,961,654,4.66,17.56,337.20
13.056278105575853,755,130,19.12,73.27,4950.44
13.057836147931898,926,855,15.13,61.28,1533.74
13.058931490955272,532,292,13.08,50.61,91.24
13.059025104371354,13,193,59.95,235.23,218.99
13.0598277119394,385,134,0.12,0.31,1076.71
13.063277837029307,630,785,9.91,38.44,161.88
13.064958533369031,375,521,47.22,188.02,141.04
13.067803886920077,965,242,5.14,20.01,74.08
13.067949782264819,129,685,268.73,1073.88,295.67
13.068648616784595,548,637,2.99,11.84,91.11
13.068792508656058,586,355,20.76,84.00,54.05
13.069027583752092,612,74,0.16,0.80,120.42
13.069232851547294,893,910,19.53,75.30,30.56
13.069776823675271,512,556,2.97,12.63,189.71
13.07340091531909,338,748,7.52,30.77,50.43
13.07340236185761,444,279,2.83,9.89,37.96
13.074635734793345,63,422,9.79,38.85,105.00
13.074771959328885,540,796,0.77,2.95,106.67
13.07705608742112,579,730,8.55,34.35,234.95
13.078755767028584,904,872,1.92,8.41,135.55
13.080009444836087,377,108,33.68,136.93,2921.63
13.081555929059306,634,664,136.73,551.06,247.63
13.083023318067124,292,140,18.05,73.19,115.15
13.083183497374133,291,831,8.75,34.55,379.81
13.08730183101192,260,499,7.60,29.26,268.33
13.08782234767686,710,83,2.14,9.63,162.67
13.090021727107194,587,270,28.35,119.33,374.85
13.090324555075233,105,134,7.64,30.96,1084.35
13.09166357672801,582,920,13.21,47.87,112.61
13.092398623675818,882,693,4.67,19.55,80.13
13.092530278151855,409,847,0.05,0.33,32.32
13.09276603096708,717,130,16.65,70.00,4967.09
13.093040202797743,761,712,9.56,38.21,692.26
13.094823755264983,292,13,14.63,58.56,249.86
13.095487323357712,784,216,2.63,9.64,70.75
13.095741441018927,202,705,13.41,56.88,592.61
13.09727827491465,841,282,7.15,26.78,77.65
13.099716638238842,921,252,4.31,17.77,77.02
13.100001390923776,404,303,0.03,0.08,46.56
13.100216742175752,268,487,69.95,280.46,213.06
13.101088211312799,289,947,42.29,172.94,410.35
13.101510498429207,103,383,8.52,31.77,856.26
13.101720997852727,982,89,6.95,27.87,32.97
13.105102614347214,71,34,16.17,61.90,38.48
13.105663744202998,387,330,0.97,3.40,26.40
13.107507019659419,142,952,4.95,19.97,169.05
13.108422062132403,591,129,6.04,23.69,1079.92
13.108658909608357,699,568,29.63,116.84,66.38
13.109751296617947,63,74,7.51,31.34,127.93
13.11012957693104,730,477,46.87,188.08,751.67
13.111869888167464,837,727,0.18,0.53,124.70
13.112064860639295,696,130,2.21,10.09,4969.30
13.11348856102154,606,631,59.55,238.22,132.50
13.11366103987478,667,787,0.05,0.26,93.35
13.114063029080818,433,259,5.14,20.74,988.50
13.115558932249805,29,162,2.73,9.82,69.13
13.11564901361381,543,600,0.13,0.82,151.32
13.115819620405787,409,130,0.11,0.22,4969.41
13.116594589016845,314,636,22.01,88.16,50.66
13.11677585505855,369,665,4.17,16.57,77.38
13.117562922348577,536,470,18.43,69.61,100.35
13.119987277450711,338,538,6.37,24.40,147.16
13.12072741675039,87,589,10.99,44.13,102.32
13.121132319176283,312,108,5.42,19.66,2927.05
13.122136667782135,630,540,7.56,30.88,10.51
13.12343916289672,430,162,53.42,212.01,122.55
13.12352025218007,938,419,8.62,34.24,92.43
13.123840602400627,653,458,2.32,9.23,83.76
13.12504210421434,781,130,4.65,19.29,4974.06
13.125747507340803,320,171,1.94,7.87,152.60
13.126055022503705,341,48,18.04,73.86,93.05
13.127616494659943,682,750,9.92,38.80,55.98
13.128129432603114,201,359,3.46,14.14,22.73
13.130106161046816,667,28,0.09,0.17,34.77
13.130564329453069,142,145,3.65,16.32,28.92
13.131048162590941,470,694,20.17,80.18,27.18
13.131233087768013,931,821,16.14,65.30,62.55
13.132344612283468,602,974,4.18,16.76,36.86
13.134068950078314,959,655,12.71,50.32,131.61
13.134675145598163,779,130,12.99,53.11,4987.05
13.135294718880358,912,749,9.42,37.21,16.61
13.136670088295025,100,235,6.07,25.15,22.74
13.13811419334239,427,543,5.62,22.91,6.44
13.13830708740608,190,713,1.67,6.32,30.72
13.138923103585233,527,645,0.00,0.13,2.11
13.139600685564849,109,222,3.83,15.27,48.38
13.140266743319183,975,228,2.62,9.48,155.18
13.140403508562706,495,300,6.43,23.07,16.99
13.140456807589155,631,130,25.83,106.67,5012.88
13.1407643826835,784,861,1.78,7.86,396.32
13.141168089409389,27,955,8.08,31.46,107.67
13.14144942772776,764,50,0.39,1.15,148.40
13.141883109313131,275,732,15.07,61.93,90.23
13.142224748004796,31,855,1.77,7.04,1535.51
13.147290589301223,875,1,18.44,75.07,44.60
13.148245916949325,479,987,13.87,54.62,106.36
13.148314896778194,779,794,10.42,42.69,113.58
13.149255167153163,60,166,29.68,122.01,90.44
13.14944528930806,560,400,670.37,2683.19,714.68
13.15036101763649,232,654,1.09,5.32,338.29
13.150489424927477,346,578,3.02,12.25,547.32
13.15143707900597,613,114,0.11,0.58,219.64
13.151445747902242,79,146,12.05,49.59,202.64
13.151629817063068,658,108,15.43,60.29,2942.48
13.152457994628916,902,285,16.04,65.91,195.96
13.15348870083867,341,560,15.20,58.66,2698.39
13.153668553187254,409,488,0.03,0.19,108.33
13.154499362215423,687,285,0.01,0.09,195.97
13.154516758753005,809,284,1.94,7.99,115.88
13.154885024181645,486,592,80.21,324.50,350.50
13.158226540990308,111,816,9.72,36.60,52.50
13.158557104873548,604,480,0.40,1.19,253.08
13.161557054218008,360,855,45.88,179.94,1581.39
13.162658125785143,985,988,25.43,98.05,386.14
13.165691223126828,547,949,35.58,144.58,168.13
13.167968710619224,699,639,24.32,92.52,134.01
13.170247877641467,602,267,3.08,13.68,575.87
13.172254017445077,672,130,0.02,0.15,5012.90
13.172349166263924,177,712,5.83,23.73,698.09
13.172855561421406,7,855,15.55,61.43,1596.94
13.173007317746263,874,333,8.77,37.15,82.95
13.174788448011672,73,149,29.78,121.06,363.01
13.176503989379713,613,437,0.14,0.44,82.19
13.179621755503646,938,73,6.70,27.54,127.76
13.180678311686036,899,119,9.97,42.19,115.00
13.181249428994695,707,114,11.81,47.33,231.45
13.186019621264435,651,962,1.44,5.66,32.92
13.186432587370755,869,578,23.58,93.06,570.90
13.188658417054322,154,778,20.63,83.36,69.70
13.188729462731535,784,384,1.31,6.55,275.47
13.189086528492316,681,831,16.39,70.07,396.20
13.192196982504708,716,855,9.28,36.64,1606.22
13.192281987720357,375,130,38.23,149.79,5051.13
13.192685590892815,812,354,0.37,1.03,80.40
13.192752201358923,322,336,9.71,39.71,41.16
13.1928591431872,699,222,18.81,73.71,67.19
13.193222769455726,628,760,0.67,2.69,21.42
13.194380878369147,334,65,63.44,260.75,292.65
13.195212252227716,319,902,6.13,25.55,72.04
13.19656073620144,624,56,0.12,0.48,108.62
13.196596853060337,845,705,2.47,9.34,595.08
13.197397403129678,584,705,4.66,19.10,599.74
13.197530165961167,200,804,19.64,80.04,55.91
13.198458591562577,667,775,0.03,0.14,10.51
13.199194192090726,409,399,0.04,0.15,11.38
13.199559980660988,566,146,3.24,13.15,205.88
13.199799617405592,865,491,9.73,38.41,59.01
13.201505669572821,637,739,18.50,72.61,211.26
13.201902490897185,527,263,0.01,0.12,328.30
13.202922193026037,794,353,22.29,91.29,34.55
13.202939486883466,382,560,3.62,14.05,2702.01
13.20495143982932,99,682,0.01,0.08,38.81
13.205532095694897,409,710,0.02,0.13,9.65
13.206811748588752,603,708,20.45,82.05,124.94
13.20689918424253,420,701,10.40,43.16,601.42
13.207265908207615,246,896,7.28,31.95,110.44
13.209600078980838,491,378,11.69,47.32,70.80
13.209633229974525,436,459,9.11,36.81,48.18
13.21290064549928,905,560,8.75,34.31,2710.76
13.21298098109577,49,83,15.51,62.79,178.18
13.213364426150186,667,734,0.02,0.12,296.26
13.214989577481992,784,861,1.49,5.06,397.81
13.215479409198363,158,524,12.13,46.61,107.69
13.215656825849159,404,447,0.03,0.05,75.25
13.216006519604031,467,371,0.18,0.91,273.32
13.21606904284419,884,22,16.21,65.39,1078.78
13.21688143230966,995,130,17.42,69.98,5068.55
13.21710277785737,41,828,10.79,43.76,143.20
13.217382398113973,441,580,10.53,42.93,183.77
13.218944028695361,603,601,16.17,65.88,31.31
13.219799522163692,375,653,30.36,119.43,39.59
13.220543977506592,681,130,13.88,56.19,5082.43
13.220749332868591,620,402,1.28,5.15,721.47
13.225041348987494,409,248,0.02,0.11,117.74
13.22580381711539,200,134,16.35,63.69,1100.70
13.227284177827666,496,877,15.46,63.48,115.83
13.22800398443887,719,796,6.34,24.50,113.01
13.231089479527519,565,438,17.80,71.62,101.46
13.233575057191777,260,118,5.45,23.81,120.97
13.235605772688405,194,766,22.16,90.15,770.20
13.237584267761747,635,70,8.05,34.00,161.14
13.238055490788204,863,912,9.59,39.34,46.80
13.238884431157455,390,270,13.03,51.89,387.88
13.242809009165697,707,618,9.84,37.49,1571.36
13.243761520175697,404,548,0.01,0.04,11.85
13.244491326981528,670,358,19.34,76.97,82.39
13.245502297941899,411,357,30.20,120.89,37.76
13.248012682097153,615,637,10.24,38.96,82.85
13.248793763188827,95,65,13.47,54.65,306.12
13.249439905907058,932,458,7.57,31.00,91.33
13.249792060823687,864,854,10.86,44.61,210.07
13.25091539615153,166,65,17.90,72.54,324.02
13.250972031048654,822,270,19.25,74.21,407.13
13.251206914844754,934,349,9.97,39.08,114.18
13.251250903978548,824,560,11.29,47.62,2722.05
13.251317046658277,613,122,0.08,0.36,100.97
13.251401086377124,998,318,2.93,10.00,187.26
13.253885679805876,914,712,0.00,0.07,698.09
13.255762276153245,420,108,9.08,34.08,2951.56
13.257000982878957,446,950,4.42,17.59,161.97
13.257124852655494,409,116,0.04,0.07,29.38
13.25900299703136,812,977,0.18,0.85,171.18
13.261256339678106,998,543,2.15,7.85,8.59
13.261404153201516,166,950,14.30,58.24,176.27
13.26355697935294,215,438,10.42,39.71,111.88
13.264008213938077,407,477,0.66,2.59,752.33
13.264431195044594,628,259,0.55,2.14,989.05
13.264800293506108,299,127,9.34,37.16,79.55
13.266550549048588,177,517,4.79,18.94,250.50
13.268982004990301,528,374,9.25,36.95,799.53
13.269746481580325,980,388,4.50,16.49,164.68
13.269773221333473,513,582,24.75,101.14,72.62
13.270913892382877,573,130,14.85,57.97,5097.28
13.271555735828088,577,855,14.59,59.01,1620.81
13.273296660553362,989,538,3.91,14.82,151.07
13.273752588992744,404,411,0.03,0.01,120.92
13.277791289691963,672,579,0.02,0.13,34.37
13.278011949505656,376,130,0.44,1.33,5097.72
13.278672920890255,687,618,0.00,0.09,1571.36
13.279552493623427,401,481,0.58,2.26,45.31
13.27967383857079,341,734,12.18,46.48,308.44
13.28103008478663,299,560,7.58,29.58,2729.63
13.281973027848625,23,398,0.70,3.27,25.29
13.282120587802028,355,300,10.88,43.17,27.87
13.28453167804482,505,998,5.65,22.71,13.50
13.284805525086135,61,184,14.05,58.24,33.43
13.28509989077695,980,522,3.30,13.19,123.29
13.285538733456036,747,16,14.08,57.60,72.92
13.285686022717924,849,726,0.48,1.96,50.25
13.287526660559339,759,272,22.01,92.96,109.44
13.287586115391996,456,112,6.23,26.69,46.63
13.287751835371889,303,286,9.37,37.19,88.42
13.28881401835429,799,615,3.22,13.20,42.18
13.291604090393104,526,595,0.17,0.77,131.09
13.292481233455188,130,420,1021.06,4076.66,1055.14
13.2928696987496,177,359,3.91,15.03,26.64
13.293137507915072,966,691,0.74,2.94,59.26
13.294725133329115,30,460,5.82,21.35,61.27
13.295887185989034,677,108,8.25,31.37,2959.81
13.296535529995957,907,419,15.94,61.29,108.37
13.298481789189939,409,908,0.02,0.05,58.24
13.298819862761503,654,963,68.18,270.11,182.99
13.299677633769841,456,130,5.20,21.49,4081.86
13.301225702271115,998,82,2.75,10.75,47.33
13.301654774339498,779,672,8.88,33.81,9.01
13.302601124343136,5,873,0.30,1.38,494.25
13.302930761439196,749,372,3.26,13.35,9.62
13.303287074342258,593,829,11.78,46.93,225.47
13.305469650622472,980,341,2.82,10.37,49.30
13.306086287253525,141,562,22.67,90.01,74.08
13.30648736845775,342,560,10.72,43.03,2740.35
13.308608132581558,193,919,43.87,175.12,296.18
13.308648314253311,551,108,11.55,44.63,2971.36
13.309138429422756,741,108,11.18,43.23,2982.54
13.309226634555545,872,504,27.65,107.90,66.46
13.310319553058216,881,773,5.42,20.62,89.52
13.312577166577821,25,611,8.12,31.87,20.02
13.312886961925695,251,855,10.35,41.25,1631.16
13.312962606157678,6,501,32.86,135.72,228.75
13.313082528927156,177,872,3.42,11.61,111.32
13.314522373332322,86,824,7.29,28.28,54.91
13.31521848977363,407,855,0.38,2.21,1631.54
13.317074796101915,613,177,0.03,0.33,11.64
13.317260341690279,737,855,3.19,13.92,1634.73
13.317527225685843,786,855,5.09,19.88,1639.82
13.317993038430364,398,517,5.28,20.01,255.78
13.318691854262084,965,406,4.19,15.82,225.67
13.318954846562416,137,143,2.14,8.61,84.34
13.3194385176997,998,430,2.12,8.63,214.13
13.32027169933198,547,855,27.77,116.81,1667.59
13.321185370612042,223,888,1.35,5.65,183.44
13.32307765810693,742,383,0.64,2.94,856.90
13.326225368019207,184,9,6.75,26.68,34.62
13.330189326177072,375,617,24.19,95.24,314.44
13.330500226637932,539,736,15.73,64.75,190.02
13.33214135616008,998,371,1.83,6.80,275.15
13.333167239258977,957,624,12.37,48.17,12.85
13.333270099997074,264,53,2.53,8.92,98.25
13.3335225533221,815,781,9.84,40.01,29.13
13.3344271027471,384,6,54.64,220.83,190.36
13.335723299290358,870,430,2.27,8.86,216.40
13.336399952640857,310,866,9.99,42.12,169.97
13.33651065419991,874,259,7.36,29.79,996.41
13.337261903011369,561,835,18.75,72.39,67.99
13.337793245316254,983,909,8.51,34.98,148.34
13.339731919210095,643,846,6.61,24.80,57.82
13.33995271912919,207,740,7.17,29.15,61.29
13.341856714699079,12,141,5.72,22.48,95.73
13.343529280792284,948,573,2.69,9.62,60.66
13.344219046153494,31,592,1.48,5.56,351.98
13.34528684440705,782,111,22.74,90.04,59.34
13.345778576994213,636,364,10.31,40.35,97.91
13.345810055183344,104,954,2.10,9.07,67.28
13.346032627038742,193,344,34.64,140.48,227.46
13.346055296590004,367,263,3.82,15.93,332.12
13.350140299916077,370,595,7.12,27.93,138.21
13.350868767643782,183,679,17.33,68.73,73.46
13.351525662894689,801,581,8.97,39.35,31.80
13.352163967811542,142,701,3.16,13.16,604.58
13.352188278728395,956,422,1.59,6.60,106.59
13.35348156908791,812,988,0.21,0.64,386.35
13.353862299342598,100,134,4.80,20.35,1105.50
13.354039765514392,446,101,3.49,14.10,46.22
13.354556093516898,742,854,0.57,2.37,210.64
13.355099115118096,404,970,0.00,0.01,15.33
13.35951295669203,304,487,16.72,69.54,229.78
13.360667520878307,673,855,2.72,10.56,1670.31
13.361738991397278,306,339,11.29,45.69,58.74
13.364982908856872,639,248,25.97,108.04,143.71
13.36583846118421,109,712,3.33,11.94,701.42
13.367899640115741,158,267,9.51,37.10,585.38
13.369833731295046,808,576,15.78,61.63,19.94
13.370446613028824,456,647,4.52,16.97,66.05
13.37070245375276,894,497,8.75,34.61,70.61
13.370859404502532,347,516,5.04,20.71,33.22
13.374173287821701,259,314,199.84,796.57,288.00
13.375364753993727,131,634,2.22,9.28,553.28
13.37688006923063,331,560,11.84,45.44,2752.19
13.37915110641201,527,97,0.01,0.11,117.98
13.379570742377355,104,675,1.76,7.31,212.50
13.37968296982066,994,108,0.77,3.10,2983.31
13.379788248735732,700,130,17.54,67.20,4099.40
13.37983562001785,511,108,1.72,6.11,2985.03
13.380622433662031,231,414,13.14,52.56,59.40
13.38112407148329,221,65,2.86,10.39,326.88
13.383819948713615,610,385,5.16,19.12,5.47
13.384859342528088,390,267,10.23,41.66,595.61
13.386962117523609,184,130,5.45,21.23,4104.85
13.388166804059733,784,108,1.02,4.04,2986.05
13.388571410665836,201,357,3.09,11.05,40.85
13.38963731463128,679,801,14.25,59.21,53.60
13.390316942413023,348,560,7.59,29.42,2759.78
13.391700848158973,365,428,10.26,40.51,76.82
13.392293581425564,404,240,0.00,0.01,70.96
13.392442107272958,690,477,7.92,32.52,760.25
13.39456749060277,33,406,42.42,172.65,268.09
13.39509770229196,56,611,21.68,86.94,41.70
13.396372413423242,853,816,2.29,8.69,54.79
13.396418173083491,946,694,1.83,7.31,29.01
13.398704025725639,28,377,6.69,28.08,143.62
13.398752069435846,857,621,5.72,22.06,91.63
13.401908461868159,938,289,5.45,22.09,178.39
13.402498895810993,445,600,9.79,37.43,161.11
13.4026230949822,766,278,152.41,617.79,184.87
13.402904730169087,574,919,1.46,6.96,297.64
13.404501413411953,200,929,12.88,50.81,36.36
13.404597427702274,181,578,7.21,29.76,578.11
13.406692488413348,942,259,7.62,29.88,804.19
13.407926035803808,837,411,0.15,0.38,121.07
13.408296849243595,271,700,15.94,62.07,83.14
13.409805065607816,11,130,2.56,10.15,4107.41
13.410135140256017,358,855,16.82,65.57,1687.13
13.411516822679133,15,21,5.16,18.98,81.43
13.412811421242889,134,958,220.66,884.84,307.81
13.41292303073534,622,499,3.18,12.36,271.51
13.413208398155776,934,982,7.71,31.37,35.58
13.413837509754483,118,930,23.79,97.18,112.24
13.413927969286336,797,560,6.38,25.40,2766.16
13.415662094358732,773,319,17.52,72.00,43.07
13.41570175075867,592,22,70.68,281.30,1149.46
13.415839482547872,809,831,1.53,6.46,397.73
13.416437223197393,939,950,5.17,21.24,181.44
13.4168591561718,669,577,40.37,161.98,99.38
13.41722164560891,502,524,0.06,0.32,107.75
13.421141030350366,595,130,27.94,110.27,4135.35
13.423021008387702,278,130,36.54,148.33,4171.89
13.424251264933018,177,270,2.44,9.20,409.57
13.424832893734592,129,952,215.95,863.97,385.00
13.425572028900564,954,259,13.04,54.24,817.23
13.427298804377916,485,978,19.55,78.34,74.21
13.428000951191377,140,126,22.51,92.64,71.49
13.428325303012048,965,498,3.37,12.45,20.62
13.429591988126697,106,134,3.14,12.18,887.98
13.431057734890727,543,926,1.72,6.87,63.00
13.433988075838322,341,187,9.64,39.66,707.93
13.436153283064083,344,22,45.57,181.89,1195.03
13.43691952007903,409,560,0.02,0.03,2766.18
13.438152406041159,950,172,36.19,145.25,218.79
13.438925596765847,733,128,3.41,14.41,121.08
13.439769912659564,941,482,3.20,11.56,80.15
13.44044858629143,133,276,42.82,174.22,86.52
13.44583430988625,974,759,7.25,29.61,100.21
13.446074859471132,821,971,13.00,49.55,407.36
13.44675594098274,735,664,5.01,19.68,252.64
13.44874610581567,721,713,0.48,1.60,31.20
13.449473713995205,507,130,6.08,23.66,4177.97
13.449496823231133,904,855,1.71,6.70,1688.84
13.450846874020154,501,713,46.40,182.35,77.60
13.45162480010536,870,321,1.82,7.04,205.70
13.452982470241107,710,421,1.77,7.88,38.21
13.454925520069636,524,855,21.60,86.15,1710.44
13.455397381627728,667,311,0.00,0.12,345.86
13.457340540366076,299,411,5.89,23.69,126.96
13.45868042825246,241,351,9.92,38.27,97.16
13.45974112734281,524,130,16.95,69.20,4194.92
13.460859363110734,433,406,4.37,16.37,272.46
13.463828078249932,662,515,18.39,70.93,90.08
13.46419652212536,607,334,11.43,45.97,272.18
13.46744790163396,201,560,2.40,8.65,2768.58
13.467804472374612,872,592,22.90,88.42,304.20
13.46947477052844,116,594,5.98,23.40,77.97
13.470768931162443,508,411,7.46,29.46,134.42
13.472061186505318,626,843,8.50,34.53,216.93
13.47258940245115,527,578,0.02,0.09,578.13
13.472977145474847,440,65,2.87,11.43,329.75
13.473144914449234,50,284,29.15,119.25,145.03
13.47351629525691,698,501,40.87,164.69,223.22
13.474305739947454,411,985,26.68,107.74,124.73
13.474541367922226,245,781,2.66,10.52,31.79
13.475755373895678,195,108,8.50,32.55,2994.55
13.47692093823544,230,602,4.73,19.69,18.41
13.478996394651949,517,373,50.86,204.92,90.33
13.479120491242526,818,618,9.60,40.27,1580.96
13.482151468156811,18,610,1.94,6.71,21.06
13.483345510175813,409,579,0.01,0.02,34.38
13.485871345218195,865,648,8.26,30.15,65.25
13.487975547440374,63,265,6.28,25.06,190.47
13.488428757965945,22,560,235.52,959.51,3004.10
13.488998294640442,648,654,13.25,52.00,283.36
13.489371250217,707,691,7.23,30.26,66.49
13.489741644852518,409,130,0.01,0.01,4194.93
13.489993736034366,63,60,5.08,19.98,127.09
13.490052638600124,998,952,1.49,5.31,386.49
13.490254813108352,171,406,30.73,121.87,303.19
13.490781269869432,574,675,1.55,5.41,214.05
13.493255831291675,297,703,21.01,83.84,54.84
13.493472032899014,861,482,79.71,318.10,159.86
13.493819186112026,218,861,0.09,0.16,318.19
13.493865778931672,400,171,144.22,570.46,266.09
13.494635269880934,63,445,3.94,16.04,41.37
13.496921077949352,598,560,1.11,4.53,3005.21
13.497250626936003,889,149,2.06,8.03,365.07
13.499294728887682,173,413,3.42,13.62,73.03
13.500925187368585,125,453,12.57,49.80,286.41
13.502744243352158,193,766,26.84,113.64,644.63
13.502955087380577,856,50,1.17,4.35,120.42
13.503533684062013,738,861,26.40,107.32,344.59
13.50466129830417,710,411,1.43,6.45,109.17
13.505616227301449,446,766,2.73,11.37,647.36
13.505736660664825,506,945,26.80,107.24,217.25
13.508338505277736,278,428,29.77,118.56,106.59
13.50853985878662,148,130,5.31,21.05,4200.24
13.5097903666627,409,559,0.00,0.01,69.85
13.510276951757278,913,923,3.22,14.87,28.35
13.51076517887136,430,804,43.00,173.40,98.91
13.512299894157785,872,950,17.59,70.83,162.84
13.51599157726783,173,383,2.69,10.93,859.59
13.517046990827764,767,82,9.04,35.47,56.37
13.517836710818981,853,578,2.07,6.62,580.20
13.518604039080891,66,515,2.40,9.15,92.48
13.518939792876742,232,690,0.99,4.33,33.51
13.519756392747645,370,618,5.83,22.10,1586.79
13.520604618875396,706,114,14.03,56.45,245.48
13.520697770771909,977,947,33.39,137.79,443.74
13.521362885171625,527,388,0.05,0.04,164.73
13.52165904848235,264,192,1.84,7.08,95.94
13.522293096264223,5,765,0.22,1.16,84.40
13.523536608873913,343,104,17.66,70.97,24.97
13.526596331482896,693,259,16.08,64.05,833.31
13.52806629359645,742,67,0.44,1.93,29.26
13.528468680948805,535,947,18.92,75.47,462.66
13.52926101523066,125,108,9.88,39.92,3004.43
13.529408206366103,520,711,11.01,42.40,52.30
13.529911441202387,870,634,1.40,5.64,554.68
13.530584021644406,44,874,0.81,3.17,30.60
13.530849017549363,445,101,7.96,33.41,54.18
13.531040853080233,834,851,3.36,12.61,211.08
13.532157437088719,207,291,6.05,23.10,40.60
13.532223983631905,667,632,0.03,0.09,97.78
13.532713605013797,303,831,7.62,29.57,405.35
13.534787529708018,99,65,0.01,0.07,329.76
13.535224882703707,17,311,46.94,190.49,392.80
13.535486324221427,94,560,18.87,73.44,3024.08
13.535574180913827,742,736,0.43,1.50,190.45
13.536067431733548,889,982,1.64,6.39,37.22
13.538444240936501,294,134,2.16,7.97,890.14
13.539816510688478,719,59,4.84,19.66,77.21
13.540558504717282,438,902,22.06,89.82,94.10
13.541384319565687,399,243,2.08,9.30,107.55
13.544605937284949,600,592,31.56,129.55,335.76
13.546651749686124,672,985,1.67,7.34,126.40
13.546765153266048,611,712,8.20,33.50,709.62
13.54790184029782,456,108,3.34,13.63,3007.77
13.55062194460801,997,251,10.03,39.88,51.28
13.552577816992859,178,190,0.77,3.41,7.09
13.555324513851605,404,634,0.01,0.00,554.69
13.555504369487485,661,649,5.64,21.38,110.34
13.561133170195768,872,519,14.46,56.37,33.33
13.5613325271297,61,799,11.51,46.73,24.71
13.563095218032721,53,762,19.96,78.29,91.11
13.565243850972292,815,130,7.67,32.34,4207.91
13.565441515607324,447,759,14.79,60.46,115.00
13.568397239421888,427,937,4.60,18.31,47.72
13.575349795621,802,817,9.07,35.61,120.25
13.57695642344323,849,413,0.51,1.45,73.54
13.578990536668575,807,130,5.57,22.09,4213.48
13.580962420144896,591,790,4.61,19.08,127.51
13.581367348754783,514,466,21.75,86.36,66.69
13.584043190919923,581,400,6.56,25.24,577.02
13.584074845129704,761,449,7.72,30.49,40.14
13.58412172017843,445,273,6.77,26.64,70.33
13.58420808133131,625,130,9.08,37.32,4222.56
13.58527270589505,155,130,4.63,18.02,4227.19
13.58569308364525,13,843,49.95,199.91,266.88
13.58605412558353,109,130,2.24,9.70,4229.43
13.59085684135106,461,634,11.84,46.16,566.53
13.592016841412958,334,904,53.74,218.44,60.44
13.593096467441068,95,9,10.71,43.94,45.33
13.594655311438915,853,306,1.23,5.39,46.92
13.59486238692815,404,855,0.00,0.00,1710.44
13.597369543726662,669,860,32.48,129.50,105.86
13.597918936309087,502,962,0.02,0.30,32.94
13.598166844514552,858,578,8.46,32.31,588.66
13.598509612996178,403,857,25.60,99.41,47.66
13.598653516124822,404,860,0.00,0.00,105.86
13.599422749724521,182,949,14.99,60.13,183.12
13.599473986823872,136,24,0.86,2.96,34.23
13.600133167813917,406,144,59.79,243.40,153.49
13.600754709162103,552,123,12.27,48.46,73.21
13.600767285511674,264,249,1.18,5.90,175.86
13.601308552537303,578,288,118.66,470.00,149.60
13.60195388938361,514,477,17.93,68.43,778.18
13.602792516600656,254,772,21.98,87.29,47.37
13.606014334936129,115,116,0.91,3.59,24.31
13.60800578149886,240,560,14.82,56.14,3038.90
13.609536004618269,226,700,5.41,20.44,88.55
13.61002473775516,921,888,3.72,14.05,187.16
13.611100307867918,91,722,0.59,2.76,140.26
13.613858993930197,789,990,5.27,20.85,42.22
13.614840443945331,959,22,9.82,40.50,969.33
13.615104026296365,813,259,1.80,6.52,835.11
13.615624460728698,456,562,2.75,10.88,76.83
13.617671141974794,710,154,1.24,5.21,84.60
13.619059501321127,614,270,46.60,191.24,456.17
13.619716798040388,698,141,33.30,131.39,129.03
13.619982920404485,450,130,19.01,76.15,4248.44
13.620993762205229,667,358,0.01,0.08,65.58
13.621793656238605,676,560,1.38,5.25,3040.28
13.622671250396833,849,732,0.33,1.12,90.56
13.623016508303694,64,130,16.72,66.79,4265.16
13.625982533311786,9,606,9.36,35.97,247.58
13.626410139535096,672,560,1.52,5.82,3041.80
13.629165601598466,278,6,23.23,95.33,213.59
13.631152036730356,611,130,6.85,26.65,4272.01
13.631656827479706,12,263,4.40,18.08,336.52
13.631951566066583,584,253,3.79,15.31,108.66
13.634031322280917,442,925,26.83,109.75,90.59
13.634777773233978,611,7,5.07,21.58,66.50
13.637598106167852,528,267,7.21,29.74,602.82
13.638129010931515,493,971,17.96,71.75,425.32
13.638587013460384,540,285,2.16,8.35,198.13
13.643024514054016,809,206,1.20,5.26,49.08
13.644778086564033,450,4,15.72,60.43,69.50
13.645202722756348,694,130,5.68,23.33,4277.69
13.645486302269735,991,84,17.21,67.45,988.50
13.64555095939922,562,759,16.13,60.70,131.13
13.649124977525224,31,771,1.00,4.56,222.81
13.649707651710383,806,891,9.83,39.15,24.43
13.650015807520067,763,108,8.46,34.05,3016.23
13.650234411372228,930,130,22.76,89.48,4300.45
13.65029423351729,125,22,7.81,32.11,977.14
13.650577041575271,660,149,16.19,61.59,381.26
13.651928628583944,623,333,7.92,29.54,90.87
13.652732346873137,763,22,6.72,27.33,983.86
13.652791847428139,652,120,1.21,4.53,75.79
13.653388196312113,862,130,90.74,362.83,4391.19
13.653821387463458,320,869,1.56,6.31,94.62
13.653921534247315,179,516,4.95,19.68,38.17
13.65589094011164,429,351,6.75,28.87,103.91
13.656761555622241,733,129,2.92,11.49,866.89
13.656862036662032,584,787,3.33,11.98,96.68
13.65698555384992,605,587,1.39,5.99,120.72
13.65703544120033,147,458,16.50,66.34,107.83
13.65814411361615,155,906,3.33,14.69,112.74
13.66043853016668,219,531,11.24,44.96,27.17
13.660521182129763,33,800,34.35,138.30,44.81
13.660611490525483,947,437,93.23,369.43,175.42
13.661741152464767,426,391,3.45,14.45,208.90
13.663649080952752,10,794,4.90,18.41,96.19
13.665712306183892,965,902,2.37,10.08,96.47
13.665744369407644,723,954,2.64,9.14,56.88
13.667111943697723,883,514,28.48,114.15,96.91
13.66801195691051,755,855,15.09,58.18,1725.53
13.670802124178904,541,85,1.33,5.62,126.62
13.671748273048692,297,698,17.46,66.38,148.85
13.672204032025727,825,248,5.70,22.29,149.41
13.672857693015168,960,41,2.38,9.26,46.14
13.67305548985674,646,594,15.70,61.33,93.67
13.673249813204833,385,486,1.21,4.26,325.71
13.673917416954282,508,441,5.60,23.86,48.53
13.674132627797128,782,130,17.90,72.14,4409.09
13.674579919698566,527,351,0.01,0.03,103.92
13.677397512606525,193,646,22.16,91.48,83.49
13.680787252093367,613,571,0.06,0.27,69.81
13.681061079744683,992,310,2.63,8.60,44.75
13.682568262952366,660,267,12.77,48.82,615.59
13.682625959803206,920,402,22.73,89.88,744.20
13.685084352377949,9,882,7.36,28.61,26.91
13.685491967398152,846,73,11.54,46.28,139.30
13.686601444397642,710,813,0.94,4.27,7.46
13.686673105726172,973,22,0.70,2.31,984.56
13.688830262829292,154,637,17.57,67.03,100.42
13.689980309912034,323,411,14.18,56.84,123.35
13.690059063392022,526,477,0.11,0.66,778.29
13.69034829713331,516,439,7.51,30.66,191.84
13.691316130018748,0,130,39.70,160.78,4448.79
13.693824920001628,297,259,12.86,53.52,847.97
13.694936677780383,613,278,0.03,0.24,95.36
13.698615541229943,741,430,8.18,35.05,181.58
13.700334170386984,818,851,8.49,31.78,219.57
13.70048491157331,179,7,3.86,15.82,70.36
13.700741788758648,295,335,5.90,23.11,74.22
13.701340533396738,812,20,0.10,0.54,169.18
13.702295910244882,172,163,44.78,174.01,77.87
13.702946203054118,566,532,2.51,10.64,53.12
13.703452563004637,924,145,11.91,47.57,40.83
13.70348448448957,193,402,18.25,73.23,762.45
13.70487175735156,857,578,9.41,38.25,479.41
13.705121236769683,404,554,0.00,0.00,15.27
13.705252126106625,885,61,10.33,38.80,57.06
13.706245345295184,419,374,21.17,87.20,820.70
13.70705206653199,220,988,3.19,12.20,389.54
13.707440915191055,483,151,14.40,60.21,59.27
13.709469282743717,434,406,7.64,29.97,251.04
13.710200880482834,466,212,13.97,52.72,97.80
13.711261791213284,52,84,4.28,15.61,992.78
13.711728461794282,932,108,5.83,25.17,3022.06
13.713973092671875,872,451,11.22,45.15,50.61
13.716616995084395,828,374,28.89,114.31,849.59
13.717616953559252,177,413,2.09,7.11,75.63
13.717742425241871,523,130,19.17,74.41,4467.96
13.718465067584187,310,645,8.94,35.81,11.05
13.71903708713074,136,114,0.69,2.27,246.17
13.719421318230632,857,985,7.53,30.72,133.93
13.719529450466451,574,108,1.15,4.26,3023.21
13.721747267329114,179,453,3.20,12.62,289.61
13.723290661480412,672,311,1.12,4.70,393.92
13.723386401777985,292,41,11.84,46.72,57.98
13.725498540452342,107,654,14.73,61.14,298.09
13.728907735408379,275,42,12.38,49.55,77.44
13.730824703999142,672,873,0.85,3.85,495.10
13.732270773063211,601,506,6.30,25.01,113.54
13.733115799036032,390,73,8.27,33.39,147.57
13.73348185156935,459,148,9.44,38.74,30.49
13.733976533113228,402,174,150.98,611.47,290.22
13.735348425973424,449,855,8.29,31.85,1733.82
13.738500830654157,966,249,0.55,2.39,176.41
13.741038484240207,313,0,4.07,15.98,164.85
13.742221361730401,8,108,29.03,115.97,3052.24
13.743694349277437,233,229,7.53,29.91,28.08
13.744905534675503,809,949,1.05,4.21,184.17
13.744983418886786,409,847,0.00,0.01,32.32
13.747267511350618,611,413,4.04,17.54,79.67
13.747663059375745,875,799,15.03,60.04,39.74
13.748177055606076,175,467,29.01,116.02,29.92
13.748601060134252,51,987,17.12,68.20,123.48
13.748907126931174,378,278,13.76,57.04,109.12
13.749679115989437,676,108,1.07,4.18,3053.31
13.751516513787005,667,477,0.02,0.06,778.31
13.751910890781222,698,17,29.23,119.62,219.72
13.756429966138297,845,65,1.93,7.41,331.69
13.756539296539223,126,61,15.22,56.27,72.28
13.756748543994247,103,705,6.55,25.22,606.29
13.757366181251587,640,413,5.38,22.36,85.05
13.757889358969862,288,563,29.47,120.13,109.60
13.75792899325615,502,723,0.04,0.26,9.18
13.759056564981677,809,108,0.79,3.42,3054.10
13.759594892843943,409,733,0.00,0.01,11.49
13.76138417554809,528,548,6.18,23.56,18.03
13.765176829104586,223,55,1.08,4.57,22.45
13.765259451127834,548,854,3.41,14.62,214.05
13.765567914875529,540,402,1.63,6.72,613.10
13.767156252594921,535,153,15.03,60.44,46.09
13.771164392690542,823,33,9.08,36.69,147.38
13.771321479081513,2,855,1.56,5.82,1735.38
13.772344093412052,642,344,13.39,51.59,195.28
13.772696099361875,998,406,0.92,4.39,251.96
13.772873330878836,837,560,0.10,0.28,3041.90
13.774091615470569,368,933,12.34,50.17,88.46
13.774276113133801,853,567,0.94,4.45,24.06
13.77613528119348,540,855,1.37,5.35,1736.75
13.77649829988159,352,713,3.00,11.10,80.60
13.779542686202237,218,468,0.05,0.11,283.21
13.780158861122365,543,34,1.58,5.29,40.06
13.780735333065072,781,169,6.46,25.33,8.16
13.781499140389466,511,647,1.30,4.81,67.35
13.78158155002049,442,119,21.65,88.10,136.65
13.782523523220698,526,579,0.11,0.55,34.49
13.783977987704034,710,934,0.84,3.43,32.21
13.784477319928977,872,240,9.25,35.90,65.39
13.78712864181724,382,113,2.90,11.15,106.11
13.787603547142057,478,678,10.58,40.70,536.31
13.787920950303974,700,532,17.80,70.75,70.92
13.788349936954333,223,75,0.93,3.64,51.54
13.788883988089184,540,259,1.07,4.28,849.04
13.78895600145825,545,265,6.86,26.90,197.33
13.789922620999933,456,73,2.16,8.72,149.73
13.790345921520906,242,855,15.14,58.94,1751.89
13.791062403574472,815,439,6.19,26.15,198.03
13.79186076126237,192,448,19.57,76.37,45.58
13.792415195162043,409,855,0.00,0.01,1751.89
13.79254550986605,405,130,0.28,1.09,4468.24
13.79526030266451,998,869,0.95,3.44,95.57
13.795267612533873,505,511,4.43,18.28,9.24
13.796163331389112,116,114,4.88,19.43,251.05
13.800474461668312,403,129,19.40,80.01,886.29
13.801009846875676,265,623,39.04,158.29,68.58
13.802150087258113,241,560,7.36,30.91,3049.26
13.803309277374373,774,300,25.76,103.38,53.63
13.804026377795925,142,665,2.62,10.54,80.00
13.804305104415986,595,168,22.50,87.77,100.60
13.80517752054016,696,486,1.90,8.19,327.61
13.805661206733257,837,600,0.08,0.20,129.63
13.805837714835635,754,137,2.63,10.21,11.24
13.806661142216738,631,522,21.71,84.96,145.00
13.807966000133694,998,560,0.73,2.71,3049.99
13.807985749000059,584,793,2.54,9.44,126.95
13.807995828337848,143,988,16.42,67.92,405.96
13.8116407149347,310,924,7.64,28.17,55.21
13.813398801740677,8,190,23.83,92.14,30.92
13.815290277495551,409,222,0.00,0.01,67.19
13.815401526872853,527,881,0.01,0.02,20.63
13.81573562350454,232,872,0.89,3.44,36.79
13.816904534546492,809,855,0.56,2.86,1752.45
13.818131881502337,710,162,0.61,2.82,123.16
13.818920951069373,571,346,14.01,55.80,26.26
13.819379180688031,105,862,6.33,24.63,369.16
13.819715071824083,763,862,5.56,21.77,374.72
13.822444522210452,757,759,10.04,38.96,141.17
13.822676373965528,495,108,4.51,18.56,3058.61
13.823679638032129,457,361,4.25,18.31,19.11
13.824231923047662,214,483,11.91,47.94,72.12
13.824305072498502,853,357,0.91,3.54,41.76
13.824328744520793,667,386,0.03,0.03,299.72
13.826781989817452,173,753,2.28,8.65,62.91
13.828230972300084,872,757,7.44,29.35,46.40
13.828257137387638,875,931,11.87,48.17,77.17
13.828633934636914,673,517,2.22,8.34,207.14
13.829688190645637,23,504,0.66,2.61,67.12
13.829894203987102,589,862,20.97,81.35,395.69
13.830925360286427,973,486,0.40,1.91,328.01
13.831316619755261,667,114,0.02,0.01,251.07
13.831412680015811,710,130,0.63,2.19,4468.87
13.832148395930478,961,383,3.36,14.20,862.95
13.83473965115009,667,245,0.00,0.01,10.52
13.834989078895678,540,113,0.88,3.40,106.99
13.836144668880305,948,501,1.81,7.81,225.03
13.83729062625501,860,276,20.98,84.88,107.50
13.838049578220195,929,688,7.77,28.59,55.80
13.838727162070743,225,108,3.76,14.50,3062.37
13.840110909185775,99,184,0.02,0.05,21.25
13.842505533955196,921,698,2.73,11.32,122.35
13.842633680204047,766,130,129.45,517.91,4598.32
13.844371120452617,667,645,0.00,0.01,11.05
13.844817684517135,363,88,28.99,115.44,157.32
13.845188630234993,347,880,3.93,16.78,33.22
13.845579562264822,667,532,0.00,0.01,70.92
13.845668463065728,501,81,45.24,179.79,252.23
13.847058073701637,243,779,21.15,86.40,54.96
13.847091342379514,384,773,43.51,177.32,115.51
13.850330345722812,350,576,25.03,101.15,44.97
13.85188837070175,667,874,0.00,0.01,30.60
13.855823080801372,672,130,0.71,3.14,4599.03
13.856838773572093,479,855,10.78,43.84,1763.23
13.857131279254528,365,468,8.32,32.19,291.53
13.857413537452798,543,560,0.92,4.37,3050.91
13.857935162623642,527,559,0.01,0.01,69.86
13.859352301795555,331,622,8.92,36.52,21.28
13.859776496784157,321,953,40.56,165.14,319.15
13.86013318198153,176,944,21.86,88.49,89.08
13.86067036061011,570,26,3.01,12.25,209.55
13.861297011004957,612,712,0.16,0.64,709.78
13.86295252104143,412,130,17.75,68.64,4616.78
13.863188663074164,449,514,6.28,25.57,103.19
13.865776599521784,425,697,11.18,43.05,19.56
13.866833895351816,131,103,1.88,7.40,27.10
13.86895285224887,912,913,9.03,37.77,23.90
13.875899453026703,197,222,5.27,19.74,72.46
13.876002256257411,526,614,0.09,0.46,191.33
13.877232708498846,751,518,6.42,26.45,25.16
13.877707062617002,831,560,81.58,323.77,3132.49
13.877970764079445,462,189,2.27,8.04,55.89
13.880380038155279,227,257,13.36,51.48,149.34
13.881504943569183,590,855,0.86,3.80,1764.09
13.882628264864996,828,195,23.43,90.88,55.98
13.882726766846792,809,509,0.58,2.28,120.19
13.885895158492895,616,961,14.42,61.51,28.62
13.88662239171646,568,872,13.27,53.11,42.62
13.887789225999482,473,806,11.21,43.99,50.36
13.891058820662824,11,284,1.76,8.39,146.79
13.891666746557988,837,114,0.03,0.17,251.10
13.893416094944694,543,228,1.06,3.31,156.24
13.89378585900848,408,259,19.75,78.83,868.79
13.893823841713989,161,785,2.06,8.89,163.94
13.89481646608567,318,831,36.46,150.80,360.23
13.894947882204104,38,855,16.26,63.10,1780.35
13.895656094150798,369,988,3.58,12.99,409.54
13.895997698817633,445,967,5.42,21.22,66.69
13.897279308293776,960,744,2.03,7.23,94.55
13.899892637173918,180,350,7.49,29.81,108.64
13.900608880075026,796,585,22.07,90.94,109.75
13.902570307483934,555,671,50.69,206.72,105.28
13.902798721474534,784,759,0.88,3.16,142.05
13.903479933445835,639,813,21.93,86.11,29.39
13.903736924575185,304,390,13.91,55.63,47.30
13.905872565562523,667,727,0.00,0.01,124.70
13.90658601637401,612,267,0.14,0.50,615.73
13.908119030710836,948,973,1.56,6.25,3.47
13.908459752974265,223,811,0.87,2.77,42.72
13.908481819241617,821,344,9.90,39.65,205.18
13.908696579777564,438,174,18.25,71.57,308.47
13.909142043453004,667,65,0.00,0.01,331.69
13.909304984369037,253,309,21.59,87.07,313.66
13.909678569023052,104,199,5.36,19.61,145.25
13.912064981015313,767,453,7.48,27.99,297.09
13.912833862068075,1,974,8.90,35.70,38.51
13.913935204030649,760,334,4.27,17.15,222.71
13.914140486700735,694,562,4.66,18.67,65.36
13.9148877329132,630,984,6.68,24.20,91.80
13.914928338044863,469,134,8.63,36.51,898.77
13.915100886071105,716,468,7.63,29.01,299.16
13.915742563935385,192,374,15.12,61.25,864.71
13.91651286373546,130,835,922.23,3694.55,990.22
13.91692190477781,630,736,4.55,19.65,195.00
13.917586462406055,215,77,8.14,31.57,32.52
13.918283731575452,310,625,5.80,22.37,43.12
13.919827186641355,930,108,18.09,71.39,3080.46
13.91997076696431,227,82,10.59,40.89,66.96
13.9204603553269,470,701,16.05,64.13,620.63
13.923369825059044,597,429,10.05,40.05,38.92
13.924184183191471,605,719,1.13,4.86,20.79
13.926624896147391,284,313,29.06,117.73,45.04
13.926714348683797,672,59,0.55,2.59,77.76
13.927789667308932,629,931,4.43,17.00,81.60
13.93036707219777,83,634,36.33,141.85,602.86
13.931083711085027,182,980,11.85,48.28,22.22
13.933763369243067,197,713,3.94,15.80,84.54
13.93490070437969,849,779,0.17,0.95,55.13
13.935214278905573,765,855,17.37,67.03,1797.72
13.936833703400717,946,22,1.53,5.78,986.09
13.937314687277707,482,477,32.60,127.26,810.91
13.938501419987398,179,311,2.57,10.05,396.49
13.939754274623372,703,89,10.84,44.00,43.81
13.940785991648216,624,374,2.43,10.42,867.14
13.941140459082675,898,108,4.09,15.35,3084.55
13.941216307171395,812,638,0.14,0.40,20.65
13.94419649779737,319,334,8.90,34.17,231.61
13.944748121028473,705,843,120.21,486.08,387.09
13.944892214346744,710,187,0.52,1.67,708.45
13.945660462931004,672,456,0.50,2.09,9.22
13.946969380873552,727,209,24.36,100.34,86.35
13.947804940638035,238,328,5.51,24.09,27.06
13.948321879738419,687,338,0.03,0.06,24.43
13.95092203897955,840,855,9.80,40.42,1807.52
13.953597359826512,181,705,5.90,23.86,491.98
13.957976700973035,197,855,3.14,12.66,1810.66
13.959323179371232,578,691,94.50,384.91,160.99
13.95942681089468,446,557,2.24,9.13,87.73
13.96112679584865,667,220,0.00,0.01,12.20
13.962633614426139,891,955,5.08,19.35,112.75
13.962958117066325,710,108,0.40,1.27,3084.95
13.96354857451444,667,431,0.00,0.01,35.03
13.963794839305304,331,560,7.44,29.08,3139.93
13.963894276662641,310,383,4.75,17.62,867.70
13.964624534557858,524,962,14.22,54.98,47.16
13.96512142194985,310,267,3.50,14.12,619.23
13.965912362798328,51,108,13.60,54.60,3098.55
13.966522213899449,456,453,1.91,7.31,299.00
13.968890696590378,536,342,13.48,56.13,56.51
13.970973430065074,517,431,41.02,166.12,76.05
13.971562040324072,117,16,8.23,30.94,81.15
13.971635153696411,373,767,18.78,71.55,46.77
13.974275917200686,475,909,12.70,49.87,161.04
13.974653941691589,99,855,0.00,0.05,1810.66
13.975024628230003,706,578,11.83,44.62,396.74
13.975172719899557,277,862,8.66,34.17,404.35
13.975632185920729,741,618,6.94,28.11,1593.73
13.975750974202077,591,130,3.60,15.48,3698.15
13.975948841777893,658,906,11.76,48.53,124.50
13.977469611343391,317,256,15.80,64.43,24.13
13.979350739007577,482,256,25.96,101.30,50.09
13.979641175990487,395,560,6.84,27.02,3146.77
13.98109544637919,231,757,10.34,42.22,56.74
13.981152615387048,466,855,10.20,42.52,1820.86
13.98121518822945,608,830,3.33,12.66,13.46
13.98125534099799,173,866,1.58,7.07,171.55
13.981695620586184,669,82,26.12,103.38,93.08
13.98267903059822,13,606,40.24,159.67,287.82
13.983287373867343,630,843,3.63,16.02,390.72
13.983362310726058,926,712,12.84,50.16,722.62
13.984123774736876,113,705,22.14,84.85,514.12
13.984459391106851,750,705,11.26,44.72,525.38
13.98470263224106,327,26,23.85,95.83,233.40
13.984888506282031,427,129,3.28,15.03,889.57
13.985177709130216,723,879,1.83,7.35,65.81
13.985718022992875,420,438,209.70,845.44,281.27
13.986334411426549,914,577,0.01,0.06,99.39
13.98686685459982,320,130,1.40,4.91,3699.55
13.98689397524505,409,766,0.00,0.01,517.91
13.987127570339645,846,87,9.28,37.00,53.41
13.987210032509811,333,297,18.48,72.39,72.00
13.988225063186,766,168,106.14,411.77,206.74
13.98882556198072,966,229,0.53,1.86,28.61
13.988895945336324,296,687,3.17,12.29,3.23
13.989555908122991,949,618,36.46,147.71,1630.19
13.98991288393936,660,560,9.68,39.14,3156.45
13.990558210723037,672,149,0.38,1.71,381.64
13.990612566198303,409,657,0.00,0.01,104.77
13.990745335744641,378,712,11.64,45.40,734.26
13.991022939041196,765,963,13.68,53.35,196.67
13.99231870761952,590,155,0.68,3.12,15.37
13.99301906369298,309,259,62.58,251.08,931.37
13.993942914852584,342,255,11.26,45.25,35.71
13.993945575239902,146,332,41.48,164.40,135.21
13.994077335980181,613,84,0.01,0.23,992.79
13.994171376190403,698,982,25.16,97.19,62.38
13.994759962108812,55,344,4.37,18.08,209.55
13.996271017423773,906,955,25.05,99.45,137.80
13.996474578564568,441,259,9.98,38.55,941.35
13.99695147228153,259,858,188.98,752.37,221.29
13.997128457050442,949,65,28.51,119.20,360.20
13.998134496032778,175,890,23.08,92.94,53.34
13.99961256730181,402,618,121.79,491.31,1751.98
14.000331173707147,613,861,0.06,0.17,344.65
